netcdf hillslope_elm4ats_tempest2d {
dimensions:
	len_name = 256 ;
	time_step = UNLIMITED ; // (0 currently)
	num_dim = 3 ;
	num_nodes = 3552 ;
	num_elem = 1650 ;
	num_face = 6725 ;
	num_el_blk = 11 ;
	num_fa_blk = 1 ;
	num_side_sets = 3 ;
	num_fa_in_blk1 = 6725 ;
	num_nod_per_fa1 = 26900 ;
	num_el_in_blk1 = 110 ;
	num_fac_per_el1 = 660 ;
	num_el_in_blk2 = 110 ;
	num_fac_per_el2 = 660 ;
	num_el_in_blk3 = 110 ;
	num_fac_per_el3 = 660 ;
	num_el_in_blk4 = 110 ;
	num_fac_per_el4 = 660 ;
	num_el_in_blk5 = 110 ;
	num_fac_per_el5 = 660 ;
	num_el_in_blk6 = 110 ;
	num_fac_per_el6 = 660 ;
	num_el_in_blk7 = 110 ;
	num_fac_per_el7 = 660 ;
	num_el_in_blk8 = 110 ;
	num_fac_per_el8 = 660 ;
	num_el_in_blk9 = 110 ;
	num_fac_per_el9 = 660 ;
	num_el_in_blk10 = 110 ;
	num_fac_per_el10 = 660 ;
	num_el_in_blk11 = 550 ;
	num_fac_per_el11 = 3300 ;
	num_side_ss1 = 110 ;
	num_side_ss2 = 110 ;
	num_side_ss3 = 3330 ;
variables:
	double time_whole(time_step) ;
	int eb_status(num_el_blk) ;
	int eb_prop1(num_el_blk) ;
		eb_prop1:name = "ID" ;
	int fa_status(num_fa_blk) ;
	int fa_prop1(num_fa_blk) ;
		fa_prop1:name = "ID" ;
	int ss_status(num_side_sets) ;
	int ss_prop1(num_side_sets) ;
		ss_prop1:name = "ID" ;
	double coordx(num_nodes) ;
	double coordy(num_nodes) ;
	double coordz(num_nodes) ;
	char eb_names(num_el_blk, len_name) ;
		eb_names:_FillValue = "" ;
	char fa_names(num_fa_blk, len_name) ;
		fa_names:_FillValue = "" ;
	char ss_names(num_side_sets, len_name) ;
		ss_names:_FillValue = "" ;
	char coor_names(num_dim, len_name) ;
		coor_names:_FillValue = "" ;
	int fbconn1(num_nod_per_fa1) ;
		fbconn1:elem_type = "NSIDED" ;
	int fbepecnt1(num_fa_in_blk1) ;
		fbepecnt1:entity_type1 = "NODE" ;
		fbepecnt1:entity_type2 = "FACE" ;
	int facconn1(num_fac_per_el1) ;
		facconn1:elem_type = "NFACED" ;
	int ebepecnt1(num_el_in_blk1) ;
		ebepecnt1:entity_type1 = "FACE" ;
		ebepecnt1:entity_type2 = "ELEM" ;
	int facconn2(num_fac_per_el2) ;
		facconn2:elem_type = "NFACED" ;
	int ebepecnt2(num_el_in_blk2) ;
		ebepecnt2:entity_type1 = "FACE" ;
		ebepecnt2:entity_type2 = "ELEM" ;
	int facconn3(num_fac_per_el3) ;
		facconn3:elem_type = "NFACED" ;
	int ebepecnt3(num_el_in_blk3) ;
		ebepecnt3:entity_type1 = "FACE" ;
		ebepecnt3:entity_type2 = "ELEM" ;
	int facconn4(num_fac_per_el4) ;
		facconn4:elem_type = "NFACED" ;
	int ebepecnt4(num_el_in_blk4) ;
		ebepecnt4:entity_type1 = "FACE" ;
		ebepecnt4:entity_type2 = "ELEM" ;
	int facconn5(num_fac_per_el5) ;
		facconn5:elem_type = "NFACED" ;
	int ebepecnt5(num_el_in_blk5) ;
		ebepecnt5:entity_type1 = "FACE" ;
		ebepecnt5:entity_type2 = "ELEM" ;
	int facconn6(num_fac_per_el6) ;
		facconn6:elem_type = "NFACED" ;
	int ebepecnt6(num_el_in_blk6) ;
		ebepecnt6:entity_type1 = "FACE" ;
		ebepecnt6:entity_type2 = "ELEM" ;
	int facconn7(num_fac_per_el7) ;
		facconn7:elem_type = "NFACED" ;
	int ebepecnt7(num_el_in_blk7) ;
		ebepecnt7:entity_type1 = "FACE" ;
		ebepecnt7:entity_type2 = "ELEM" ;
	int facconn8(num_fac_per_el8) ;
		facconn8:elem_type = "NFACED" ;
	int ebepecnt8(num_el_in_blk8) ;
		ebepecnt8:entity_type1 = "FACE" ;
		ebepecnt8:entity_type2 = "ELEM" ;
	int facconn9(num_fac_per_el9) ;
		facconn9:elem_type = "NFACED" ;
	int ebepecnt9(num_el_in_blk9) ;
		ebepecnt9:entity_type1 = "FACE" ;
		ebepecnt9:entity_type2 = "ELEM" ;
	int facconn10(num_fac_per_el10) ;
		facconn10:elem_type = "NFACED" ;
	int ebepecnt10(num_el_in_blk10) ;
		ebepecnt10:entity_type1 = "FACE" ;
		ebepecnt10:entity_type2 = "ELEM" ;
	int facconn11(num_fac_per_el11) ;
		facconn11:elem_type = "NFACED" ;
	int ebepecnt11(num_el_in_blk11) ;
		ebepecnt11:entity_type1 = "FACE" ;
		ebepecnt11:entity_type2 = "ELEM" ;
	int elem_ss1(num_side_ss1) ;
	int side_ss1(num_side_ss1) ;
	int elem_ss2(num_side_ss2) ;
	int side_ss2(num_side_ss2) ;
	int elem_ss3(num_side_ss3) ;
	int side_ss3(num_side_ss3) ;

// global attributes:
		:api_version = 8.14f ;
		:version = 8.14f ;
		:floating_point_word_size = 8 ;
		:file_size = 1 ;
		:maximum_name_length = 32 ;
		:int64_status = 0 ;
		:title = "hillslope_elm4ats_tempest2d.exo" ;
data:

 eb_status = 1, 1, 1, 1, 1, 1, 1, 1, 1, 1, 1 ;

 eb_prop1 = 1001, 1002, 1003, 1004, 1005, 1006, 1007, 1008, 1009, 1010, 1011 ;

 fa_status = 1 ;

 fa_prop1 = 1 ;

 ss_status = 1, 1, 1 ;

 ss_prop1 = 1, 2, 3 ;

 coordx = 0, 0, 0, 0, 0, 0, 0, 0, 0, 0, 0, 0, 0, 0, 0, 0, 5, 5, 5, 5, 5, 5, 
    5, 5, 5, 5, 5, 5, 5, 5, 5, 5, 10, 10, 10, 10, 10, 10, 10, 10, 10, 10, 10, 
    10, 10, 10, 10, 10, 15, 15, 15, 15, 15, 15, 15, 15, 15, 15, 15, 15, 15, 
    15, 15, 15, 20, 20, 20, 20, 20, 20, 20, 20, 20, 20, 20, 20, 20, 20, 20, 
    20, 25, 25, 25, 25, 25, 25, 25, 25, 25, 25, 25, 25, 25, 25, 25, 25, 30, 
    30, 30, 30, 30, 30, 30, 30, 30, 30, 30, 30, 30, 30, 30, 30, 35, 35, 35, 
    35, 35, 35, 35, 35, 35, 35, 35, 35, 35, 35, 35, 35, 40, 40, 40, 40, 40, 
    40, 40, 40, 40, 40, 40, 40, 40, 40, 40, 40, 45, 45, 45, 45, 45, 45, 45, 
    45, 45, 45, 45, 45, 45, 45, 45, 45, 50, 50, 50, 50, 50, 50, 50, 50, 50, 
    50, 50, 50, 50, 50, 50, 50, 55, 55, 55, 55, 55, 55, 55, 55, 55, 55, 55, 
    55, 55, 55, 55, 55, 60, 60, 60, 60, 60, 60, 60, 60, 60, 60, 60, 60, 60, 
    60, 60, 60, 65, 65, 65, 65, 65, 65, 65, 65, 65, 65, 65, 65, 65, 65, 65, 
    65, 70, 70, 70, 70, 70, 70, 70, 70, 70, 70, 70, 70, 70, 70, 70, 70, 75, 
    75, 75, 75, 75, 75, 75, 75, 75, 75, 75, 75, 75, 75, 75, 75, 80, 80, 80, 
    80, 80, 80, 80, 80, 80, 80, 80, 80, 80, 80, 80, 80, 85, 85, 85, 85, 85, 
    85, 85, 85, 85, 85, 85, 85, 85, 85, 85, 85, 90, 90, 90, 90, 90, 90, 90, 
    90, 90, 90, 90, 90, 90, 90, 90, 90, 95, 95, 95, 95, 95, 95, 95, 95, 95, 
    95, 95, 95, 95, 95, 95, 95, 100, 100, 100, 100, 100, 100, 100, 100, 100, 
    100, 100, 100, 100, 100, 100, 100, 105, 105, 105, 105, 105, 105, 105, 
    105, 105, 105, 105, 105, 105, 105, 105, 105, 110, 110, 110, 110, 110, 
    110, 110, 110, 110, 110, 110, 110, 110, 110, 110, 110, 115, 115, 115, 
    115, 115, 115, 115, 115, 115, 115, 115, 115, 115, 115, 115, 115, 120, 
    120, 120, 120, 120, 120, 120, 120, 120, 120, 120, 120, 120, 120, 120, 
    120, 125, 125, 125, 125, 125, 125, 125, 125, 125, 125, 125, 125, 125, 
    125, 125, 125, 130, 130, 130, 130, 130, 130, 130, 130, 130, 130, 130, 
    130, 130, 130, 130, 130, 135, 135, 135, 135, 135, 135, 135, 135, 135, 
    135, 135, 135, 135, 135, 135, 135, 140, 140, 140, 140, 140, 140, 140, 
    140, 140, 140, 140, 140, 140, 140, 140, 140, 145, 145, 145, 145, 145, 
    145, 145, 145, 145, 145, 145, 145, 145, 145, 145, 145, 150, 150, 150, 
    150, 150, 150, 150, 150, 150, 150, 150, 150, 150, 150, 150, 150, 155, 
    155, 155, 155, 155, 155, 155, 155, 155, 155, 155, 155, 155, 155, 155, 
    155, 160, 160, 160, 160, 160, 160, 160, 160, 160, 160, 160, 160, 160, 
    160, 160, 160, 165, 165, 165, 165, 165, 165, 165, 165, 165, 165, 165, 
    165, 165, 165, 165, 165, 170, 170, 170, 170, 170, 170, 170, 170, 170, 
    170, 170, 170, 170, 170, 170, 170, 175, 175, 175, 175, 175, 175, 175, 
    175, 175, 175, 175, 175, 175, 175, 175, 175, 180, 180, 180, 180, 180, 
    180, 180, 180, 180, 180, 180, 180, 180, 180, 180, 180, 185, 185, 185, 
    185, 185, 185, 185, 185, 185, 185, 185, 185, 185, 185, 185, 185, 190, 
    190, 190, 190, 190, 190, 190, 190, 190, 190, 190, 190, 190, 190, 190, 
    190, 195, 195, 195, 195, 195, 195, 195, 195, 195, 195, 195, 195, 195, 
    195, 195, 195, 200, 200, 200, 200, 200, 200, 200, 200, 200, 200, 200, 
    200, 200, 200, 200, 200, 205, 205, 205, 205, 205, 205, 205, 205, 205, 
    205, 205, 205, 205, 205, 205, 205, 210, 210, 210, 210, 210, 210, 210, 
    210, 210, 210, 210, 210, 210, 210, 210, 210, 215, 215, 215, 215, 215, 
    215, 215, 215, 215, 215, 215, 215, 215, 215, 215, 215, 220, 220, 220, 
    220, 220, 220, 220, 220, 220, 220, 220, 220, 220, 220, 220, 220, 225, 
    225, 225, 225, 225, 225, 225, 225, 225, 225, 225, 225, 225, 225, 225, 
    225, 230, 230, 230, 230, 230, 230, 230, 230, 230, 230, 230, 230, 230, 
    230, 230, 230, 235, 235, 235, 235, 235, 235, 235, 235, 235, 235, 235, 
    235, 235, 235, 235, 235, 240, 240, 240, 240, 240, 240, 240, 240, 240, 
    240, 240, 240, 240, 240, 240, 240, 245, 245, 245, 245, 245, 245, 245, 
    245, 245, 245, 245, 245, 245, 245, 245, 245, 250, 250, 250, 250, 250, 
    250, 250, 250, 250, 250, 250, 250, 250, 250, 250, 250, 255, 255, 255, 
    255, 255, 255, 255, 255, 255, 255, 255, 255, 255, 255, 255, 255, 260, 
    260, 260, 260, 260, 260, 260, 260, 260, 260, 260, 260, 260, 260, 260, 
    260, 265, 265, 265, 265, 265, 265, 265, 265, 265, 265, 265, 265, 265, 
    265, 265, 265, 270, 270, 270, 270, 270, 270, 270, 270, 270, 270, 270, 
    270, 270, 270, 270, 270, 275, 275, 275, 275, 275, 275, 275, 275, 275, 
    275, 275, 275, 275, 275, 275, 275, 280, 280, 280, 280, 280, 280, 280, 
    280, 280, 280, 280, 280, 280, 280, 280, 280, 285, 285, 285, 285, 285, 
    285, 285, 285, 285, 285, 285, 285, 285, 285, 285, 285, 290, 290, 290, 
    290, 290, 290, 290, 290, 290, 290, 290, 290, 290, 290, 290, 290, 295, 
    295, 295, 295, 295, 295, 295, 295, 295, 295, 295, 295, 295, 295, 295, 
    295, 300, 300, 300, 300, 300, 300, 300, 300, 300, 300, 300, 300, 300, 
    300, 300, 300, 305, 305, 305, 305, 305, 305, 305, 305, 305, 305, 305, 
    305, 305, 305, 305, 305, 310, 310, 310, 310, 310, 310, 310, 310, 310, 
    310, 310, 310, 310, 310, 310, 310, 315, 315, 315, 315, 315, 315, 315, 
    315, 315, 315, 315, 315, 315, 315, 315, 315, 320, 320, 320, 320, 320, 
    320, 320, 320, 320, 320, 320, 320, 320, 320, 320, 320, 325, 325, 325, 
    325, 325, 325, 325, 325, 325, 325, 325, 325, 325, 325, 325, 325, 330, 
    330, 330, 330, 330, 330, 330, 330, 330, 330, 330, 330, 330, 330, 330, 
    330, 335, 335, 335, 335, 335, 335, 335, 335, 335, 335, 335, 335, 335, 
    335, 335, 335, 340, 340, 340, 340, 340, 340, 340, 340, 340, 340, 340, 
    340, 340, 340, 340, 340, 345, 345, 345, 345, 345, 345, 345, 345, 345, 
    345, 345, 345, 345, 345, 345, 345, 350, 350, 350, 350, 350, 350, 350, 
    350, 350, 350, 350, 350, 350, 350, 350, 350, 355, 355, 355, 355, 355, 
    355, 355, 355, 355, 355, 355, 355, 355, 355, 355, 355, 360, 360, 360, 
    360, 360, 360, 360, 360, 360, 360, 360, 360, 360, 360, 360, 360, 365, 
    365, 365, 365, 365, 365, 365, 365, 365, 365, 365, 365, 365, 365, 365, 
    365, 370, 370, 370, 370, 370, 370, 370, 370, 370, 370, 370, 370, 370, 
    370, 370, 370, 375, 375, 375, 375, 375, 375, 375, 375, 375, 375, 375, 
    375, 375, 375, 375, 375, 380, 380, 380, 380, 380, 380, 380, 380, 380, 
    380, 380, 380, 380, 380, 380, 380, 385, 385, 385, 385, 385, 385, 385, 
    385, 385, 385, 385, 385, 385, 385, 385, 385, 390, 390, 390, 390, 390, 
    390, 390, 390, 390, 390, 390, 390, 390, 390, 390, 390, 395, 395, 395, 
    395, 395, 395, 395, 395, 395, 395, 395, 395, 395, 395, 395, 395, 400, 
    400, 400, 400, 400, 400, 400, 400, 400, 400, 400, 400, 400, 400, 400, 
    400, 405, 405, 405, 405, 405, 405, 405, 405, 405, 405, 405, 405, 405, 
    405, 405, 405, 410, 410, 410, 410, 410, 410, 410, 410, 410, 410, 410, 
    410, 410, 410, 410, 410, 415, 415, 415, 415, 415, 415, 415, 415, 415, 
    415, 415, 415, 415, 415, 415, 415, 420, 420, 420, 420, 420, 420, 420, 
    420, 420, 420, 420, 420, 420, 420, 420, 420, 425, 425, 425, 425, 425, 
    425, 425, 425, 425, 425, 425, 425, 425, 425, 425, 425, 430, 430, 430, 
    430, 430, 430, 430, 430, 430, 430, 430, 430, 430, 430, 430, 430, 435, 
    435, 435, 435, 435, 435, 435, 435, 435, 435, 435, 435, 435, 435, 435, 
    435, 440, 440, 440, 440, 440, 440, 440, 440, 440, 440, 440, 440, 440, 
    440, 440, 440, 445, 445, 445, 445, 445, 445, 445, 445, 445, 445, 445, 
    445, 445, 445, 445, 445, 450, 450, 450, 450, 450, 450, 450, 450, 450, 
    450, 450, 450, 450, 450, 450, 450, 455, 455, 455, 455, 455, 455, 455, 
    455, 455, 455, 455, 455, 455, 455, 455, 455, 460, 460, 460, 460, 460, 
    460, 460, 460, 460, 460, 460, 460, 460, 460, 460, 460, 465, 465, 465, 
    465, 465, 465, 465, 465, 465, 465, 465, 465, 465, 465, 465, 465, 470, 
    470, 470, 470, 470, 470, 470, 470, 470, 470, 470, 470, 470, 470, 470, 
    470, 475, 475, 475, 475, 475, 475, 475, 475, 475, 475, 475, 475, 475, 
    475, 475, 475, 480, 480, 480, 480, 480, 480, 480, 480, 480, 480, 480, 
    480, 480, 480, 480, 480, 485, 485, 485, 485, 485, 485, 485, 485, 485, 
    485, 485, 485, 485, 485, 485, 485, 490, 490, 490, 490, 490, 490, 490, 
    490, 490, 490, 490, 490, 490, 490, 490, 490, 495, 495, 495, 495, 495, 
    495, 495, 495, 495, 495, 495, 495, 495, 495, 495, 495, 500, 500, 500, 
    500, 500, 500, 500, 500, 500, 500, 500, 500, 500, 500, 500, 500, 505, 
    505, 505, 505, 505, 505, 505, 505, 505, 505, 505, 505, 505, 505, 505, 
    505, 510, 510, 510, 510, 510, 510, 510, 510, 510, 510, 510, 510, 510, 
    510, 510, 510, 515, 515, 515, 515, 515, 515, 515, 515, 515, 515, 515, 
    515, 515, 515, 515, 515, 520, 520, 520, 520, 520, 520, 520, 520, 520, 
    520, 520, 520, 520, 520, 520, 520, 525, 525, 525, 525, 525, 525, 525, 
    525, 525, 525, 525, 525, 525, 525, 525, 525, 530, 530, 530, 530, 530, 
    530, 530, 530, 530, 530, 530, 530, 530, 530, 530, 530, 535, 535, 535, 
    535, 535, 535, 535, 535, 535, 535, 535, 535, 535, 535, 535, 535, 540, 
    540, 540, 540, 540, 540, 540, 540, 540, 540, 540, 540, 540, 540, 540, 
    540, 545, 545, 545, 545, 545, 545, 545, 545, 545, 545, 545, 545, 545, 
    545, 545, 545, 550, 550, 550, 550, 550, 550, 550, 550, 550, 550, 550, 
    550, 550, 550, 550, 550, 0, 0, 0, 0, 0, 0, 0, 0, 0, 0, 0, 0, 0, 0, 0, 0, 
    5, 5, 5, 5, 5, 5, 5, 5, 5, 5, 5, 5, 5, 5, 5, 5, 10, 10, 10, 10, 10, 10, 
    10, 10, 10, 10, 10, 10, 10, 10, 10, 10, 15, 15, 15, 15, 15, 15, 15, 15, 
    15, 15, 15, 15, 15, 15, 15, 15, 20, 20, 20, 20, 20, 20, 20, 20, 20, 20, 
    20, 20, 20, 20, 20, 20, 25, 25, 25, 25, 25, 25, 25, 25, 25, 25, 25, 25, 
    25, 25, 25, 25, 30, 30, 30, 30, 30, 30, 30, 30, 30, 30, 30, 30, 30, 30, 
    30, 30, 35, 35, 35, 35, 35, 35, 35, 35, 35, 35, 35, 35, 35, 35, 35, 35, 
    40, 40, 40, 40, 40, 40, 40, 40, 40, 40, 40, 40, 40, 40, 40, 40, 45, 45, 
    45, 45, 45, 45, 45, 45, 45, 45, 45, 45, 45, 45, 45, 45, 50, 50, 50, 50, 
    50, 50, 50, 50, 50, 50, 50, 50, 50, 50, 50, 50, 55, 55, 55, 55, 55, 55, 
    55, 55, 55, 55, 55, 55, 55, 55, 55, 55, 60, 60, 60, 60, 60, 60, 60, 60, 
    60, 60, 60, 60, 60, 60, 60, 60, 65, 65, 65, 65, 65, 65, 65, 65, 65, 65, 
    65, 65, 65, 65, 65, 65, 70, 70, 70, 70, 70, 70, 70, 70, 70, 70, 70, 70, 
    70, 70, 70, 70, 75, 75, 75, 75, 75, 75, 75, 75, 75, 75, 75, 75, 75, 75, 
    75, 75, 80, 80, 80, 80, 80, 80, 80, 80, 80, 80, 80, 80, 80, 80, 80, 80, 
    85, 85, 85, 85, 85, 85, 85, 85, 85, 85, 85, 85, 85, 85, 85, 85, 90, 90, 
    90, 90, 90, 90, 90, 90, 90, 90, 90, 90, 90, 90, 90, 90, 95, 95, 95, 95, 
    95, 95, 95, 95, 95, 95, 95, 95, 95, 95, 95, 95, 100, 100, 100, 100, 100, 
    100, 100, 100, 100, 100, 100, 100, 100, 100, 100, 100, 105, 105, 105, 
    105, 105, 105, 105, 105, 105, 105, 105, 105, 105, 105, 105, 105, 110, 
    110, 110, 110, 110, 110, 110, 110, 110, 110, 110, 110, 110, 110, 110, 
    110, 115, 115, 115, 115, 115, 115, 115, 115, 115, 115, 115, 115, 115, 
    115, 115, 115, 120, 120, 120, 120, 120, 120, 120, 120, 120, 120, 120, 
    120, 120, 120, 120, 120, 125, 125, 125, 125, 125, 125, 125, 125, 125, 
    125, 125, 125, 125, 125, 125, 125, 130, 130, 130, 130, 130, 130, 130, 
    130, 130, 130, 130, 130, 130, 130, 130, 130, 135, 135, 135, 135, 135, 
    135, 135, 135, 135, 135, 135, 135, 135, 135, 135, 135, 140, 140, 140, 
    140, 140, 140, 140, 140, 140, 140, 140, 140, 140, 140, 140, 140, 145, 
    145, 145, 145, 145, 145, 145, 145, 145, 145, 145, 145, 145, 145, 145, 
    145, 150, 150, 150, 150, 150, 150, 150, 150, 150, 150, 150, 150, 150, 
    150, 150, 150, 155, 155, 155, 155, 155, 155, 155, 155, 155, 155, 155, 
    155, 155, 155, 155, 155, 160, 160, 160, 160, 160, 160, 160, 160, 160, 
    160, 160, 160, 160, 160, 160, 160, 165, 165, 165, 165, 165, 165, 165, 
    165, 165, 165, 165, 165, 165, 165, 165, 165, 170, 170, 170, 170, 170, 
    170, 170, 170, 170, 170, 170, 170, 170, 170, 170, 170, 175, 175, 175, 
    175, 175, 175, 175, 175, 175, 175, 175, 175, 175, 175, 175, 175, 180, 
    180, 180, 180, 180, 180, 180, 180, 180, 180, 180, 180, 180, 180, 180, 
    180, 185, 185, 185, 185, 185, 185, 185, 185, 185, 185, 185, 185, 185, 
    185, 185, 185, 190, 190, 190, 190, 190, 190, 190, 190, 190, 190, 190, 
    190, 190, 190, 190, 190, 195, 195, 195, 195, 195, 195, 195, 195, 195, 
    195, 195, 195, 195, 195, 195, 195, 200, 200, 200, 200, 200, 200, 200, 
    200, 200, 200, 200, 200, 200, 200, 200, 200, 205, 205, 205, 205, 205, 
    205, 205, 205, 205, 205, 205, 205, 205, 205, 205, 205, 210, 210, 210, 
    210, 210, 210, 210, 210, 210, 210, 210, 210, 210, 210, 210, 210, 215, 
    215, 215, 215, 215, 215, 215, 215, 215, 215, 215, 215, 215, 215, 215, 
    215, 220, 220, 220, 220, 220, 220, 220, 220, 220, 220, 220, 220, 220, 
    220, 220, 220, 225, 225, 225, 225, 225, 225, 225, 225, 225, 225, 225, 
    225, 225, 225, 225, 225, 230, 230, 230, 230, 230, 230, 230, 230, 230, 
    230, 230, 230, 230, 230, 230, 230, 235, 235, 235, 235, 235, 235, 235, 
    235, 235, 235, 235, 235, 235, 235, 235, 235, 240, 240, 240, 240, 240, 
    240, 240, 240, 240, 240, 240, 240, 240, 240, 240, 240, 245, 245, 245, 
    245, 245, 245, 245, 245, 245, 245, 245, 245, 245, 245, 245, 245, 250, 
    250, 250, 250, 250, 250, 250, 250, 250, 250, 250, 250, 250, 250, 250, 
    250, 255, 255, 255, 255, 255, 255, 255, 255, 255, 255, 255, 255, 255, 
    255, 255, 255, 260, 260, 260, 260, 260, 260, 260, 260, 260, 260, 260, 
    260, 260, 260, 260, 260, 265, 265, 265, 265, 265, 265, 265, 265, 265, 
    265, 265, 265, 265, 265, 265, 265, 270, 270, 270, 270, 270, 270, 270, 
    270, 270, 270, 270, 270, 270, 270, 270, 270, 275, 275, 275, 275, 275, 
    275, 275, 275, 275, 275, 275, 275, 275, 275, 275, 275, 280, 280, 280, 
    280, 280, 280, 280, 280, 280, 280, 280, 280, 280, 280, 280, 280, 285, 
    285, 285, 285, 285, 285, 285, 285, 285, 285, 285, 285, 285, 285, 285, 
    285, 290, 290, 290, 290, 290, 290, 290, 290, 290, 290, 290, 290, 290, 
    290, 290, 290, 295, 295, 295, 295, 295, 295, 295, 295, 295, 295, 295, 
    295, 295, 295, 295, 295, 300, 300, 300, 300, 300, 300, 300, 300, 300, 
    300, 300, 300, 300, 300, 300, 300, 305, 305, 305, 305, 305, 305, 305, 
    305, 305, 305, 305, 305, 305, 305, 305, 305, 310, 310, 310, 310, 310, 
    310, 310, 310, 310, 310, 310, 310, 310, 310, 310, 310, 315, 315, 315, 
    315, 315, 315, 315, 315, 315, 315, 315, 315, 315, 315, 315, 315, 320, 
    320, 320, 320, 320, 320, 320, 320, 320, 320, 320, 320, 320, 320, 320, 
    320, 325, 325, 325, 325, 325, 325, 325, 325, 325, 325, 325, 325, 325, 
    325, 325, 325, 330, 330, 330, 330, 330, 330, 330, 330, 330, 330, 330, 
    330, 330, 330, 330, 330, 335, 335, 335, 335, 335, 335, 335, 335, 335, 
    335, 335, 335, 335, 335, 335, 335, 340, 340, 340, 340, 340, 340, 340, 
    340, 340, 340, 340, 340, 340, 340, 340, 340, 345, 345, 345, 345, 345, 
    345, 345, 345, 345, 345, 345, 345, 345, 345, 345, 345, 350, 350, 350, 
    350, 350, 350, 350, 350, 350, 350, 350, 350, 350, 350, 350, 350, 355, 
    355, 355, 355, 355, 355, 355, 355, 355, 355, 355, 355, 355, 355, 355, 
    355, 360, 360, 360, 360, 360, 360, 360, 360, 360, 360, 360, 360, 360, 
    360, 360, 360, 365, 365, 365, 365, 365, 365, 365, 365, 365, 365, 365, 
    365, 365, 365, 365, 365, 370, 370, 370, 370, 370, 370, 370, 370, 370, 
    370, 370, 370, 370, 370, 370, 370, 375, 375, 375, 375, 375, 375, 375, 
    375, 375, 375, 375, 375, 375, 375, 375, 375, 380, 380, 380, 380, 380, 
    380, 380, 380, 380, 380, 380, 380, 380, 380, 380, 380, 385, 385, 385, 
    385, 385, 385, 385, 385, 385, 385, 385, 385, 385, 385, 385, 385, 390, 
    390, 390, 390, 390, 390, 390, 390, 390, 390, 390, 390, 390, 390, 390, 
    390, 395, 395, 395, 395, 395, 395, 395, 395, 395, 395, 395, 395, 395, 
    395, 395, 395, 400, 400, 400, 400, 400, 400, 400, 400, 400, 400, 400, 
    400, 400, 400, 400, 400, 405, 405, 405, 405, 405, 405, 405, 405, 405, 
    405, 405, 405, 405, 405, 405, 405, 410, 410, 410, 410, 410, 410, 410, 
    410, 410, 410, 410, 410, 410, 410, 410, 410, 415, 415, 415, 415, 415, 
    415, 415, 415, 415, 415, 415, 415, 415, 415, 415, 415, 420, 420, 420, 
    420, 420, 420, 420, 420, 420, 420, 420, 420, 420, 420, 420, 420, 425, 
    425, 425, 425, 425, 425, 425, 425, 425, 425, 425, 425, 425, 425, 425, 
    425, 430, 430, 430, 430, 430, 430, 430, 430, 430, 430, 430, 430, 430, 
    430, 430, 430, 435, 435, 435, 435, 435, 435, 435, 435, 435, 435, 435, 
    435, 435, 435, 435, 435, 440, 440, 440, 440, 440, 440, 440, 440, 440, 
    440, 440, 440, 440, 440, 440, 440, 445, 445, 445, 445, 445, 445, 445, 
    445, 445, 445, 445, 445, 445, 445, 445, 445, 450, 450, 450, 450, 450, 
    450, 450, 450, 450, 450, 450, 450, 450, 450, 450, 450, 455, 455, 455, 
    455, 455, 455, 455, 455, 455, 455, 455, 455, 455, 455, 455, 455, 460, 
    460, 460, 460, 460, 460, 460, 460, 460, 460, 460, 460, 460, 460, 460, 
    460, 465, 465, 465, 465, 465, 465, 465, 465, 465, 465, 465, 465, 465, 
    465, 465, 465, 470, 470, 470, 470, 470, 470, 470, 470, 470, 470, 470, 
    470, 470, 470, 470, 470, 475, 475, 475, 475, 475, 475, 475, 475, 475, 
    475, 475, 475, 475, 475, 475, 475, 480, 480, 480, 480, 480, 480, 480, 
    480, 480, 480, 480, 480, 480, 480, 480, 480, 485, 485, 485, 485, 485, 
    485, 485, 485, 485, 485, 485, 485, 485, 485, 485, 485, 490, 490, 490, 
    490, 490, 490, 490, 490, 490, 490, 490, 490, 490, 490, 490, 490, 495, 
    495, 495, 495, 495, 495, 495, 495, 495, 495, 495, 495, 495, 495, 495, 
    495, 500, 500, 500, 500, 500, 500, 500, 500, 500, 500, 500, 500, 500, 
    500, 500, 500, 505, 505, 505, 505, 505, 505, 505, 505, 505, 505, 505, 
    505, 505, 505, 505, 505, 510, 510, 510, 510, 510, 510, 510, 510, 510, 
    510, 510, 510, 510, 510, 510, 510, 515, 515, 515, 515, 515, 515, 515, 
    515, 515, 515, 515, 515, 515, 515, 515, 515, 520, 520, 520, 520, 520, 
    520, 520, 520, 520, 520, 520, 520, 520, 520, 520, 520, 525, 525, 525, 
    525, 525, 525, 525, 525, 525, 525, 525, 525, 525, 525, 525, 525, 530, 
    530, 530, 530, 530, 530, 530, 530, 530, 530, 530, 530, 530, 530, 530, 
    530, 535, 535, 535, 535, 535, 535, 535, 535, 535, 535, 535, 535, 535, 
    535, 535, 535, 540, 540, 540, 540, 540, 540, 540, 540, 540, 540, 540, 
    540, 540, 540, 540, 540, 545, 545, 545, 545, 545, 545, 545, 545, 545, 
    545, 545, 545, 545, 545, 545, 545, 550, 550, 550, 550, 550, 550, 550, 
    550, 550, 550, 550, 550, 550, 550, 550, 550 ;

 coordy = 0, 0, 0, 0, 0, 0, 0, 0, 0, 0, 0, 0, 0, 0, 0, 0, 0, 0, 0, 0, 0, 0, 
    0, 0, 0, 0, 0, 0, 0, 0, 0, 0, 0, 0, 0, 0, 0, 0, 0, 0, 0, 0, 0, 0, 0, 0, 
    0, 0, 0, 0, 0, 0, 0, 0, 0, 0, 0, 0, 0, 0, 0, 0, 0, 0, 0, 0, 0, 0, 0, 0, 
    0, 0, 0, 0, 0, 0, 0, 0, 0, 0, 0, 0, 0, 0, 0, 0, 0, 0, 0, 0, 0, 0, 0, 0, 
    0, 0, 0, 0, 0, 0, 0, 0, 0, 0, 0, 0, 0, 0, 0, 0, 0, 0, 0, 0, 0, 0, 0, 0, 
    0, 0, 0, 0, 0, 0, 0, 0, 0, 0, 0, 0, 0, 0, 0, 0, 0, 0, 0, 0, 0, 0, 0, 0, 
    0, 0, 0, 0, 0, 0, 0, 0, 0, 0, 0, 0, 0, 0, 0, 0, 0, 0, 0, 0, 0, 0, 0, 0, 
    0, 0, 0, 0, 0, 0, 0, 0, 0, 0, 0, 0, 0, 0, 0, 0, 0, 0, 0, 0, 0, 0, 0, 0, 
    0, 0, 0, 0, 0, 0, 0, 0, 0, 0, 0, 0, 0, 0, 0, 0, 0, 0, 0, 0, 0, 0, 0, 0, 
    0, 0, 0, 0, 0, 0, 0, 0, 0, 0, 0, 0, 0, 0, 0, 0, 0, 0, 0, 0, 0, 0, 0, 0, 
    0, 0, 0, 0, 0, 0, 0, 0, 0, 0, 0, 0, 0, 0, 0, 0, 0, 0, 0, 0, 0, 0, 0, 0, 
    0, 0, 0, 0, 0, 0, 0, 0, 0, 0, 0, 0, 0, 0, 0, 0, 0, 0, 0, 0, 0, 0, 0, 0, 
    0, 0, 0, 0, 0, 0, 0, 0, 0, 0, 0, 0, 0, 0, 0, 0, 0, 0, 0, 0, 0, 0, 0, 0, 
    0, 0, 0, 0, 0, 0, 0, 0, 0, 0, 0, 0, 0, 0, 0, 0, 0, 0, 0, 0, 0, 0, 0, 0, 
    0, 0, 0, 0, 0, 0, 0, 0, 0, 0, 0, 0, 0, 0, 0, 0, 0, 0, 0, 0, 0, 0, 0, 0, 
    0, 0, 0, 0, 0, 0, 0, 0, 0, 0, 0, 0, 0, 0, 0, 0, 0, 0, 0, 0, 0, 0, 0, 0, 
    0, 0, 0, 0, 0, 0, 0, 0, 0, 0, 0, 0, 0, 0, 0, 0, 0, 0, 0, 0, 0, 0, 0, 0, 
    0, 0, 0, 0, 0, 0, 0, 0, 0, 0, 0, 0, 0, 0, 0, 0, 0, 0, 0, 0, 0, 0, 0, 0, 
    0, 0, 0, 0, 0, 0, 0, 0, 0, 0, 0, 0, 0, 0, 0, 0, 0, 0, 0, 0, 0, 0, 0, 0, 
    0, 0, 0, 0, 0, 0, 0, 0, 0, 0, 0, 0, 0, 0, 0, 0, 0, 0, 0, 0, 0, 0, 0, 0, 
    0, 0, 0, 0, 0, 0, 0, 0, 0, 0, 0, 0, 0, 0, 0, 0, 0, 0, 0, 0, 0, 0, 0, 0, 
    0, 0, 0, 0, 0, 0, 0, 0, 0, 0, 0, 0, 0, 0, 0, 0, 0, 0, 0, 0, 0, 0, 0, 0, 
    0, 0, 0, 0, 0, 0, 0, 0, 0, 0, 0, 0, 0, 0, 0, 0, 0, 0, 0, 0, 0, 0, 0, 0, 
    0, 0, 0, 0, 0, 0, 0, 0, 0, 0, 0, 0, 0, 0, 0, 0, 0, 0, 0, 0, 0, 0, 0, 0, 
    0, 0, 0, 0, 0, 0, 0, 0, 0, 0, 0, 0, 0, 0, 0, 0, 0, 0, 0, 0, 0, 0, 0, 0, 
    0, 0, 0, 0, 0, 0, 0, 0, 0, 0, 0, 0, 0, 0, 0, 0, 0, 0, 0, 0, 0, 0, 0, 0, 
    0, 0, 0, 0, 0, 0, 0, 0, 0, 0, 0, 0, 0, 0, 0, 0, 0, 0, 0, 0, 0, 0, 0, 0, 
    0, 0, 0, 0, 0, 0, 0, 0, 0, 0, 0, 0, 0, 0, 0, 0, 0, 0, 0, 0, 0, 0, 0, 0, 
    0, 0, 0, 0, 0, 0, 0, 0, 0, 0, 0, 0, 0, 0, 0, 0, 0, 0, 0, 0, 0, 0, 0, 0, 
    0, 0, 0, 0, 0, 0, 0, 0, 0, 0, 0, 0, 0, 0, 0, 0, 0, 0, 0, 0, 0, 0, 0, 0, 
    0, 0, 0, 0, 0, 0, 0, 0, 0, 0, 0, 0, 0, 0, 0, 0, 0, 0, 0, 0, 0, 0, 0, 0, 
    0, 0, 0, 0, 0, 0, 0, 0, 0, 0, 0, 0, 0, 0, 0, 0, 0, 0, 0, 0, 0, 0, 0, 0, 
    0, 0, 0, 0, 0, 0, 0, 0, 0, 0, 0, 0, 0, 0, 0, 0, 0, 0, 0, 0, 0, 0, 0, 0, 
    0, 0, 0, 0, 0, 0, 0, 0, 0, 0, 0, 0, 0, 0, 0, 0, 0, 0, 0, 0, 0, 0, 0, 0, 
    0, 0, 0, 0, 0, 0, 0, 0, 0, 0, 0, 0, 0, 0, 0, 0, 0, 0, 0, 0, 0, 0, 0, 0, 
    0, 0, 0, 0, 0, 0, 0, 0, 0, 0, 0, 0, 0, 0, 0, 0, 0, 0, 0, 0, 0, 0, 0, 0, 
    0, 0, 0, 0, 0, 0, 0, 0, 0, 0, 0, 0, 0, 0, 0, 0, 0, 0, 0, 0, 0, 0, 0, 0, 
    0, 0, 0, 0, 0, 0, 0, 0, 0, 0, 0, 0, 0, 0, 0, 0, 0, 0, 0, 0, 0, 0, 0, 0, 
    0, 0, 0, 0, 0, 0, 0, 0, 0, 0, 0, 0, 0, 0, 0, 0, 0, 0, 0, 0, 0, 0, 0, 0, 
    0, 0, 0, 0, 0, 0, 0, 0, 0, 0, 0, 0, 0, 0, 0, 0, 0, 0, 0, 0, 0, 0, 0, 0, 
    0, 0, 0, 0, 0, 0, 0, 0, 0, 0, 0, 0, 0, 0, 0, 0, 0, 0, 0, 0, 0, 0, 0, 0, 
    0, 0, 0, 0, 0, 0, 0, 0, 0, 0, 0, 0, 0, 0, 0, 0, 0, 0, 0, 0, 0, 0, 0, 0, 
    0, 0, 0, 0, 0, 0, 0, 0, 0, 0, 0, 0, 0, 0, 0, 0, 0, 0, 0, 0, 0, 0, 0, 0, 
    0, 0, 0, 0, 0, 0, 0, 0, 0, 0, 0, 0, 0, 0, 0, 0, 0, 0, 0, 0, 0, 0, 0, 0, 
    0, 0, 0, 0, 0, 0, 0, 0, 0, 0, 0, 0, 0, 0, 0, 0, 0, 0, 0, 0, 0, 0, 0, 0, 
    0, 0, 0, 0, 0, 0, 0, 0, 0, 0, 0, 0, 0, 0, 0, 0, 0, 0, 0, 0, 0, 0, 0, 0, 
    0, 0, 0, 0, 0, 0, 0, 0, 0, 0, 0, 0, 0, 0, 0, 0, 0, 0, 0, 0, 0, 0, 0, 0, 
    0, 0, 0, 0, 0, 0, 0, 0, 0, 0, 0, 0, 0, 0, 0, 0, 0, 0, 0, 0, 0, 0, 0, 0, 
    0, 0, 0, 0, 0, 0, 0, 0, 0, 0, 0, 0, 0, 0, 0, 0, 0, 0, 0, 0, 0, 0, 0, 0, 
    0, 0, 0, 0, 0, 0, 0, 0, 0, 0, 0, 0, 0, 0, 0, 0, 0, 0, 0, 0, 0, 0, 0, 0, 
    0, 0, 0, 0, 0, 0, 0, 0, 0, 0, 0, 0, 0, 0, 0, 0, 0, 0, 0, 0, 0, 0, 0, 0, 
    0, 0, 0, 0, 0, 0, 0, 0, 0, 0, 0, 0, 0, 0, 0, 0, 0, 0, 0, 0, 0, 0, 0, 0, 
    0, 0, 0, 0, 0, 0, 0, 0, 0, 0, 0, 0, 0, 0, 0, 0, 0, 0, 0, 0, 0, 0, 0, 0, 
    0, 0, 0, 0, 0, 0, 0, 0, 0, 0, 0, 0, 0, 0, 0, 0, 0, 0, 0, 0, 0, 0, 0, 0, 
    0, 0, 0, 0, 0, 0, 0, 0, 0, 0, 0, 0, 0, 0, 0, 0, 0, 0, 0, 0, 0, 0, 0, 0, 
    0, 0, 0, 0, 0, 0, 0, 0, 0, 0, 0, 0, 0, 0, 0, 0, 0, 0, 0, 0, 0, 0, 0, 0, 
    0, 0, 0, 0, 0, 0, 0, 0, 0, 0, 0, 0, 0, 0, 0, 0, 0, 0, 0, 0, 0, 0, 0, 0, 
    0, 0, 0, 0, 0, 0, 0, 0, 0, 0, 0, 0, 0, 0, 0, 0, 0, 0, 0, 0, 0, 0, 0, 0, 
    0, 0, 0, 0, 0, 0, 0, 0, 0, 0, 0, 0, 0, 0, 0, 0, 0, 0, 0, 0, 0, 0, 0, 0, 
    0, 0, 0, 0, 0, 0, 0, 0, 0, 0, 0, 0, 0, 0, 0, 0, 0, 0, 0, 0, 0, 0, 0, 0, 
    0, 0, 0, 0, 0, 0, 0, 0, 0, 0, 0, 0, 0, 0, 0, 0, 0, 0, 0, 0, 0, 0, 0, 0, 
    0, 0, 0, 0, 0, 0, 0, 0, 0, 0, 0, 0, 0, 0, 0, 0, 0, 0, 0, 0, 0, 0, 0, 0, 
    0, 0, 0, 0, 0, 0, 0, 0, 0, 0, 0, 0, 0, 0, 0, 0, 0, 0, 0, 0, 0, 0, 0, 0, 
    0, 0, 0, 0, 0, 0, 0, 0, 0, 0, 0, 0, 0, 0, 0, 0, 0, 0, 0, 0, 0, 0, 0, 0, 
    0, 0, 0, 0, 0, 0, 0, 0, 0, 0, 0, 0, 0, 0, 0, 0, 0, 0, 0, 0, 0, 0, 0, 0, 
    0, 0, 0, 0, 0, 0, 0, 0, 0, 0, 0, 0, 0, 0, 0, 0, 0, 0, 0, 0, 0, 0, 0, 0, 
    0, 0, 0, 0, 0, 0, 0, 0, 0, 0, 0, 0, 0, 0, 0, 0, 0, 0, 0, 0, 0, 0, 0, 0, 
    0, 0, 0, 0, 0, 0, 0, 0, 0, 0, 0, 0, 0, 0, 0, 0, 0, 0, 0, 0, 0, 0, 0, 0, 
    0, 0, 0, 0, 0, 0, 0, 0, 0, 0, 0, 0, 0, 0, 0, 0, 0, 0, 0, 0, 0, 0, 0, 0, 
    0, 0, 0, 0, 0, 0, 0, 0, 0, 0, 0, 0, 0, 0, 0, 0, 0, 0, 0, 0, 0, 0, 0, 0, 
    0, 0, 0, 0, 0, 0, 0, 0, 0, 0, 0, 0, 0, 0, 0, 0, 0, 0, 0, 0, 0, 0, 0, 0, 
    0, 0, 0, 0, 0, 0, 0, 0, 0, 0, 0, 0, 0, 0, 0, 0, 0, 0, 0, 0, 0, 0, 0, 0, 
    0, 0, 0, 0, 0, 0, 0, 0, 0, 0, 0, 0, 0, 0, 0, 0, 0, 0, 0, 0, 0, 0, 0, 0, 
    0, 0, 0, 0, 0, 0, 0, 0, 0, 0, 0, 0, 0, 0, 0, 0, 0, 0, 0, 0, 0, 0, 0, 0, 
    0, 0, 5, 5, 5, 5, 5, 5, 5, 5, 5, 5, 5, 5, 5, 5, 5, 5, 5, 5, 5, 5, 5, 5, 
    5, 5, 5, 5, 5, 5, 5, 5, 5, 5, 5, 5, 5, 5, 5, 5, 5, 5, 5, 5, 5, 5, 5, 5, 
    5, 5, 5, 5, 5, 5, 5, 5, 5, 5, 5, 5, 5, 5, 5, 5, 5, 5, 5, 5, 5, 5, 5, 5, 
    5, 5, 5, 5, 5, 5, 5, 5, 5, 5, 5, 5, 5, 5, 5, 5, 5, 5, 5, 5, 5, 5, 5, 5, 
    5, 5, 5, 5, 5, 5, 5, 5, 5, 5, 5, 5, 5, 5, 5, 5, 5, 5, 5, 5, 5, 5, 5, 5, 
    5, 5, 5, 5, 5, 5, 5, 5, 5, 5, 5, 5, 5, 5, 5, 5, 5, 5, 5, 5, 5, 5, 5, 5, 
    5, 5, 5, 5, 5, 5, 5, 5, 5, 5, 5, 5, 5, 5, 5, 5, 5, 5, 5, 5, 5, 5, 5, 5, 
    5, 5, 5, 5, 5, 5, 5, 5, 5, 5, 5, 5, 5, 5, 5, 5, 5, 5, 5, 5, 5, 5, 5, 5, 
    5, 5, 5, 5, 5, 5, 5, 5, 5, 5, 5, 5, 5, 5, 5, 5, 5, 5, 5, 5, 5, 5, 5, 5, 
    5, 5, 5, 5, 5, 5, 5, 5, 5, 5, 5, 5, 5, 5, 5, 5, 5, 5, 5, 5, 5, 5, 5, 5, 
    5, 5, 5, 5, 5, 5, 5, 5, 5, 5, 5, 5, 5, 5, 5, 5, 5, 5, 5, 5, 5, 5, 5, 5, 
    5, 5, 5, 5, 5, 5, 5, 5, 5, 5, 5, 5, 5, 5, 5, 5, 5, 5, 5, 5, 5, 5, 5, 5, 
    5, 5, 5, 5, 5, 5, 5, 5, 5, 5, 5, 5, 5, 5, 5, 5, 5, 5, 5, 5, 5, 5, 5, 5, 
    5, 5, 5, 5, 5, 5, 5, 5, 5, 5, 5, 5, 5, 5, 5, 5, 5, 5, 5, 5, 5, 5, 5, 5, 
    5, 5, 5, 5, 5, 5, 5, 5, 5, 5, 5, 5, 5, 5, 5, 5, 5, 5, 5, 5, 5, 5, 5, 5, 
    5, 5, 5, 5, 5, 5, 5, 5, 5, 5, 5, 5, 5, 5, 5, 5, 5, 5, 5, 5, 5, 5, 5, 5, 
    5, 5, 5, 5, 5, 5, 5, 5, 5, 5, 5, 5, 5, 5, 5, 5, 5, 5, 5, 5, 5, 5, 5, 5, 
    5, 5, 5, 5, 5, 5, 5, 5, 5, 5, 5, 5, 5, 5, 5, 5, 5, 5, 5, 5, 5, 5, 5, 5, 
    5, 5, 5, 5, 5, 5, 5, 5, 5, 5, 5, 5, 5, 5, 5, 5, 5, 5, 5, 5, 5, 5, 5, 5, 
    5, 5, 5, 5, 5, 5, 5, 5, 5, 5, 5, 5, 5, 5, 5, 5, 5, 5, 5, 5, 5, 5, 5, 5, 
    5, 5, 5, 5, 5, 5, 5, 5, 5, 5, 5, 5, 5, 5, 5, 5, 5, 5, 5, 5, 5, 5, 5, 5, 
    5, 5, 5, 5, 5, 5, 5, 5, 5, 5, 5, 5, 5, 5, 5, 5, 5, 5, 5, 5, 5, 5, 5, 5, 
    5, 5, 5, 5, 5, 5, 5, 5, 5, 5, 5, 5, 5, 5, 5, 5, 5, 5, 5, 5, 5, 5, 5, 5, 
    5, 5, 5, 5, 5, 5, 5, 5, 5, 5, 5, 5, 5, 5, 5, 5, 5, 5, 5, 5, 5, 5, 5, 5, 
    5, 5, 5, 5, 5, 5, 5, 5, 5, 5, 5, 5, 5, 5, 5, 5, 5, 5, 5, 5, 5, 5, 5, 5, 
    5, 5, 5, 5, 5, 5, 5, 5, 5, 5, 5, 5, 5, 5, 5, 5, 5, 5, 5, 5, 5, 5, 5, 5, 
    5, 5, 5, 5, 5, 5, 5, 5, 5, 5, 5, 5, 5, 5, 5, 5, 5, 5, 5, 5, 5, 5, 5, 5, 
    5, 5, 5, 5, 5, 5, 5, 5, 5, 5, 5, 5, 5, 5, 5, 5, 5, 5, 5, 5, 5, 5, 5, 5, 
    5, 5, 5, 5, 5, 5, 5, 5, 5, 5, 5, 5, 5, 5, 5, 5, 5, 5, 5, 5, 5, 5, 5, 5, 
    5, 5, 5, 5, 5, 5, 5, 5, 5, 5, 5, 5, 5, 5, 5, 5, 5, 5, 5, 5, 5, 5, 5, 5, 
    5, 5, 5, 5, 5, 5, 5, 5, 5, 5, 5, 5, 5, 5, 5, 5, 5, 5, 5, 5, 5, 5, 5, 5, 
    5, 5, 5, 5, 5, 5, 5, 5, 5, 5, 5, 5, 5, 5, 5, 5, 5, 5, 5, 5, 5, 5, 5, 5, 
    5, 5, 5, 5, 5, 5, 5, 5, 5, 5, 5, 5, 5, 5, 5, 5, 5, 5, 5, 5, 5, 5, 5, 5, 
    5, 5, 5, 5, 5, 5, 5, 5, 5, 5, 5, 5, 5, 5, 5, 5, 5, 5, 5, 5, 5, 5, 5, 5, 
    5, 5, 5, 5, 5, 5, 5, 5, 5, 5, 5, 5, 5, 5, 5, 5, 5, 5, 5, 5, 5, 5, 5, 5, 
    5, 5, 5, 5, 5, 5, 5, 5, 5, 5, 5, 5, 5, 5, 5, 5, 5, 5, 5, 5, 5, 5, 5, 5, 
    5, 5, 5, 5, 5, 5, 5, 5, 5, 5, 5, 5, 5, 5, 5, 5, 5, 5, 5, 5, 5, 5, 5, 5, 
    5, 5, 5, 5, 5, 5, 5, 5, 5, 5, 5, 5, 5, 5, 5, 5, 5, 5, 5, 5, 5, 5, 5, 5, 
    5, 5, 5, 5, 5, 5, 5, 5, 5, 5, 5, 5, 5, 5, 5, 5, 5, 5, 5, 5, 5, 5, 5, 5, 
    5, 5, 5, 5, 5, 5, 5, 5, 5, 5, 5, 5, 5, 5, 5, 5, 5, 5, 5, 5, 5, 5, 5, 5, 
    5, 5, 5, 5, 5, 5, 5, 5, 5, 5, 5, 5, 5, 5, 5, 5, 5, 5, 5, 5, 5, 5, 5, 5, 
    5, 5, 5, 5, 5, 5, 5, 5, 5, 5, 5, 5, 5, 5, 5, 5, 5, 5, 5, 5, 5, 5, 5, 5, 
    5, 5, 5, 5, 5, 5, 5, 5, 5, 5, 5, 5, 5, 5, 5, 5, 5, 5, 5, 5, 5, 5, 5, 5, 
    5, 5, 5, 5, 5, 5, 5, 5, 5, 5, 5, 5, 5, 5, 5, 5, 5, 5, 5, 5, 5, 5, 5, 5, 
    5, 5, 5, 5, 5, 5, 5, 5, 5, 5, 5, 5, 5, 5, 5, 5, 5, 5, 5, 5, 5, 5, 5, 5, 
    5, 5, 5, 5, 5, 5, 5, 5, 5, 5, 5, 5, 5, 5, 5, 5, 5, 5, 5, 5, 5, 5, 5, 5, 
    5, 5, 5, 5, 5, 5, 5, 5, 5, 5, 5, 5, 5, 5, 5, 5, 5, 5, 5, 5, 5, 5, 5, 5, 
    5, 5, 5, 5, 5, 5, 5, 5, 5, 5, 5, 5, 5, 5, 5, 5, 5, 5, 5, 5, 5, 5, 5, 5, 
    5, 5, 5, 5, 5, 5, 5, 5, 5, 5, 5, 5, 5, 5, 5, 5, 5, 5, 5, 5, 5, 5, 5, 5, 
    5, 5, 5, 5, 5, 5, 5, 5, 5, 5, 5, 5, 5, 5, 5, 5, 5, 5, 5, 5, 5, 5, 5, 5, 
    5, 5, 5, 5, 5, 5, 5, 5, 5, 5, 5, 5, 5, 5, 5, 5, 5, 5, 5, 5, 5, 5, 5, 5, 
    5, 5, 5, 5, 5, 5, 5, 5, 5, 5, 5, 5, 5, 5, 5, 5, 5, 5, 5, 5, 5, 5, 5, 5, 
    5, 5, 5, 5, 5, 5, 5, 5, 5, 5, 5, 5, 5, 5, 5, 5, 5, 5, 5, 5, 5, 5, 5, 5, 
    5, 5, 5, 5, 5, 5, 5, 5, 5, 5, 5, 5, 5, 5, 5, 5, 5, 5, 5, 5, 5, 5, 5, 5, 
    5, 5, 5, 5, 5, 5, 5, 5, 5, 5, 5, 5, 5, 5, 5, 5, 5, 5, 5, 5, 5, 5, 5, 5, 
    5, 5, 5, 5, 5, 5, 5, 5, 5, 5, 5, 5, 5, 5, 5, 5, 5, 5, 5, 5, 5, 5, 5, 5, 
    5, 5, 5, 5, 5, 5, 5, 5, 5, 5, 5, 5, 5, 5, 5, 5, 5, 5, 5, 5, 5, 5, 5, 5, 
    5, 5, 5, 5, 5, 5, 5, 5, 5, 5, 5, 5, 5, 5, 5, 5, 5, 5, 5, 5, 5, 5, 5, 5, 
    5, 5, 5, 5, 5, 5, 5, 5, 5, 5, 5, 5, 5, 5, 5, 5, 5, 5, 5, 5, 5, 5, 5, 5, 
    5, 5, 5, 5, 5, 5, 5, 5, 5, 5, 5, 5, 5, 5, 5, 5, 5, 5, 5, 5, 5, 5, 5, 5, 
    5, 5, 5, 5, 5, 5, 5, 5, 5, 5, 5, 5, 5, 5, 5, 5, 5, 5, 5, 5, 5, 5, 5, 5, 
    5, 5, 5, 5, 5, 5, 5, 5, 5, 5, 5, 5, 5, 5, 5, 5, 5, 5, 5, 5, 5, 5, 5, 5, 
    5, 5, 5, 5, 5, 5, 5, 5, 5, 5, 5, 5, 5, 5, 5, 5, 5, 5, 5, 5, 5, 5, 5, 5, 
    5, 5, 5, 5, 5, 5, 5, 5, 5, 5, 5, 5, 5, 5, 5, 5, 5, 5, 5, 5, 5, 5, 5, 5, 
    5, 5, 5, 5, 5, 5, 5, 5, 5, 5, 5, 5, 5, 5, 5, 5, 5, 5, 5, 5, 5, 5, 5, 5, 
    5, 5, 5, 5, 5, 5, 5, 5, 5, 5, 5, 5, 5, 5, 5, 5, 5, 5, 5, 5, 5, 5, 5, 5, 
    5, 5, 5, 5, 5, 5, 5, 5, 5, 5, 5, 5, 5, 5, 5, 5, 5, 5, 5, 5, 5, 5, 5, 5, 
    5, 5, 5, 5, 5, 5, 5, 5, 5, 5, 5, 5, 5, 5, 5, 5, 5, 5, 5, 5, 5, 5, 5, 5, 
    5, 5, 5, 5, 5, 5, 5, 5, 5, 5, 5, 5, 5, 5, 5, 5, 5, 5, 5, 5, 5, 5, 5, 5, 
    5, 5, 5, 5, 5, 5, 5, 5, 5, 5, 5, 5, 5, 5, 5, 5, 5, 5, 5, 5, 5, 5, 5, 5, 
    5, 5, 5, 5, 5, 5, 5, 5, 5, 5, 5, 5, 5, 5, 5, 5, 5, 5, 5, 5, 5, 5, 5, 5, 
    5, 5, 5, 5, 5, 5, 5, 5, 5, 5, 5, 5, 5, 5, 5, 5, 5, 5, 5, 5, 5, 5, 5, 5, 
    5, 5, 5, 5, 5, 5, 5, 5, 5, 5, 5, 5, 5, 5, 5, 5, 5, 5, 5, 5, 5, 5, 5, 5, 
    5, 5, 5, 5, 5, 5, 5, 5, 5, 5, 5, 5, 5, 5, 5, 5, 5, 5, 5, 5, 5, 5, 5, 5, 
    5, 5 ;

 coordz = 5.928725719, 5.91121290108374, 5.88363393182407, 5.83816389858166, 
    5.76319648759545, 5.63959612249317, 5.43581357148273, 5.0998329450343, 
    4.54589453966562, 3.63260450807656, 2.12684380667728, -0.355735890304053, 
    -4.44881784292545, -11.1971691209312, -22.3233194151356, 
    -36.1744715570992, 7.684549809, 7.66703699108374, 7.63945802182407, 
    7.59398798858166, 7.51902057759545, 7.39542021249317, 7.19163766148273, 
    6.8556570350343, 6.30171862966562, 5.38842859807656, 3.88266789667728, 
    1.40008819969595, -2.69299375292545, -9.44134503093117, 
    -20.5674953251356, -34.4186474670992, 7.684549809, 7.66703699108374, 
    7.63945802182407, 7.59398798858166, 7.51902057759545, 7.39542021249317, 
    7.19163766148273, 6.8556570350343, 6.30171862966562, 5.38842859807656, 
    3.88266789667728, 1.40008819969595, -2.69299375292545, -9.44134503093117, 
    -20.5674953251356, -34.4186474670992, 10.44994926, 10.4324364420837, 
    10.4048574728241, 10.3593874395817, 10.2844200285954, 10.1608196634932, 
    9.95703711248273, 9.6210564860343, 9.06711808066562, 8.15382804907656, 
    6.64806734767728, 4.16548765069595, 0.0724056980745456, 
    -6.67594557993117, -17.8020958741356, -31.6532480160992, 10.44994926, 
    10.4324364420837, 10.4048574728241, 10.3593874395817, 10.2844200285954, 
    10.1608196634932, 9.95703711248273, 9.6210564860343, 9.06711808066562, 
    8.15382804907656, 6.64806734767728, 4.16548765069595, 0.0724056980745456, 
    -6.67594557993117, -17.8020958741356, -31.6532480160992, 10.44994926, 
    10.4324364420837, 10.4048574728241, 10.3593874395817, 10.2844200285954, 
    10.1608196634932, 9.95703711248273, 9.6210564860343, 9.06711808066562, 
    8.15382804907656, 6.64806734767728, 4.16548765069595, 0.0724056980745456, 
    -6.67594557993117, -17.8020958741356, -31.6532480160992, 10.28713322, 
    10.2696204020837, 10.2420414328241, 10.1965713995817, 10.1216039885954, 
    9.99800362349317, 9.79422107248273, 9.4582404460343, 8.90430204066562, 
    7.99101200907656, 6.48525130767728, 4.00267161069595, 
    -0.0904103419254536, -6.83876161993117, -17.9649119141356, 
    -31.8160640560992, 10.28713322, 10.2696204020837, 10.2420414328241, 
    10.1965713995817, 10.1216039885954, 9.99800362349317, 9.79422107248273, 
    9.4582404460343, 8.90430204066562, 7.99101200907656, 6.48525130767728, 
    4.00267161069595, -0.0904103419254536, -6.83876161993117, 
    -17.9649119141356, -31.8160640560992, 9.041090965, 9.02357814708374, 
    8.99599917782407, 8.95052914458165, 8.87556173359545, 8.75196136849317, 
    8.54817881748273, 8.2121981910343, 7.65825978566562, 6.74496975407656, 
    5.23920905267728, 2.75662935569595, -1.33645259692545, -8.08480387493117, 
    -19.2109541691356, -33.0621063110992, 9.041090965, 9.02357814708374, 
    8.99599917782407, 8.95052914458165, 8.87556173359545, 8.75196136849317, 
    8.54817881748273, 8.2121981910343, 7.65825978566562, 6.74496975407656, 
    5.23920905267728, 2.75662935569595, -1.33645259692545, -8.08480387493117, 
    -19.2109541691356, -33.0621063110992, 9.041090965, 9.02357814708374, 
    8.99599917782407, 8.95052914458165, 8.87556173359545, 8.75196136849317, 
    8.54817881748273, 8.2121981910343, 7.65825978566562, 6.74496975407656, 
    5.23920905267728, 2.75662935569595, -1.33645259692545, -8.08480387493117, 
    -19.2109541691356, -33.0621063110992, 7.968013287, 7.95050046908374, 
    7.92292149982407, 7.87745146658165, 7.80248405559545, 7.67888369049317, 
    7.47510113948273, 7.1391205130343, 6.58518210766562, 5.67189207607656, 
    4.16613137467728, 1.68355167769595, -2.40953027492545, -9.15788155293117, 
    -20.2840318471356, -34.1351839890992, 7.968013287, 7.95050046908374, 
    7.92292149982407, 7.87745146658165, 7.80248405559545, 7.67888369049317, 
    7.47510113948273, 7.1391205130343, 6.58518210766562, 5.67189207607656, 
    4.16613137467728, 1.68355167769595, -2.40953027492545, -9.15788155293117, 
    -20.2840318471356, -34.1351839890992, 7.968013287, 7.95050046908374, 
    7.92292149982407, 7.87745146658165, 7.80248405559545, 7.67888369049317, 
    7.47510113948273, 7.1391205130343, 6.58518210766562, 5.67189207607656, 
    4.16613137467728, 1.68355167769595, -2.40953027492545, -9.15788155293117, 
    -20.2840318471356, -34.1351839890992, 7.949603558, 7.93209074008374, 
    7.90451177082407, 7.85904173758165, 7.78407432659545, 7.66047396149317, 
    7.45669141048273, 7.1207107840343, 6.56677237866562, 5.65348234707656, 
    4.14772164567728, 1.66514194869595, -2.42794000392545, -9.17629128193117, 
    -20.3024415761356, -34.1535937180992, 7.949603558, 7.93209074008374, 
    7.90451177082407, 7.85904173758165, 7.78407432659545, 7.66047396149317, 
    7.45669141048273, 7.1207107840343, 6.56677237866562, 5.65348234707656, 
    4.14772164567728, 1.66514194869595, -2.42794000392545, -9.17629128193117, 
    -20.3024415761356, -34.1535937180992, 7.369748116, 7.35223529808374, 
    7.32465632882407, 7.27918629558166, 7.20421888459545, 7.08061851949317, 
    6.87683596848273, 6.5408553420343, 5.98691693666562, 5.07362690507656, 
    3.56786620367728, 1.08528650669595, -3.00779544592545, -9.75614672393117, 
    -20.8822970181356, -34.7334491600992, 7.369748116, 7.35223529808374, 
    7.32465632882407, 7.27918629558166, 7.20421888459545, 7.08061851949317, 
    6.87683596848273, 6.5408553420343, 5.98691693666562, 5.07362690507656, 
    3.56786620367728, 1.08528650669595, -3.00779544592545, -9.75614672393117, 
    -20.8822970181356, -34.7334491600992, 7.369748116, 7.35223529808374, 
    7.32465632882407, 7.27918629558166, 7.20421888459545, 7.08061851949317, 
    6.87683596848273, 6.5408553420343, 5.98691693666562, 5.07362690507656, 
    3.56786620367728, 1.08528650669595, -3.00779544592545, -9.75614672393117, 
    -20.8822970181356, -34.7334491600992, 6.619918346, 6.60240552808374, 
    6.57482655882407, 6.52935652558166, 6.45438911459545, 6.33078874949317, 
    6.12700619848273, 5.7910255720343, 5.23708716666562, 4.32379713507656, 
    2.81803643367728, 0.335456736695947, -3.75762521592545, 
    -10.5059764939312, -21.6321267881356, -35.4832789300992, 6.619918346, 
    6.60240552808374, 6.57482655882407, 6.52935652558166, 6.45438911459545, 
    6.33078874949317, 6.12700619848273, 5.7910255720343, 5.23708716666562, 
    4.32379713507656, 2.81803643367728, 0.335456736695947, -3.75762521592545, 
    -10.5059764939312, -21.6321267881356, -35.4832789300992, 6.40005064, 
    6.38253782208374, 6.35495885282407, 6.30948881958165, 6.23452140859545, 
    6.11092104349317, 5.90713849248273, 5.5711578660343, 5.01721946066562, 
    4.10392942907656, 2.59816872767728, 0.115589030695947, -3.97749292192545, 
    -10.7258441999312, -21.8519944941356, -35.7031466360992, 6.140310287, 
    6.12279746908374, 6.09521849982407, 6.04974846658166, 5.97478105559545, 
    5.85118069049317, 5.64739813948273, 5.3114175130343, 4.75747910766562, 
    3.84418907607656, 2.33842837467728, -0.144151322304053, 
    -4.23723327492545, -10.9855845529312, -22.1117348471356, 
    -35.9628869890992, 6.140310287, 6.12279746908374, 6.09521849982407, 
    6.04974846658166, 5.97478105559545, 5.85118069049317, 5.64739813948273, 
    5.3114175130343, 4.75747910766562, 3.84418907607656, 2.33842837467728, 
    -0.144151322304053, -4.23723327492545, -10.9855845529312, 
    -22.1117348471356, -35.9628869890992, 5.439850807, 5.42233798908374, 
    5.39475901982407, 5.34928898658166, 5.27432157559545, 5.15072121049317, 
    4.94693865948273, 4.6109580330343, 4.05701962766562, 3.14372959607656, 
    1.63796889467728, -0.844610802304053, -4.93769275492545, 
    -11.6860440329312, -22.8121943271356, -36.6633464690992, 5.439850807, 
    5.42233798908374, 5.39475901982407, 5.34928898658166, 5.27432157559545, 
    5.15072121049317, 4.94693865948273, 4.6109580330343, 4.05701962766562, 
    3.14372959607656, 1.63796889467728, -0.844610802304053, 
    -4.93769275492545, -11.6860440329312, -22.8121943271356, 
    -36.6633464690992, 5.439850807, 5.42233798908374, 5.39475901982407, 
    5.34928898658166, 5.27432157559545, 5.15072121049317, 4.94693865948273, 
    4.6109580330343, 4.05701962766562, 3.14372959607656, 1.63796889467728, 
    -0.844610802304053, -4.93769275492545, -11.6860440329312, 
    -22.8121943271356, -36.6633464690992, 4.42961216, 4.41209934208374, 
    4.38452037282407, 4.33905033958165, 4.26408292859545, 4.14048256349317, 
    3.93670001248273, 3.6007193860343, 3.04678098066562, 2.13349094907656, 
    0.627730247677279, -1.85484944930405, -5.94793140192545, 
    -12.6962826799312, -23.8224329741356, -37.6735851160992, 4.42961216, 
    4.41209934208374, 4.38452037282407, 4.33905033958165, 4.26408292859545, 
    4.14048256349317, 3.93670001248273, 3.6007193860343, 3.04678098066562, 
    2.13349094907656, 0.627730247677279, -1.85484944930405, 
    -5.94793140192545, -12.6962826799312, -23.8224329741356, 
    -37.6735851160992, 3.979708195, 3.96219537708375, 3.93461640782407, 
    3.88914637458166, 3.81417896359545, 3.69057859849317, 3.48679604748273, 
    3.1508154210343, 2.59687701566562, 1.68358698407656, 0.17782628267728, 
    -2.30475341430405, -6.39783536692545, -13.1461866449312, 
    -24.2723369391356, -38.1234890810992, 4.158915997, 4.14140317908374, 
    4.11382420982407, 4.06835417658166, 3.99338676559545, 3.86978640049317, 
    3.66600384948273, 3.3300232230343, 2.77608481766562, 1.86279478607656, 
    0.357034084677279, -2.12554561230405, -6.21862756492545, 
    -12.9669788429312, -24.0931291371356, -37.9442812790992, 4.158915997, 
    4.14140317908374, 4.11382420982407, 4.06835417658166, 3.99338676559545, 
    3.86978640049317, 3.66600384948273, 3.3300232230343, 2.77608481766562, 
    1.86279478607656, 0.357034084677279, -2.12554561230405, 
    -6.21862756492545, -12.9669788429312, -24.0931291371356, 
    -37.9442812790992, 3.319620132, 3.30210731408374, 3.27452834482407, 
    3.22905831158166, 3.15409090059545, 3.03049053549317, 2.82670798448273, 
    2.4907273580343, 1.93678895266562, 1.02349892107656, -0.482261780322721, 
    -2.96484147730405, -7.05792342992545, -13.8062747079312, 
    -24.9324250021356, -38.7835771440992, 3.319620132, 3.30210731408374, 
    3.27452834482407, 3.22905831158166, 3.15409090059545, 3.03049053549317, 
    2.82670798448273, 2.4907273580343, 1.93678895266562, 1.02349892107656, 
    -0.482261780322721, -2.96484147730405, -7.05792342992545, 
    -13.8062747079312, -24.9324250021356, -38.7835771440992, 2.504986286, 
    2.48747346808374, 2.45989449882407, 2.41442446558166, 2.33945705459545, 
    2.21585668949317, 2.01207413848273, 1.6760935120343, 1.12215510666562, 
    0.208865075076556, -1.29689562632272, -3.77947532330405, 
    -7.87255727592545, -14.6209085539312, -25.7470588481356, 
    -39.5982109900992, 2.349324703, 2.33181188508375, 2.30423291582407, 
    2.25876288258166, 2.18379547159545, 2.06019510649317, 1.85641255548273, 
    1.5204319290343, 0.966493523665617, 0.0532034920765561, 
    -1.45255720932272, -3.93513690630405, -8.02821885892545, 
    -14.7765701369312, -25.9027204311356, -39.7538725730992, 2.349324703, 
    2.33181188508375, 2.30423291582407, 2.25876288258166, 2.18379547159545, 
    2.06019510649317, 1.85641255548273, 1.5204319290343, 0.966493523665617, 
    0.0532034920765561, -1.45255720932272, -3.93513690630405, 
    -8.02821885892545, -14.7765701369312, -25.9027204311356, 
    -39.7538725730992, 1.934007287, 1.91649446908374, 1.88891549982407, 
    1.84344546658166, 1.76847805559545, 1.64487769049317, 1.44109513948273, 
    1.1051145130343, 0.551176107665617, -0.362113923923444, 
    -1.86787462532272, -4.35045432230405, -8.44353627492545, 
    -15.1918875529312, -26.3180378471356, -40.1691899890992, 1.260437131, 
    1.24292431308374, 1.21534534382407, 1.16987531058166, 1.09490789959545, 
    0.971307534493166, 0.767524983482735, 0.431544357034302, 
    -0.122394048334383, -1.03568407992344, -2.54144478132272, 
    -5.02402447830405, -9.11710643092545, -15.8654577089312, 
    -26.9916080031356, -40.8427601450992, 0.899600208, 0.882087390083745, 
    0.854508420824068, 0.809038387581655, 0.734070976595447, 
    0.610470611493166, 0.406688060482734, 0.0707074340343018, 
    -0.483230971334383, -1.39652100292344, -2.90228170432272, 
    -5.38486140130405, -9.47794335392545, -16.2262946319312, 
    -27.3524449261356, -41.2035970680992, 0.500280082, 0.482767264083745, 
    0.455188294824069, 0.409718261581655, 0.334750850595447, 
    0.211150485493166, 0.00736793448273446, -0.328612691965698, 
    -0.882551097334383, -1.79584112892344, -3.30160183032272, 
    -5.78418152730405, -9.87726347992545, -16.6256147579312, 
    -27.7517650521356, -41.6029171940992, 0.500280082, 0.482767264083745, 
    0.455188294824069, 0.409718261581655, 0.334750850595447, 
    0.211150485493166, 0.00736793448273446, -0.328612691965698, 
    -0.882551097334383, -1.79584112892344, -3.30160183032272, 
    -5.78418152730405, -9.87726347992545, -16.6256147579312, 
    -27.7517650521356, -41.6029171940992, 0.518239498, 0.500726680083745, 
    0.473147710824069, 0.427677677581655, 0.352710266595447, 
    0.229109901493166, 0.0253273504827345, -0.310653275965698, 
    -0.864591681334383, -1.77788171292344, -3.28364241432272, 
    -5.76622211130405, -9.85930406392545, -16.6076553419312, 
    -27.7338056361356, -41.5849577780992, 0.444148928, 0.426636110083745, 
    0.399057140824069, 0.353587107581655, 0.278619696595447, 
    0.155019331493166, -0.0487632195172655, -0.384743845965698, 
    -0.938682251334383, -1.85197228292344, -3.35773298432272, 
    -5.84031268130405, -9.93339463392545, -16.6817459119312, 
    -27.8078962061356, -41.6590483480992, 0.444148928, 0.426636110083745, 
    0.399057140824069, 0.353587107581655, 0.278619696595447, 
    0.155019331493166, -0.0487632195172655, -0.384743845965698, 
    -0.938682251334383, -1.85197228292344, -3.35773298432272, 
    -5.84031268130405, -9.93339463392545, -16.6817459119312, 
    -27.8078962061356, -41.6590483480992, 0.310068965, 0.292556147083745, 
    0.264977177824069, 0.219507144581655, 0.144539733595447, 
    0.0209393684931663, -0.182843182517265, -0.518823808965698, 
    -1.07276221433438, -1.98605224592344, -3.49181294732272, 
    -5.97439264430405, -10.0674745969255, -16.8158258749312, 
    -27.9419761691356, -41.7931283110992, 0.120093837, 0.102581019083745, 
    0.0750020498240685, 0.0295320165816553, -0.0454353944045532, 
    -0.169035759506834, -0.372818310517265, -0.708798936965698, 
    -1.26273734233438, -2.17602737392344, -3.68178807532272, 
    -6.16436777230405, -10.2574497249255, -17.0058010029312, 
    -28.1319512971356, -41.9831034390992, 0.03994659, 0.0224337720837448, 
    -0.00514519717593146, -0.0506152304183447, -0.125582641404553, 
    -0.249183006506834, -0.452965557517266, -0.788946183965698, 
    -1.34288458933438, -2.25617462092344, -3.76193532232272, 
    -6.24451501930405, -10.3375969719255, -17.0859482499312, 
    -28.2120985441356, -42.0632506860992, 0.149989188, 0.132476370083745, 
    0.104897400824069, 0.0594273675816554, -0.0155400434045532, 
    -0.139140408506834, -0.342922959517265, -0.678903585965698, 
    -1.23284199133438, -2.14613202292344, -3.65189272432272, 
    -6.13447242130405, -10.2275543739255, -16.9759056519312, 
    -28.1020559461356, -41.9532080880992, 0.149989188, 0.132476370083745, 
    0.104897400824069, 0.0594273675816554, -0.0155400434045532, 
    -0.139140408506834, -0.342922959517265, -0.678903585965698, 
    -1.23284199133438, -2.14613202292344, -3.65189272432272, 
    -6.13447242130405, -10.2275543739255, -16.9759056519312, 
    -28.1020559461356, -41.9532080880992, 0.130099535, 0.112586717083745, 
    0.0850077478240685, 0.0395377145816553, -0.0354296964045532, 
    -0.159030061506834, -0.362812612517265, -0.698793238965698, 
    -1.25273164433438, -2.16602167592344, -3.67178237732272, 
    -6.15436207430405, -10.2474440269255, -16.9957953049312, 
    -28.1219455991356, -41.9730977410992, 0.266325474, 0.248812656083745, 
    0.221233686824069, 0.175763653581655, 0.100796242595447, 
    -0.0228041225068337, -0.226586673517265, -0.562567299965698, 
    -1.11650570533438, -2.02979573692344, -3.53555643832272, 
    -6.01813613530405, -10.1112180879255, -16.8595693659312, 
    -27.9857196601356, -41.8368718020992, 0.17209363, 0.154580812083745, 
    0.127001842824069, 0.0815318095816553, 0.00656439859544679, 
    -0.117035966506834, -0.320818517517265, -0.656799143965698, 
    -1.21073754933438, -2.12402758092344, -3.62978828232272, 
    -6.11236797930405, -10.2054499319255, -16.9538012099312, 
    -28.0799515041356, -41.9311036460992, 0.17209363, 0.154580812083745, 
    0.127001842824069, 0.0815318095816553, 0.00656439859544679, 
    -0.117035966506834, -0.320818517517265, -0.656799143965698, 
    -1.21073754933438, -2.12402758092344, -3.62978828232272, 
    -6.11236797930405, -10.2054499319255, -16.9538012099312, 
    -28.0799515041356, -41.9311036460992, 0.430608124, 0.413095306083745, 
    0.385516336824069, 0.340046303581655, 0.265078892595447, 
    0.141478527493166, -0.0623040235172655, -0.398284649965698, 
    -0.952223055334383, -1.86551308692344, -3.37127378832272, 
    -5.85385348530405, -9.94693543792545, -16.6952867159312, 
    -27.8214370101356, -41.6725891520992, 0.450624019, 0.433111201083745, 
    0.405532231824069, 0.360062198581655, 0.285094787595447, 
    0.161494422493166, -0.0422881285172655, -0.378268754965698, 
    -0.932207160334383, -1.84549719192344, -3.35125789332272, 
    -5.83383759030405, -9.92691954292545, -16.6752708209312, 
    -27.8014211151356, -41.6525732570992, 0.280581057, 0.263068239083745, 
    0.235489269824069, 0.190019236581655, 0.115051825595447, 
    -0.00854853950683372, -0.212331090517265, -0.548311716965698, 
    -1.10225012233438, -2.01554015392344, -3.52130085532272, 
    -6.00388055230405, -10.0969625049255, -16.8453137829312, 
    -27.9714640771356, -41.8226162190992, 0.561076939, 0.543564121083745, 
    0.515985151824068, 0.470515118581655, 0.395547707595447, 
    0.271947342493166, 0.0681647914827344, -0.267815834965698, 
    -0.821754240334383, -1.73504427192344, -3.24080497332272, 
    -5.72338467030405, -9.81646662292545, -16.5648179009312, 
    -27.6909681951356, -41.5421203370992, 0.561076939, 0.543564121083745, 
    0.515985151824068, 0.470515118581655, 0.395547707595447, 
    0.271947342493166, 0.0681647914827344, -0.267815834965698, 
    -0.821754240334383, -1.73504427192344, -3.24080497332272, 
    -5.72338467030405, -9.81646662292545, -16.5648179009312, 
    -27.6909681951356, -41.5421203370992, 0.227149785, 0.209636967083745, 
    0.182057997824069, 0.136587964581655, 0.0616205535954468, 
    -0.0619798115068338, -0.265762362517265, -0.601742988965698, 
    -1.15568139433438, -2.06897142592344, -3.57473212732272, 
    -6.05731182430405, -10.1503937769255, -16.8987450549312, 
    -28.0248953491356, -41.8760474910992, 0.37964052, 0.362127702083745, 
    0.334548732824069, 0.289078699581655, 0.214111288595447, 
    0.0905109234931662, -0.113271627517266, -0.449252253965698, 
    -1.00319065933438, -1.91648069092344, -3.42224139232272, 
    -5.90482108930405, -9.99790304192545, -16.7462543199312, 
    -27.8724046141356, -41.7235567560992, 0.37964052, 0.362127702083745, 
    0.334548732824069, 0.289078699581655, 0.214111288595447, 
    0.0905109234931662, -0.113271627517266, -0.449252253965698, 
    -1.00319065933438, -1.91648069092344, -3.42224139232272, 
    -5.90482108930405, -9.99790304192545, -16.7462543199312, 
    -27.8724046141356, -41.7235567560992, 0.344920576, 0.327407758083745, 
    0.299828788824069, 0.254358755581655, 0.179391344595447, 
    0.0557909794931662, -0.147991571517266, -0.483972197965698, 
    -1.03791060333438, -1.95120063492344, -3.45696133632272, 
    -5.93954103330405, -10.0326229859255, -16.7809742639312, 
    -27.9071245581356, -41.7582767000992, 0.349661797, 0.332148979083745, 
    0.304570009824069, 0.259099976581655, 0.184132565595447, 
    0.0605322004931662, -0.143250350517266, -0.479230976965698, 
    -1.03316938233438, -1.94645941392344, -3.45222011532272, 
    -5.93479981230405, -10.0278817649255, -16.7762330429312, 
    -27.9023833371356, -41.7535354790992, 0.409951836, 0.392439018083745, 
    0.364860048824069, 0.319390015581655, 0.244422604595447, 
    0.120822239493166, -0.0829603115172655, -0.418940937965698, 
    -0.972879343334383, -1.88616937492344, -3.39193007632272, 
    -5.87450977330405, -9.96759172592545, -16.7159430039312, 
    -27.8420932981356, -41.6932454400992, 0.440762758, 0.423249940083745, 
    0.395670970824069, 0.350200937581655, 0.275233526595447, 
    0.151633161493166, -0.0521493895172655, -0.388130015965698, 
    -0.942068421334383, -1.85535845292344, -3.36111915432272, 
    -5.84369885130405, -9.93678080392545, -16.6851320819312, 
    -27.8112823761356, -41.6624345180992, 0.440762758, 0.423249940083745, 
    0.395670970824069, 0.350200937581655, 0.275233526595447, 
    0.151633161493166, -0.0521493895172655, -0.388130015965698, 
    -0.942068421334383, -1.85535845292344, -3.36111915432272, 
    -5.84369885130405, -9.93678080392545, -16.6851320819312, 
    -27.8112823761356, -41.6624345180992, 0.547970831, 0.530458013083745, 
    0.502879043824068, 0.457409010581655, 0.382441599595447, 
    0.258841234493166, 0.0550586834827343, -0.280921942965698, 
    -0.834860348334383, -1.74815037992344, -3.25391108132272, 
    -5.73649077830405, -9.82957273092545, -16.5779240089312, 
    -27.7040743031356, -41.5552264450992, 0.140034392, 0.122521574083745, 
    0.0949426048240686, 0.0494725715816554, -0.0254948394045532, 
    -0.149095204506834, -0.352877755517265, -0.688858381965698, 
    -1.24279678733438, -2.15608681892344, -3.66184752032272, 
    -6.14442721730405, -10.2375091699255, -16.9858604479312, 
    -28.1120107421356, -41.9631628840992, 0.140034392, 0.122521574083745, 
    0.0949426048240686, 0.0494725715816554, -0.0254948394045532, 
    -0.149095204506834, -0.352877755517265, -0.688858381965698, 
    -1.24279678733438, -2.15608681892344, -3.66184752032272, 
    -6.14442721730405, -10.2375091699255, -16.9858604479312, 
    -28.1120107421356, -41.9631628840992, 0.067026392, 0.0495135740837448, 
    0.0219346048240685, -0.0235354284183447, -0.0985028394045532, 
    -0.222103204506834, -0.425885755517265, -0.761866381965698, 
    -1.31580478733438, -2.22909481892344, -3.73485552032272, 
    -6.21743521730405, -10.3105171699255, -17.0588684479312, 
    -28.1850187421356, -42.0361708840992, 0.067026392, 0.0495135740837448, 
    0.0219346048240685, -0.0235354284183447, -0.0985028394045532, 
    -0.222103204506834, -0.425885755517265, -0.761866381965698, 
    -1.31580478733438, -2.22909481892344, -3.73485552032272, 
    -6.21743521730405, -10.3105171699255, -17.0588684479312, 
    -28.1850187421356, -42.0361708840992, 0.066911057, 0.0493982390837448, 
    0.0218192698240685, -0.0236507634183447, -0.0986181744045532, 
    -0.222218539506834, -0.426001090517265, -0.761981716965698, 
    -1.31592012233438, -2.22921015392344, -3.73497085532272, 
    -6.21755055230405, -10.3106325049255, -17.0589837829312, 
    -28.1851340771356, -42.0362862190992, 0.255801648, 0.238288830083745, 
    0.210709860824069, 0.165239827581655, 0.0902724165954468, 
    -0.0333279485068338, -0.237110499517265, -0.573091125965698, 
    -1.12702953133438, -2.04031956292344, -3.54608026432272, 
    -6.02865996130405, -10.1217419139255, -16.8700931919312, 
    -27.9962434861356, -41.8473956280992, 0.255801648, 0.238288830083745, 
    0.210709860824069, 0.165239827581655, 0.0902724165954468, 
    -0.0333279485068338, -0.237110499517265, -0.573091125965698, 
    -1.12702953133438, -2.04031956292344, -3.54608026432272, 
    -6.02865996130405, -10.1217419139255, -16.8700931919312, 
    -27.9962434861356, -41.8473956280992, 0.036286131, 0.0187733130837448, 
    -0.00880565617593146, -0.0542756894183447, -0.129243100404553, 
    -0.252843465506834, -0.456626016517266, -0.792606642965698, 
    -1.34654504833438, -2.25983507992344, -3.76559578132272, 
    -6.24817547830405, -10.3412574309255, -17.0896087089312, 
    -28.2157590031356, -42.0669111450992, 0.14028585, 0.122773032083745, 
    0.0951940628240685, 0.0497240295816553, -0.0252433814045532, 
    -0.148843746506834, -0.352626297517265, -0.688606923965698, 
    -1.24254532933438, -2.15583536092344, -3.66159606232272, 
    -6.14417575930405, -10.2372577119255, -16.9856089899312, 
    -28.1117592841356, -41.9629114260992, 0.14028585, 0.122773032083745, 
    0.0951940628240685, 0.0497240295816553, -0.0252433814045532, 
    -0.148843746506834, -0.352626297517265, -0.688606923965698, 
    -1.24254532933438, -2.15583536092344, -3.66159606232272, 
    -6.14417575930405, -10.2372577119255, -16.9856089899312, 
    -28.1117592841356, -41.9629114260992, 0.240036875, 0.222524057083745, 
    0.194945087824069, 0.149475054581655, 0.0745076435954468, 
    -0.0490927215068337, -0.252875272517265, -0.588855898965698, 
    -1.14279430433438, -2.05608433592344, -3.56184503732272, 
    -6.04442473430405, -10.1375066869255, -16.8858579649312, 
    -28.0120082591356, -41.8631604010992, 0.240036875, 0.222524057083745, 
    0.194945087824069, 0.149475054581655, 0.0745076435954468, 
    -0.0490927215068337, -0.252875272517265, -0.588855898965698, 
    -1.14279430433438, -2.05608433592344, -3.56184503732272, 
    -6.04442473430405, -10.1375066869255, -16.8858579649312, 
    -28.0120082591356, -41.8631604010992, 0.317082435, 0.299569617083745, 
    0.271990647824069, 0.226520614581655, 0.151553203595447, 
    0.0279528384931663, -0.175829712517265, -0.511810338965698, 
    -1.06574874433438, -1.97903877592344, -3.48479947732272, 
    -5.96737917430405, -10.0604611269255, -16.8088124049312, 
    -27.9349626991356, -41.7861148410992, 0.850632846, 0.833120028083745, 
    0.805541058824068, 0.760071025581655, 0.685103614595447, 
    0.561503249493166, 0.357720698482734, 0.0217400720343018, 
    -0.532198333334383, -1.44548836492344, -2.95124906632272, 
    -5.43382876330405, -9.52691071592545, -16.2752619939312, 
    -27.4014122881356, -41.2525644300992, 0.850632846, 0.833120028083745, 
    0.805541058824068, 0.760071025581655, 0.685103614595447, 
    0.561503249493166, 0.357720698482734, 0.0217400720343018, 
    -0.532198333334383, -1.44548836492344, -2.95124906632272, 
    -5.43382876330405, -9.52691071592545, -16.2752619939312, 
    -27.4014122881356, -41.2525644300992, 0.386627734, 0.369114916083745, 
    0.341535946824069, 0.296065913581655, 0.221098502595447, 
    0.0974981374931662, -0.106284413517266, -0.442265039965698, 
    -0.996203445334383, -1.90949347692344, -3.41525417832272, 
    -5.89783387530405, -9.99091582792545, -16.7392671059312, 
    -27.8654174001356, -41.7165695420992, 0.386627734, 0.369114916083745, 
    0.341535946824069, 0.296065913581655, 0.221098502595447, 
    0.0974981374931662, -0.106284413517266, -0.442265039965698, 
    -0.996203445334383, -1.90949347692344, -3.41525417832272, 
    -5.89783387530405, -9.99091582792545, -16.7392671059312, 
    -27.8654174001356, -41.7165695420992, 0.386627734, 0.369114916083745, 
    0.341535946824069, 0.296065913581655, 0.221098502595447, 
    0.0974981374931662, -0.106284413517266, -0.442265039965698, 
    -0.996203445334383, -1.90949347692344, -3.41525417832272, 
    -5.89783387530405, -9.99091582792545, -16.7392671059312, 
    -27.8654174001356, -41.7165695420992, 0.429962695, 0.412449877083745, 
    0.384870907824069, 0.339400874581655, 0.264433463595447, 
    0.140833098493166, -0.0629494525172655, -0.398930078965698, 
    -0.952868484334383, -1.86615851592344, -3.37191921732272, 
    -5.85449891430405, -9.94758086692545, -16.6959321449312, 
    -27.8220824391356, -41.6732345810992, 0.429962695, 0.412449877083745, 
    0.384870907824069, 0.339400874581655, 0.264433463595447, 
    0.140833098493166, -0.0629494525172655, -0.398930078965698, 
    -0.952868484334383, -1.86615851592344, -3.37191921732272, 
    -5.85449891430405, -9.94758086692545, -16.6959321449312, 
    -27.8220824391356, -41.6732345810992, 0.449939907, 0.432427089083745, 
    0.404848119824069, 0.359378086581655, 0.284410675595447, 
    0.160810310493166, -0.0429722405172655, -0.378952866965698, 
    -0.932891272334383, -1.84618130392344, -3.35194200532272, 
    -5.83452170230405, -9.92760365492545, -16.6759549329312, 
    -27.8021052271356, -41.6532573690992, 0.449939907, 0.432427089083745, 
    0.404848119824069, 0.359378086581655, 0.284410675595447, 
    0.160810310493166, -0.0429722405172655, -0.378952866965698, 
    -0.932891272334383, -1.84618130392344, -3.35194200532272, 
    -5.83452170230405, -9.92760365492545, -16.6759549329312, 
    -27.8021052271356, -41.6532573690992, 0.449939907, 0.432427089083745, 
    0.404848119824069, 0.359378086581655, 0.284410675595447, 
    0.160810310493166, -0.0429722405172655, -0.378952866965698, 
    -0.932891272334383, -1.84618130392344, -3.35194200532272, 
    -5.83452170230405, -9.92760365492545, -16.6759549329312, 
    -27.8021052271356, -41.6532573690992, 0.480018884, 0.462506066083745, 
    0.434927096824069, 0.389457063581655, 0.314489652595447, 
    0.190889287493166, -0.0128932635172655, -0.348873889965698, 
    -0.902812295334383, -1.81610232692344, -3.32186302832272, 
    -5.80444272530405, -9.89752467792545, -16.6458759559312, 
    -27.7720262501356, -41.6231783920992, 0.480018884, 0.462506066083745, 
    0.434927096824069, 0.389457063581655, 0.314489652595447, 
    0.190889287493166, -0.0128932635172655, -0.348873889965698, 
    -0.902812295334383, -1.81610232692344, -3.32186302832272, 
    -5.80444272530405, -9.89752467792545, -16.6458759559312, 
    -27.7720262501356, -41.6231783920992, 0.480018884, 0.462506066083745, 
    0.434927096824069, 0.389457063581655, 0.314489652595447, 
    0.190889287493166, -0.0128932635172655, -0.348873889965698, 
    -0.902812295334383, -1.81610232692344, -3.32186302832272, 
    -5.80444272530405, -9.89752467792545, -16.6458759559312, 
    -27.7720262501356, -41.6231783920992, 0.537275672, 0.519762854083745, 
    0.492183884824069, 0.446713851581655, 0.371746440595447, 
    0.248146075493166, 0.0443635244827345, -0.291617101965698, 
    -0.845555507334383, -1.75884553892344, -3.26460624032272, 
    -5.74718593730405, -9.84026788992545, -16.5886191679312, 
    -27.7147694621356, -41.5659216040992, 0.537275672, 0.519762854083745, 
    0.492183884824069, 0.446713851581655, 0.371746440595447, 
    0.248146075493166, 0.0443635244827345, -0.291617101965698, 
    -0.845555507334383, -1.75884553892344, -3.26460624032272, 
    -5.74718593730405, -9.84026788992545, -16.5886191679312, 
    -27.7147694621356, -41.5659216040992, 0.409960508, 0.392447690083745, 
    0.364868720824069, 0.319398687581655, 0.244431276595447, 
    0.120830911493166, -0.0829516395172655, -0.418932265965698, 
    -0.972870671334383, -1.88616070292344, -3.39192140432272, 
    -5.87450110130405, -9.96758305392545, -16.7159343319312, 
    -27.8420846261356, -41.6932367680992, 0.409960508, 0.392447690083745, 
    0.364868720824069, 0.319398687581655, 0.244431276595447, 
    0.120830911493166, -0.0829516395172655, -0.418932265965698, 
    -0.972870671334383, -1.88616070292344, -3.39192140432272, 
    -5.87450110130405, -9.96758305392545, -16.7159343319312, 
    -27.8420846261356, -41.6932367680992, 0.409960508, 0.392447690083745, 
    0.364868720824069, 0.319398687581655, 0.244431276595447, 
    0.120830911493166, -0.0829516395172655, -0.418932265965698, 
    -0.972870671334383, -1.88616070292344, -3.39192140432272, 
    -5.87450110130405, -9.96758305392545, -16.7159343319312, 
    -27.8420846261356, -41.6932367680992, 0.390062124, 0.372549306083745, 
    0.344970336824069, 0.299500303581655, 0.224532892595447, 
    0.100932527493166, -0.102850023517265, -0.438830649965698, 
    -0.992769055334383, -1.90605908692344, -3.41181978832272, 
    -5.89439948530405, -9.98748143792545, -16.7358327159312, 
    -27.8619830101356, -41.7131351520992, 0.390062124, 0.372549306083745, 
    0.344970336824069, 0.299500303581655, 0.224532892595447, 
    0.100932527493166, -0.102850023517265, -0.438830649965698, 
    -0.992769055334383, -1.90605908692344, -3.41181978832272, 
    -5.89439948530405, -9.98748143792545, -16.7358327159312, 
    -27.8619830101356, -41.7131351520992, 0.51285255, 0.495339732083745, 
    0.467760762824069, 0.422290729581655, 0.347323318595447, 
    0.223722953493166, 0.0199404024827345, -0.316040223965698, 
    -0.869978629334383, -1.78326866092344, -3.28902936232272, 
    -5.77160905930405, -9.86469101192545, -16.6130422899312, 
    -27.7391925841356, -41.5903447260992, 0.477470964, 0.459958146083745, 
    0.432379176824069, 0.386909143581655, 0.311941732595447, 
    0.188341367493166, -0.0154411835172655, -0.351421809965698, 
    -0.905360215334383, -1.81865024692344, -3.32441094832272, 
    -5.80699064530405, -9.90007259792545, -16.6484238759312, 
    -27.7745741701356, -41.6257263120992, 0.477470964, 0.459958146083745, 
    0.432379176824069, 0.386909143581655, 0.311941732595447, 
    0.188341367493166, -0.0154411835172655, -0.351421809965698, 
    -0.905360215334383, -1.81865024692344, -3.32441094832272, 
    -5.80699064530405, -9.90007259792545, -16.6484238759312, 
    -27.7745741701356, -41.6257263120992, 0.010256663, -0.0072561549162552, 
    -0.0348351241759315, -0.0803051574183447, -0.155272568404553, 
    -0.278872933506834, -0.482655484517265, -0.818636110965698, 
    -1.37257451633438, -2.28586454792344, -3.79162524932272, 
    -6.27420494630405, -10.3672868989255, -17.1156381769312, 
    -28.2417884711356, -42.0929406130992, 0.010256663, -0.0072561549162552, 
    -0.0348351241759315, -0.0803051574183447, -0.155272568404553, 
    -0.278872933506834, -0.482655484517265, -0.818636110965698, 
    -1.37257451633438, -2.28586454792344, -3.79162524932272, 
    -6.27420494630405, -10.3672868989255, -17.1156381769312, 
    -28.2417884711356, -42.0929406130992, 0.01, -0.0075128179162552, 
    -0.0350917871759315, -0.0805618204183447, -0.155529231404553, 
    -0.279129596506834, -0.482912147517266, -0.818892773965698, 
    -1.37283117933438, -2.28612121092344, -3.79188191232272, 
    -6.27446160930405, -10.3675435619255, -17.1158948399312, 
    -28.2420451341356, -42.0931972760992, 0.01, -0.0075128179162552, 
    -0.0350917871759315, -0.0805618204183447, -0.155529231404553, 
    -0.279129596506834, -0.482912147517266, -0.818892773965698, 
    -1.37283117933438, -2.28612121092344, -3.79188191232272, 
    -6.27446160930405, -10.3675435619255, -17.1158948399312, 
    -28.2420451341356, -42.0931972760992, 0.01, -0.0075128179162552, 
    -0.0350917871759315, -0.0805618204183447, -0.155529231404553, 
    -0.279129596506834, -0.482912147517266, -0.818892773965698, 
    -1.37283117933438, -2.28612121092344, -3.79188191232272, 
    -6.27446160930405, -10.3675435619255, -17.1158948399312, 
    -28.2420451341356, -42.0931972760992, 0.01, -0.0075128179162552, 
    -0.0350917871759315, -0.0805618204183447, -0.155529231404553, 
    -0.279129596506834, -0.482912147517266, -0.818892773965698, 
    -1.37283117933438, -2.28612121092344, -3.79188191232272, 
    -6.27446160930405, -10.3675435619255, -17.1158948399312, 
    -28.2420451341356, -42.0931972760992, 0.01, -0.0075128179162552, 
    -0.0350917871759315, -0.0805618204183447, -0.155529231404553, 
    -0.279129596506834, -0.482912147517266, -0.818892773965698, 
    -1.37283117933438, -2.28612121092344, -3.79188191232272, 
    -6.27446160930405, -10.3675435619255, -17.1158948399312, 
    -28.2420451341356, -42.0931972760992, 5.928725719, 5.91121290108374, 
    5.88363393182407, 5.83816389858166, 5.76319648759545, 5.63959612249317, 
    5.43581357148273, 5.0998329450343, 4.54589453966562, 3.63260450807656, 
    2.12684380667728, -0.355735890304053, -4.44881784292545, 
    -11.1971691209312, -22.3233194151356, -36.1744715570992, 7.684549809, 
    7.66703699108374, 7.63945802182407, 7.59398798858166, 7.51902057759545, 
    7.39542021249317, 7.19163766148273, 6.8556570350343, 6.30171862966562, 
    5.38842859807656, 3.88266789667728, 1.40008819969595, -2.69299375292545, 
    -9.44134503093117, -20.5674953251356, -34.4186474670992, 7.684549809, 
    7.66703699108374, 7.63945802182407, 7.59398798858166, 7.51902057759545, 
    7.39542021249317, 7.19163766148273, 6.8556570350343, 6.30171862966562, 
    5.38842859807656, 3.88266789667728, 1.40008819969595, -2.69299375292545, 
    -9.44134503093117, -20.5674953251356, -34.4186474670992, 10.44994926, 
    10.4324364420837, 10.4048574728241, 10.3593874395817, 10.2844200285954, 
    10.1608196634932, 9.95703711248273, 9.6210564860343, 9.06711808066562, 
    8.15382804907656, 6.64806734767728, 4.16548765069595, 0.0724056980745456, 
    -6.67594557993117, -17.8020958741356, -31.6532480160992, 10.44994926, 
    10.4324364420837, 10.4048574728241, 10.3593874395817, 10.2844200285954, 
    10.1608196634932, 9.95703711248273, 9.6210564860343, 9.06711808066562, 
    8.15382804907656, 6.64806734767728, 4.16548765069595, 0.0724056980745456, 
    -6.67594557993117, -17.8020958741356, -31.6532480160992, 10.44994926, 
    10.4324364420837, 10.4048574728241, 10.3593874395817, 10.2844200285954, 
    10.1608196634932, 9.95703711248273, 9.6210564860343, 9.06711808066562, 
    8.15382804907656, 6.64806734767728, 4.16548765069595, 0.0724056980745456, 
    -6.67594557993117, -17.8020958741356, -31.6532480160992, 10.28713322, 
    10.2696204020837, 10.2420414328241, 10.1965713995817, 10.1216039885954, 
    9.99800362349317, 9.79422107248273, 9.4582404460343, 8.90430204066562, 
    7.99101200907656, 6.48525130767728, 4.00267161069595, 
    -0.0904103419254536, -6.83876161993117, -17.9649119141356, 
    -31.8160640560992, 10.28713322, 10.2696204020837, 10.2420414328241, 
    10.1965713995817, 10.1216039885954, 9.99800362349317, 9.79422107248273, 
    9.4582404460343, 8.90430204066562, 7.99101200907656, 6.48525130767728, 
    4.00267161069595, -0.0904103419254536, -6.83876161993117, 
    -17.9649119141356, -31.8160640560992, 9.041090965, 9.02357814708374, 
    8.99599917782407, 8.95052914458165, 8.87556173359545, 8.75196136849317, 
    8.54817881748273, 8.2121981910343, 7.65825978566562, 6.74496975407656, 
    5.23920905267728, 2.75662935569595, -1.33645259692545, -8.08480387493117, 
    -19.2109541691356, -33.0621063110992, 9.041090965, 9.02357814708374, 
    8.99599917782407, 8.95052914458165, 8.87556173359545, 8.75196136849317, 
    8.54817881748273, 8.2121981910343, 7.65825978566562, 6.74496975407656, 
    5.23920905267728, 2.75662935569595, -1.33645259692545, -8.08480387493117, 
    -19.2109541691356, -33.0621063110992, 9.041090965, 9.02357814708374, 
    8.99599917782407, 8.95052914458165, 8.87556173359545, 8.75196136849317, 
    8.54817881748273, 8.2121981910343, 7.65825978566562, 6.74496975407656, 
    5.23920905267728, 2.75662935569595, -1.33645259692545, -8.08480387493117, 
    -19.2109541691356, -33.0621063110992, 7.968013287, 7.95050046908374, 
    7.92292149982407, 7.87745146658165, 7.80248405559545, 7.67888369049317, 
    7.47510113948273, 7.1391205130343, 6.58518210766562, 5.67189207607656, 
    4.16613137467728, 1.68355167769595, -2.40953027492545, -9.15788155293117, 
    -20.2840318471356, -34.1351839890992, 7.968013287, 7.95050046908374, 
    7.92292149982407, 7.87745146658165, 7.80248405559545, 7.67888369049317, 
    7.47510113948273, 7.1391205130343, 6.58518210766562, 5.67189207607656, 
    4.16613137467728, 1.68355167769595, -2.40953027492545, -9.15788155293117, 
    -20.2840318471356, -34.1351839890992, 7.968013287, 7.95050046908374, 
    7.92292149982407, 7.87745146658165, 7.80248405559545, 7.67888369049317, 
    7.47510113948273, 7.1391205130343, 6.58518210766562, 5.67189207607656, 
    4.16613137467728, 1.68355167769595, -2.40953027492545, -9.15788155293117, 
    -20.2840318471356, -34.1351839890992, 7.949603558, 7.93209074008374, 
    7.90451177082407, 7.85904173758165, 7.78407432659545, 7.66047396149317, 
    7.45669141048273, 7.1207107840343, 6.56677237866562, 5.65348234707656, 
    4.14772164567728, 1.66514194869595, -2.42794000392545, -9.17629128193117, 
    -20.3024415761356, -34.1535937180992, 7.949603558, 7.93209074008374, 
    7.90451177082407, 7.85904173758165, 7.78407432659545, 7.66047396149317, 
    7.45669141048273, 7.1207107840343, 6.56677237866562, 5.65348234707656, 
    4.14772164567728, 1.66514194869595, -2.42794000392545, -9.17629128193117, 
    -20.3024415761356, -34.1535937180992, 7.369748116, 7.35223529808374, 
    7.32465632882407, 7.27918629558166, 7.20421888459545, 7.08061851949317, 
    6.87683596848273, 6.5408553420343, 5.98691693666562, 5.07362690507656, 
    3.56786620367728, 1.08528650669595, -3.00779544592545, -9.75614672393117, 
    -20.8822970181356, -34.7334491600992, 7.369748116, 7.35223529808374, 
    7.32465632882407, 7.27918629558166, 7.20421888459545, 7.08061851949317, 
    6.87683596848273, 6.5408553420343, 5.98691693666562, 5.07362690507656, 
    3.56786620367728, 1.08528650669595, -3.00779544592545, -9.75614672393117, 
    -20.8822970181356, -34.7334491600992, 7.369748116, 7.35223529808374, 
    7.32465632882407, 7.27918629558166, 7.20421888459545, 7.08061851949317, 
    6.87683596848273, 6.5408553420343, 5.98691693666562, 5.07362690507656, 
    3.56786620367728, 1.08528650669595, -3.00779544592545, -9.75614672393117, 
    -20.8822970181356, -34.7334491600992, 6.619918346, 6.60240552808374, 
    6.57482655882407, 6.52935652558166, 6.45438911459545, 6.33078874949317, 
    6.12700619848273, 5.7910255720343, 5.23708716666562, 4.32379713507656, 
    2.81803643367728, 0.335456736695947, -3.75762521592545, 
    -10.5059764939312, -21.6321267881356, -35.4832789300992, 6.619918346, 
    6.60240552808374, 6.57482655882407, 6.52935652558166, 6.45438911459545, 
    6.33078874949317, 6.12700619848273, 5.7910255720343, 5.23708716666562, 
    4.32379713507656, 2.81803643367728, 0.335456736695947, -3.75762521592545, 
    -10.5059764939312, -21.6321267881356, -35.4832789300992, 6.40005064, 
    6.38253782208374, 6.35495885282407, 6.30948881958165, 6.23452140859545, 
    6.11092104349317, 5.90713849248273, 5.5711578660343, 5.01721946066562, 
    4.10392942907656, 2.59816872767728, 0.115589030695947, -3.97749292192545, 
    -10.7258441999312, -21.8519944941356, -35.7031466360992, 6.140310287, 
    6.12279746908374, 6.09521849982407, 6.04974846658166, 5.97478105559545, 
    5.85118069049317, 5.64739813948273, 5.3114175130343, 4.75747910766562, 
    3.84418907607656, 2.33842837467728, -0.144151322304053, 
    -4.23723327492545, -10.9855845529312, -22.1117348471356, 
    -35.9628869890992, 6.140310287, 6.12279746908374, 6.09521849982407, 
    6.04974846658166, 5.97478105559545, 5.85118069049317, 5.64739813948273, 
    5.3114175130343, 4.75747910766562, 3.84418907607656, 2.33842837467728, 
    -0.144151322304053, -4.23723327492545, -10.9855845529312, 
    -22.1117348471356, -35.9628869890992, 5.439850807, 5.42233798908374, 
    5.39475901982407, 5.34928898658166, 5.27432157559545, 5.15072121049317, 
    4.94693865948273, 4.6109580330343, 4.05701962766562, 3.14372959607656, 
    1.63796889467728, -0.844610802304053, -4.93769275492545, 
    -11.6860440329312, -22.8121943271356, -36.6633464690992, 5.439850807, 
    5.42233798908374, 5.39475901982407, 5.34928898658166, 5.27432157559545, 
    5.15072121049317, 4.94693865948273, 4.6109580330343, 4.05701962766562, 
    3.14372959607656, 1.63796889467728, -0.844610802304053, 
    -4.93769275492545, -11.6860440329312, -22.8121943271356, 
    -36.6633464690992, 5.439850807, 5.42233798908374, 5.39475901982407, 
    5.34928898658166, 5.27432157559545, 5.15072121049317, 4.94693865948273, 
    4.6109580330343, 4.05701962766562, 3.14372959607656, 1.63796889467728, 
    -0.844610802304053, -4.93769275492545, -11.6860440329312, 
    -22.8121943271356, -36.6633464690992, 4.42961216, 4.41209934208374, 
    4.38452037282407, 4.33905033958165, 4.26408292859545, 4.14048256349317, 
    3.93670001248273, 3.6007193860343, 3.04678098066562, 2.13349094907656, 
    0.627730247677279, -1.85484944930405, -5.94793140192545, 
    -12.6962826799312, -23.8224329741356, -37.6735851160992, 4.42961216, 
    4.41209934208374, 4.38452037282407, 4.33905033958165, 4.26408292859545, 
    4.14048256349317, 3.93670001248273, 3.6007193860343, 3.04678098066562, 
    2.13349094907656, 0.627730247677279, -1.85484944930405, 
    -5.94793140192545, -12.6962826799312, -23.8224329741356, 
    -37.6735851160992, 3.979708195, 3.96219537708375, 3.93461640782407, 
    3.88914637458166, 3.81417896359545, 3.69057859849317, 3.48679604748273, 
    3.1508154210343, 2.59687701566562, 1.68358698407656, 0.17782628267728, 
    -2.30475341430405, -6.39783536692545, -13.1461866449312, 
    -24.2723369391356, -38.1234890810992, 4.158915997, 4.14140317908374, 
    4.11382420982407, 4.06835417658166, 3.99338676559545, 3.86978640049317, 
    3.66600384948273, 3.3300232230343, 2.77608481766562, 1.86279478607656, 
    0.357034084677279, -2.12554561230405, -6.21862756492545, 
    -12.9669788429312, -24.0931291371356, -37.9442812790992, 4.158915997, 
    4.14140317908374, 4.11382420982407, 4.06835417658166, 3.99338676559545, 
    3.86978640049317, 3.66600384948273, 3.3300232230343, 2.77608481766562, 
    1.86279478607656, 0.357034084677279, -2.12554561230405, 
    -6.21862756492545, -12.9669788429312, -24.0931291371356, 
    -37.9442812790992, 3.319620132, 3.30210731408374, 3.27452834482407, 
    3.22905831158166, 3.15409090059545, 3.03049053549317, 2.82670798448273, 
    2.4907273580343, 1.93678895266562, 1.02349892107656, -0.482261780322721, 
    -2.96484147730405, -7.05792342992545, -13.8062747079312, 
    -24.9324250021356, -38.7835771440992, 3.319620132, 3.30210731408374, 
    3.27452834482407, 3.22905831158166, 3.15409090059545, 3.03049053549317, 
    2.82670798448273, 2.4907273580343, 1.93678895266562, 1.02349892107656, 
    -0.482261780322721, -2.96484147730405, -7.05792342992545, 
    -13.8062747079312, -24.9324250021356, -38.7835771440992, 2.504986286, 
    2.48747346808374, 2.45989449882407, 2.41442446558166, 2.33945705459545, 
    2.21585668949317, 2.01207413848273, 1.6760935120343, 1.12215510666562, 
    0.208865075076556, -1.29689562632272, -3.77947532330405, 
    -7.87255727592545, -14.6209085539312, -25.7470588481356, 
    -39.5982109900992, 2.349324703, 2.33181188508375, 2.30423291582407, 
    2.25876288258166, 2.18379547159545, 2.06019510649317, 1.85641255548273, 
    1.5204319290343, 0.966493523665617, 0.0532034920765561, 
    -1.45255720932272, -3.93513690630405, -8.02821885892545, 
    -14.7765701369312, -25.9027204311356, -39.7538725730992, 2.349324703, 
    2.33181188508375, 2.30423291582407, 2.25876288258166, 2.18379547159545, 
    2.06019510649317, 1.85641255548273, 1.5204319290343, 0.966493523665617, 
    0.0532034920765561, -1.45255720932272, -3.93513690630405, 
    -8.02821885892545, -14.7765701369312, -25.9027204311356, 
    -39.7538725730992, 1.934007287, 1.91649446908374, 1.88891549982407, 
    1.84344546658166, 1.76847805559545, 1.64487769049317, 1.44109513948273, 
    1.1051145130343, 0.551176107665617, -0.362113923923444, 
    -1.86787462532272, -4.35045432230405, -8.44353627492545, 
    -15.1918875529312, -26.3180378471356, -40.1691899890992, 1.260437131, 
    1.24292431308374, 1.21534534382407, 1.16987531058166, 1.09490789959545, 
    0.971307534493166, 0.767524983482735, 0.431544357034302, 
    -0.122394048334383, -1.03568407992344, -2.54144478132272, 
    -5.02402447830405, -9.11710643092545, -15.8654577089312, 
    -26.9916080031356, -40.8427601450992, 0.899600208, 0.882087390083745, 
    0.854508420824068, 0.809038387581655, 0.734070976595447, 
    0.610470611493166, 0.406688060482734, 0.0707074340343018, 
    -0.483230971334383, -1.39652100292344, -2.90228170432272, 
    -5.38486140130405, -9.47794335392545, -16.2262946319312, 
    -27.3524449261356, -41.2035970680992, 0.500280082, 0.482767264083745, 
    0.455188294824069, 0.409718261581655, 0.334750850595447, 
    0.211150485493166, 0.00736793448273446, -0.328612691965698, 
    -0.882551097334383, -1.79584112892344, -3.30160183032272, 
    -5.78418152730405, -9.87726347992545, -16.6256147579312, 
    -27.7517650521356, -41.6029171940992, 0.500280082, 0.482767264083745, 
    0.455188294824069, 0.409718261581655, 0.334750850595447, 
    0.211150485493166, 0.00736793448273446, -0.328612691965698, 
    -0.882551097334383, -1.79584112892344, -3.30160183032272, 
    -5.78418152730405, -9.87726347992545, -16.6256147579312, 
    -27.7517650521356, -41.6029171940992, 0.518239498, 0.500726680083745, 
    0.473147710824069, 0.427677677581655, 0.352710266595447, 
    0.229109901493166, 0.0253273504827345, -0.310653275965698, 
    -0.864591681334383, -1.77788171292344, -3.28364241432272, 
    -5.76622211130405, -9.85930406392545, -16.6076553419312, 
    -27.7338056361356, -41.5849577780992, 0.444148928, 0.426636110083745, 
    0.399057140824069, 0.353587107581655, 0.278619696595447, 
    0.155019331493166, -0.0487632195172655, -0.384743845965698, 
    -0.938682251334383, -1.85197228292344, -3.35773298432272, 
    -5.84031268130405, -9.93339463392545, -16.6817459119312, 
    -27.8078962061356, -41.6590483480992, 0.444148928, 0.426636110083745, 
    0.399057140824069, 0.353587107581655, 0.278619696595447, 
    0.155019331493166, -0.0487632195172655, -0.384743845965698, 
    -0.938682251334383, -1.85197228292344, -3.35773298432272, 
    -5.84031268130405, -9.93339463392545, -16.6817459119312, 
    -27.8078962061356, -41.6590483480992, 0.310068965, 0.292556147083745, 
    0.264977177824069, 0.219507144581655, 0.144539733595447, 
    0.0209393684931663, -0.182843182517265, -0.518823808965698, 
    -1.07276221433438, -1.98605224592344, -3.49181294732272, 
    -5.97439264430405, -10.0674745969255, -16.8158258749312, 
    -27.9419761691356, -41.7931283110992, 0.120093837, 0.102581019083745, 
    0.0750020498240685, 0.0295320165816553, -0.0454353944045532, 
    -0.169035759506834, -0.372818310517265, -0.708798936965698, 
    -1.26273734233438, -2.17602737392344, -3.68178807532272, 
    -6.16436777230405, -10.2574497249255, -17.0058010029312, 
    -28.1319512971356, -41.9831034390992, 0.03994659, 0.0224337720837448, 
    -0.00514519717593146, -0.0506152304183447, -0.125582641404553, 
    -0.249183006506834, -0.452965557517266, -0.788946183965698, 
    -1.34288458933438, -2.25617462092344, -3.76193532232272, 
    -6.24451501930405, -10.3375969719255, -17.0859482499312, 
    -28.2120985441356, -42.0632506860992, 0.149989188, 0.132476370083745, 
    0.104897400824069, 0.0594273675816554, -0.0155400434045532, 
    -0.139140408506834, -0.342922959517265, -0.678903585965698, 
    -1.23284199133438, -2.14613202292344, -3.65189272432272, 
    -6.13447242130405, -10.2275543739255, -16.9759056519312, 
    -28.1020559461356, -41.9532080880992, 0.149989188, 0.132476370083745, 
    0.104897400824069, 0.0594273675816554, -0.0155400434045532, 
    -0.139140408506834, -0.342922959517265, -0.678903585965698, 
    -1.23284199133438, -2.14613202292344, -3.65189272432272, 
    -6.13447242130405, -10.2275543739255, -16.9759056519312, 
    -28.1020559461356, -41.9532080880992, 0.130099535, 0.112586717083745, 
    0.0850077478240685, 0.0395377145816553, -0.0354296964045532, 
    -0.159030061506834, -0.362812612517265, -0.698793238965698, 
    -1.25273164433438, -2.16602167592344, -3.67178237732272, 
    -6.15436207430405, -10.2474440269255, -16.9957953049312, 
    -28.1219455991356, -41.9730977410992, 0.266325474, 0.248812656083745, 
    0.221233686824069, 0.175763653581655, 0.100796242595447, 
    -0.0228041225068337, -0.226586673517265, -0.562567299965698, 
    -1.11650570533438, -2.02979573692344, -3.53555643832272, 
    -6.01813613530405, -10.1112180879255, -16.8595693659312, 
    -27.9857196601356, -41.8368718020992, 0.17209363, 0.154580812083745, 
    0.127001842824069, 0.0815318095816553, 0.00656439859544679, 
    -0.117035966506834, -0.320818517517265, -0.656799143965698, 
    -1.21073754933438, -2.12402758092344, -3.62978828232272, 
    -6.11236797930405, -10.2054499319255, -16.9538012099312, 
    -28.0799515041356, -41.9311036460992, 0.17209363, 0.154580812083745, 
    0.127001842824069, 0.0815318095816553, 0.00656439859544679, 
    -0.117035966506834, -0.320818517517265, -0.656799143965698, 
    -1.21073754933438, -2.12402758092344, -3.62978828232272, 
    -6.11236797930405, -10.2054499319255, -16.9538012099312, 
    -28.0799515041356, -41.9311036460992, 0.430608124, 0.413095306083745, 
    0.385516336824069, 0.340046303581655, 0.265078892595447, 
    0.141478527493166, -0.0623040235172655, -0.398284649965698, 
    -0.952223055334383, -1.86551308692344, -3.37127378832272, 
    -5.85385348530405, -9.94693543792545, -16.6952867159312, 
    -27.8214370101356, -41.6725891520992, 0.450624019, 0.433111201083745, 
    0.405532231824069, 0.360062198581655, 0.285094787595447, 
    0.161494422493166, -0.0422881285172655, -0.378268754965698, 
    -0.932207160334383, -1.84549719192344, -3.35125789332272, 
    -5.83383759030405, -9.92691954292545, -16.6752708209312, 
    -27.8014211151356, -41.6525732570992, 0.280581057, 0.263068239083745, 
    0.235489269824069, 0.190019236581655, 0.115051825595447, 
    -0.00854853950683372, -0.212331090517265, -0.548311716965698, 
    -1.10225012233438, -2.01554015392344, -3.52130085532272, 
    -6.00388055230405, -10.0969625049255, -16.8453137829312, 
    -27.9714640771356, -41.8226162190992, 0.561076939, 0.543564121083745, 
    0.515985151824068, 0.470515118581655, 0.395547707595447, 
    0.271947342493166, 0.0681647914827344, -0.267815834965698, 
    -0.821754240334383, -1.73504427192344, -3.24080497332272, 
    -5.72338467030405, -9.81646662292545, -16.5648179009312, 
    -27.6909681951356, -41.5421203370992, 0.561076939, 0.543564121083745, 
    0.515985151824068, 0.470515118581655, 0.395547707595447, 
    0.271947342493166, 0.0681647914827344, -0.267815834965698, 
    -0.821754240334383, -1.73504427192344, -3.24080497332272, 
    -5.72338467030405, -9.81646662292545, -16.5648179009312, 
    -27.6909681951356, -41.5421203370992, 0.227149785, 0.209636967083745, 
    0.182057997824069, 0.136587964581655, 0.0616205535954468, 
    -0.0619798115068338, -0.265762362517265, -0.601742988965698, 
    -1.15568139433438, -2.06897142592344, -3.57473212732272, 
    -6.05731182430405, -10.1503937769255, -16.8987450549312, 
    -28.0248953491356, -41.8760474910992, 0.37964052, 0.362127702083745, 
    0.334548732824069, 0.289078699581655, 0.214111288595447, 
    0.0905109234931662, -0.113271627517266, -0.449252253965698, 
    -1.00319065933438, -1.91648069092344, -3.42224139232272, 
    -5.90482108930405, -9.99790304192545, -16.7462543199312, 
    -27.8724046141356, -41.7235567560992, 0.37964052, 0.362127702083745, 
    0.334548732824069, 0.289078699581655, 0.214111288595447, 
    0.0905109234931662, -0.113271627517266, -0.449252253965698, 
    -1.00319065933438, -1.91648069092344, -3.42224139232272, 
    -5.90482108930405, -9.99790304192545, -16.7462543199312, 
    -27.8724046141356, -41.7235567560992, 0.344920576, 0.327407758083745, 
    0.299828788824069, 0.254358755581655, 0.179391344595447, 
    0.0557909794931662, -0.147991571517266, -0.483972197965698, 
    -1.03791060333438, -1.95120063492344, -3.45696133632272, 
    -5.93954103330405, -10.0326229859255, -16.7809742639312, 
    -27.9071245581356, -41.7582767000992, 0.349661797, 0.332148979083745, 
    0.304570009824069, 0.259099976581655, 0.184132565595447, 
    0.0605322004931662, -0.143250350517266, -0.479230976965698, 
    -1.03316938233438, -1.94645941392344, -3.45222011532272, 
    -5.93479981230405, -10.0278817649255, -16.7762330429312, 
    -27.9023833371356, -41.7535354790992, 0.409951836, 0.392439018083745, 
    0.364860048824069, 0.319390015581655, 0.244422604595447, 
    0.120822239493166, -0.0829603115172655, -0.418940937965698, 
    -0.972879343334383, -1.88616937492344, -3.39193007632272, 
    -5.87450977330405, -9.96759172592545, -16.7159430039312, 
    -27.8420932981356, -41.6932454400992, 0.440762758, 0.423249940083745, 
    0.395670970824069, 0.350200937581655, 0.275233526595447, 
    0.151633161493166, -0.0521493895172655, -0.388130015965698, 
    -0.942068421334383, -1.85535845292344, -3.36111915432272, 
    -5.84369885130405, -9.93678080392545, -16.6851320819312, 
    -27.8112823761356, -41.6624345180992, 0.440762758, 0.423249940083745, 
    0.395670970824069, 0.350200937581655, 0.275233526595447, 
    0.151633161493166, -0.0521493895172655, -0.388130015965698, 
    -0.942068421334383, -1.85535845292344, -3.36111915432272, 
    -5.84369885130405, -9.93678080392545, -16.6851320819312, 
    -27.8112823761356, -41.6624345180992, 0.547970831, 0.530458013083745, 
    0.502879043824068, 0.457409010581655, 0.382441599595447, 
    0.258841234493166, 0.0550586834827343, -0.280921942965698, 
    -0.834860348334383, -1.74815037992344, -3.25391108132272, 
    -5.73649077830405, -9.82957273092545, -16.5779240089312, 
    -27.7040743031356, -41.5552264450992, 0.140034392, 0.122521574083745, 
    0.0949426048240686, 0.0494725715816554, -0.0254948394045532, 
    -0.149095204506834, -0.352877755517265, -0.688858381965698, 
    -1.24279678733438, -2.15608681892344, -3.66184752032272, 
    -6.14442721730405, -10.2375091699255, -16.9858604479312, 
    -28.1120107421356, -41.9631628840992, 0.140034392, 0.122521574083745, 
    0.0949426048240686, 0.0494725715816554, -0.0254948394045532, 
    -0.149095204506834, -0.352877755517265, -0.688858381965698, 
    -1.24279678733438, -2.15608681892344, -3.66184752032272, 
    -6.14442721730405, -10.2375091699255, -16.9858604479312, 
    -28.1120107421356, -41.9631628840992, 0.067026392, 0.0495135740837448, 
    0.0219346048240685, -0.0235354284183447, -0.0985028394045532, 
    -0.222103204506834, -0.425885755517265, -0.761866381965698, 
    -1.31580478733438, -2.22909481892344, -3.73485552032272, 
    -6.21743521730405, -10.3105171699255, -17.0588684479312, 
    -28.1850187421356, -42.0361708840992, 0.067026392, 0.0495135740837448, 
    0.0219346048240685, -0.0235354284183447, -0.0985028394045532, 
    -0.222103204506834, -0.425885755517265, -0.761866381965698, 
    -1.31580478733438, -2.22909481892344, -3.73485552032272, 
    -6.21743521730405, -10.3105171699255, -17.0588684479312, 
    -28.1850187421356, -42.0361708840992, 0.066911057, 0.0493982390837448, 
    0.0218192698240685, -0.0236507634183447, -0.0986181744045532, 
    -0.222218539506834, -0.426001090517265, -0.761981716965698, 
    -1.31592012233438, -2.22921015392344, -3.73497085532272, 
    -6.21755055230405, -10.3106325049255, -17.0589837829312, 
    -28.1851340771356, -42.0362862190992, 0.255801648, 0.238288830083745, 
    0.210709860824069, 0.165239827581655, 0.0902724165954468, 
    -0.0333279485068338, -0.237110499517265, -0.573091125965698, 
    -1.12702953133438, -2.04031956292344, -3.54608026432272, 
    -6.02865996130405, -10.1217419139255, -16.8700931919312, 
    -27.9962434861356, -41.8473956280992, 0.255801648, 0.238288830083745, 
    0.210709860824069, 0.165239827581655, 0.0902724165954468, 
    -0.0333279485068338, -0.237110499517265, -0.573091125965698, 
    -1.12702953133438, -2.04031956292344, -3.54608026432272, 
    -6.02865996130405, -10.1217419139255, -16.8700931919312, 
    -27.9962434861356, -41.8473956280992, 0.036286131, 0.0187733130837448, 
    -0.00880565617593146, -0.0542756894183447, -0.129243100404553, 
    -0.252843465506834, -0.456626016517266, -0.792606642965698, 
    -1.34654504833438, -2.25983507992344, -3.76559578132272, 
    -6.24817547830405, -10.3412574309255, -17.0896087089312, 
    -28.2157590031356, -42.0669111450992, 0.14028585, 0.122773032083745, 
    0.0951940628240685, 0.0497240295816553, -0.0252433814045532, 
    -0.148843746506834, -0.352626297517265, -0.688606923965698, 
    -1.24254532933438, -2.15583536092344, -3.66159606232272, 
    -6.14417575930405, -10.2372577119255, -16.9856089899312, 
    -28.1117592841356, -41.9629114260992, 0.14028585, 0.122773032083745, 
    0.0951940628240685, 0.0497240295816553, -0.0252433814045532, 
    -0.148843746506834, -0.352626297517265, -0.688606923965698, 
    -1.24254532933438, -2.15583536092344, -3.66159606232272, 
    -6.14417575930405, -10.2372577119255, -16.9856089899312, 
    -28.1117592841356, -41.9629114260992, 0.240036875, 0.222524057083745, 
    0.194945087824069, 0.149475054581655, 0.0745076435954468, 
    -0.0490927215068337, -0.252875272517265, -0.588855898965698, 
    -1.14279430433438, -2.05608433592344, -3.56184503732272, 
    -6.04442473430405, -10.1375066869255, -16.8858579649312, 
    -28.0120082591356, -41.8631604010992, 0.240036875, 0.222524057083745, 
    0.194945087824069, 0.149475054581655, 0.0745076435954468, 
    -0.0490927215068337, -0.252875272517265, -0.588855898965698, 
    -1.14279430433438, -2.05608433592344, -3.56184503732272, 
    -6.04442473430405, -10.1375066869255, -16.8858579649312, 
    -28.0120082591356, -41.8631604010992, 0.317082435, 0.299569617083745, 
    0.271990647824069, 0.226520614581655, 0.151553203595447, 
    0.0279528384931663, -0.175829712517265, -0.511810338965698, 
    -1.06574874433438, -1.97903877592344, -3.48479947732272, 
    -5.96737917430405, -10.0604611269255, -16.8088124049312, 
    -27.9349626991356, -41.7861148410992, 0.850632846, 0.833120028083745, 
    0.805541058824068, 0.760071025581655, 0.685103614595447, 
    0.561503249493166, 0.357720698482734, 0.0217400720343018, 
    -0.532198333334383, -1.44548836492344, -2.95124906632272, 
    -5.43382876330405, -9.52691071592545, -16.2752619939312, 
    -27.4014122881356, -41.2525644300992, 0.850632846, 0.833120028083745, 
    0.805541058824068, 0.760071025581655, 0.685103614595447, 
    0.561503249493166, 0.357720698482734, 0.0217400720343018, 
    -0.532198333334383, -1.44548836492344, -2.95124906632272, 
    -5.43382876330405, -9.52691071592545, -16.2752619939312, 
    -27.4014122881356, -41.2525644300992, 0.386627734, 0.369114916083745, 
    0.341535946824069, 0.296065913581655, 0.221098502595447, 
    0.0974981374931662, -0.106284413517266, -0.442265039965698, 
    -0.996203445334383, -1.90949347692344, -3.41525417832272, 
    -5.89783387530405, -9.99091582792545, -16.7392671059312, 
    -27.8654174001356, -41.7165695420992, 0.386627734, 0.369114916083745, 
    0.341535946824069, 0.296065913581655, 0.221098502595447, 
    0.0974981374931662, -0.106284413517266, -0.442265039965698, 
    -0.996203445334383, -1.90949347692344, -3.41525417832272, 
    -5.89783387530405, -9.99091582792545, -16.7392671059312, 
    -27.8654174001356, -41.7165695420992, 0.386627734, 0.369114916083745, 
    0.341535946824069, 0.296065913581655, 0.221098502595447, 
    0.0974981374931662, -0.106284413517266, -0.442265039965698, 
    -0.996203445334383, -1.90949347692344, -3.41525417832272, 
    -5.89783387530405, -9.99091582792545, -16.7392671059312, 
    -27.8654174001356, -41.7165695420992, 0.429962695, 0.412449877083745, 
    0.384870907824069, 0.339400874581655, 0.264433463595447, 
    0.140833098493166, -0.0629494525172655, -0.398930078965698, 
    -0.952868484334383, -1.86615851592344, -3.37191921732272, 
    -5.85449891430405, -9.94758086692545, -16.6959321449312, 
    -27.8220824391356, -41.6732345810992, 0.429962695, 0.412449877083745, 
    0.384870907824069, 0.339400874581655, 0.264433463595447, 
    0.140833098493166, -0.0629494525172655, -0.398930078965698, 
    -0.952868484334383, -1.86615851592344, -3.37191921732272, 
    -5.85449891430405, -9.94758086692545, -16.6959321449312, 
    -27.8220824391356, -41.6732345810992, 0.449939907, 0.432427089083745, 
    0.404848119824069, 0.359378086581655, 0.284410675595447, 
    0.160810310493166, -0.0429722405172655, -0.378952866965698, 
    -0.932891272334383, -1.84618130392344, -3.35194200532272, 
    -5.83452170230405, -9.92760365492545, -16.6759549329312, 
    -27.8021052271356, -41.6532573690992, 0.449939907, 0.432427089083745, 
    0.404848119824069, 0.359378086581655, 0.284410675595447, 
    0.160810310493166, -0.0429722405172655, -0.378952866965698, 
    -0.932891272334383, -1.84618130392344, -3.35194200532272, 
    -5.83452170230405, -9.92760365492545, -16.6759549329312, 
    -27.8021052271356, -41.6532573690992, 0.449939907, 0.432427089083745, 
    0.404848119824069, 0.359378086581655, 0.284410675595447, 
    0.160810310493166, -0.0429722405172655, -0.378952866965698, 
    -0.932891272334383, -1.84618130392344, -3.35194200532272, 
    -5.83452170230405, -9.92760365492545, -16.6759549329312, 
    -27.8021052271356, -41.6532573690992, 0.480018884, 0.462506066083745, 
    0.434927096824069, 0.389457063581655, 0.314489652595447, 
    0.190889287493166, -0.0128932635172655, -0.348873889965698, 
    -0.902812295334383, -1.81610232692344, -3.32186302832272, 
    -5.80444272530405, -9.89752467792545, -16.6458759559312, 
    -27.7720262501356, -41.6231783920992, 0.480018884, 0.462506066083745, 
    0.434927096824069, 0.389457063581655, 0.314489652595447, 
    0.190889287493166, -0.0128932635172655, -0.348873889965698, 
    -0.902812295334383, -1.81610232692344, -3.32186302832272, 
    -5.80444272530405, -9.89752467792545, -16.6458759559312, 
    -27.7720262501356, -41.6231783920992, 0.480018884, 0.462506066083745, 
    0.434927096824069, 0.389457063581655, 0.314489652595447, 
    0.190889287493166, -0.0128932635172655, -0.348873889965698, 
    -0.902812295334383, -1.81610232692344, -3.32186302832272, 
    -5.80444272530405, -9.89752467792545, -16.6458759559312, 
    -27.7720262501356, -41.6231783920992, 0.537275672, 0.519762854083745, 
    0.492183884824069, 0.446713851581655, 0.371746440595447, 
    0.248146075493166, 0.0443635244827345, -0.291617101965698, 
    -0.845555507334383, -1.75884553892344, -3.26460624032272, 
    -5.74718593730405, -9.84026788992545, -16.5886191679312, 
    -27.7147694621356, -41.5659216040992, 0.537275672, 0.519762854083745, 
    0.492183884824069, 0.446713851581655, 0.371746440595447, 
    0.248146075493166, 0.0443635244827345, -0.291617101965698, 
    -0.845555507334383, -1.75884553892344, -3.26460624032272, 
    -5.74718593730405, -9.84026788992545, -16.5886191679312, 
    -27.7147694621356, -41.5659216040992, 0.409960508, 0.392447690083745, 
    0.364868720824069, 0.319398687581655, 0.244431276595447, 
    0.120830911493166, -0.0829516395172655, -0.418932265965698, 
    -0.972870671334383, -1.88616070292344, -3.39192140432272, 
    -5.87450110130405, -9.96758305392545, -16.7159343319312, 
    -27.8420846261356, -41.6932367680992, 0.409960508, 0.392447690083745, 
    0.364868720824069, 0.319398687581655, 0.244431276595447, 
    0.120830911493166, -0.0829516395172655, -0.418932265965698, 
    -0.972870671334383, -1.88616070292344, -3.39192140432272, 
    -5.87450110130405, -9.96758305392545, -16.7159343319312, 
    -27.8420846261356, -41.6932367680992, 0.409960508, 0.392447690083745, 
    0.364868720824069, 0.319398687581655, 0.244431276595447, 
    0.120830911493166, -0.0829516395172655, -0.418932265965698, 
    -0.972870671334383, -1.88616070292344, -3.39192140432272, 
    -5.87450110130405, -9.96758305392545, -16.7159343319312, 
    -27.8420846261356, -41.6932367680992, 0.390062124, 0.372549306083745, 
    0.344970336824069, 0.299500303581655, 0.224532892595447, 
    0.100932527493166, -0.102850023517265, -0.438830649965698, 
    -0.992769055334383, -1.90605908692344, -3.41181978832272, 
    -5.89439948530405, -9.98748143792545, -16.7358327159312, 
    -27.8619830101356, -41.7131351520992, 0.390062124, 0.372549306083745, 
    0.344970336824069, 0.299500303581655, 0.224532892595447, 
    0.100932527493166, -0.102850023517265, -0.438830649965698, 
    -0.992769055334383, -1.90605908692344, -3.41181978832272, 
    -5.89439948530405, -9.98748143792545, -16.7358327159312, 
    -27.8619830101356, -41.7131351520992, 0.51285255, 0.495339732083745, 
    0.467760762824069, 0.422290729581655, 0.347323318595447, 
    0.223722953493166, 0.0199404024827345, -0.316040223965698, 
    -0.869978629334383, -1.78326866092344, -3.28902936232272, 
    -5.77160905930405, -9.86469101192545, -16.6130422899312, 
    -27.7391925841356, -41.5903447260992, 0.477470964, 0.459958146083745, 
    0.432379176824069, 0.386909143581655, 0.311941732595447, 
    0.188341367493166, -0.0154411835172655, -0.351421809965698, 
    -0.905360215334383, -1.81865024692344, -3.32441094832272, 
    -5.80699064530405, -9.90007259792545, -16.6484238759312, 
    -27.7745741701356, -41.6257263120992, 0.477470964, 0.459958146083745, 
    0.432379176824069, 0.386909143581655, 0.311941732595447, 
    0.188341367493166, -0.0154411835172655, -0.351421809965698, 
    -0.905360215334383, -1.81865024692344, -3.32441094832272, 
    -5.80699064530405, -9.90007259792545, -16.6484238759312, 
    -27.7745741701356, -41.6257263120992, 0.010256663, -0.0072561549162552, 
    -0.0348351241759315, -0.0803051574183447, -0.155272568404553, 
    -0.278872933506834, -0.482655484517265, -0.818636110965698, 
    -1.37257451633438, -2.28586454792344, -3.79162524932272, 
    -6.27420494630405, -10.3672868989255, -17.1156381769312, 
    -28.2417884711356, -42.0929406130992, 0.010256663, -0.0072561549162552, 
    -0.0348351241759315, -0.0803051574183447, -0.155272568404553, 
    -0.278872933506834, -0.482655484517265, -0.818636110965698, 
    -1.37257451633438, -2.28586454792344, -3.79162524932272, 
    -6.27420494630405, -10.3672868989255, -17.1156381769312, 
    -28.2417884711356, -42.0929406130992, 0.01, -0.0075128179162552, 
    -0.0350917871759315, -0.0805618204183447, -0.155529231404553, 
    -0.279129596506834, -0.482912147517266, -0.818892773965698, 
    -1.37283117933438, -2.28612121092344, -3.79188191232272, 
    -6.27446160930405, -10.3675435619255, -17.1158948399312, 
    -28.2420451341356, -42.0931972760992, 0.01, -0.0075128179162552, 
    -0.0350917871759315, -0.0805618204183447, -0.155529231404553, 
    -0.279129596506834, -0.482912147517266, -0.818892773965698, 
    -1.37283117933438, -2.28612121092344, -3.79188191232272, 
    -6.27446160930405, -10.3675435619255, -17.1158948399312, 
    -28.2420451341356, -42.0931972760992, 0.01, -0.0075128179162552, 
    -0.0350917871759315, -0.0805618204183447, -0.155529231404553, 
    -0.279129596506834, -0.482912147517266, -0.818892773965698, 
    -1.37283117933438, -2.28612121092344, -3.79188191232272, 
    -6.27446160930405, -10.3675435619255, -17.1158948399312, 
    -28.2420451341356, -42.0931972760992, 0.01, -0.0075128179162552, 
    -0.0350917871759315, -0.0805618204183447, -0.155529231404553, 
    -0.279129596506834, -0.482912147517266, -0.818892773965698, 
    -1.37283117933438, -2.28612121092344, -3.79188191232272, 
    -6.27446160930405, -10.3675435619255, -17.1158948399312, 
    -28.2420451341356, -42.0931972760992, 0.01, -0.0075128179162552, 
    -0.0350917871759315, -0.0805618204183447, -0.155529231404553, 
    -0.279129596506834, -0.482912147517266, -0.818892773965698, 
    -1.37283117933438, -2.28612121092344, -3.79188191232272, 
    -6.27446160930405, -10.3675435619255, -17.1158948399312, 
    -28.2420451341356, -42.0931972760992 ;

 eb_names =
  "MATERIAL_ID_1001",
  "MATERIAL_ID_1002",
  "MATERIAL_ID_1003",
  "MATERIAL_ID_1004",
  "MATERIAL_ID_1005",
  "MATERIAL_ID_1006",
  "MATERIAL_ID_1007",
  "MATERIAL_ID_1008",
  "MATERIAL_ID_1009",
  "MATERIAL_ID_1010",
  "MATERIAL_ID_1011" ;

 fa_names =
  "" ;

 ss_names =
  "bottom",
  "surface",
  "external_sides" ;

 coor_names =
  "coordX",
  "coordY",
  "coordZ" ;

 fbconn1 = 1, 17, 1793, 1777, 2, 18, 1794, 1778, 3, 19, 1795, 1779, 4, 20, 
    1796, 1780, 5, 21, 1797, 1781, 6, 22, 1798, 1782, 7, 23, 1799, 1783, 8, 
    24, 1800, 1784, 9, 25, 1801, 1785, 10, 26, 1802, 1786, 11, 27, 1803, 
    1787, 12, 28, 1804, 1788, 13, 29, 1805, 1789, 14, 30, 1806, 1790, 15, 31, 
    1807, 1791, 16, 32, 1808, 1792, 17, 33, 1809, 1793, 18, 34, 1810, 1794, 
    19, 35, 1811, 1795, 20, 36, 1812, 1796, 21, 37, 1813, 1797, 22, 38, 1814, 
    1798, 23, 39, 1815, 1799, 24, 40, 1816, 1800, 25, 41, 1817, 1801, 26, 42, 
    1818, 1802, 27, 43, 1819, 1803, 28, 44, 1820, 1804, 29, 45, 1821, 1805, 
    30, 46, 1822, 1806, 31, 47, 1823, 1807, 32, 48, 1824, 1808, 33, 49, 1825, 
    1809, 34, 50, 1826, 1810, 35, 51, 1827, 1811, 36, 52, 1828, 1812, 37, 53, 
    1829, 1813, 38, 54, 1830, 1814, 39, 55, 1831, 1815, 40, 56, 1832, 1816, 
    41, 57, 1833, 1817, 42, 58, 1834, 1818, 43, 59, 1835, 1819, 44, 60, 1836, 
    1820, 45, 61, 1837, 1821, 46, 62, 1838, 1822, 47, 63, 1839, 1823, 48, 64, 
    1840, 1824, 49, 65, 1841, 1825, 50, 66, 1842, 1826, 51, 67, 1843, 1827, 
    52, 68, 1844, 1828, 53, 69, 1845, 1829, 54, 70, 1846, 1830, 55, 71, 1847, 
    1831, 56, 72, 1848, 1832, 57, 73, 1849, 1833, 58, 74, 1850, 1834, 59, 75, 
    1851, 1835, 60, 76, 1852, 1836, 61, 77, 1853, 1837, 62, 78, 1854, 1838, 
    63, 79, 1855, 1839, 64, 80, 1856, 1840, 65, 81, 1857, 1841, 66, 82, 1858, 
    1842, 67, 83, 1859, 1843, 68, 84, 1860, 1844, 69, 85, 1861, 1845, 70, 86, 
    1862, 1846, 71, 87, 1863, 1847, 72, 88, 1864, 1848, 73, 89, 1865, 1849, 
    74, 90, 1866, 1850, 75, 91, 1867, 1851, 76, 92, 1868, 1852, 77, 93, 1869, 
    1853, 78, 94, 1870, 1854, 79, 95, 1871, 1855, 80, 96, 1872, 1856, 81, 97, 
    1873, 1857, 82, 98, 1874, 1858, 83, 99, 1875, 1859, 84, 100, 1876, 1860, 
    85, 101, 1877, 1861, 86, 102, 1878, 1862, 87, 103, 1879, 1863, 88, 104, 
    1880, 1864, 89, 105, 1881, 1865, 90, 106, 1882, 1866, 91, 107, 1883, 
    1867, 92, 108, 1884, 1868, 93, 109, 1885, 1869, 94, 110, 1886, 1870, 95, 
    111, 1887, 1871, 96, 112, 1888, 1872, 97, 113, 1889, 1873, 98, 114, 1890, 
    1874, 99, 115, 1891, 1875, 100, 116, 1892, 1876, 101, 117, 1893, 1877, 
    102, 118, 1894, 1878, 103, 119, 1895, 1879, 104, 120, 1896, 1880, 105, 
    121, 1897, 1881, 106, 122, 1898, 1882, 107, 123, 1899, 1883, 108, 124, 
    1900, 1884, 109, 125, 1901, 1885, 110, 126, 1902, 1886, 111, 127, 1903, 
    1887, 112, 128, 1904, 1888, 113, 129, 1905, 1889, 114, 130, 1906, 1890, 
    115, 131, 1907, 1891, 116, 132, 1908, 1892, 117, 133, 1909, 1893, 118, 
    134, 1910, 1894, 119, 135, 1911, 1895, 120, 136, 1912, 1896, 121, 137, 
    1913, 1897, 122, 138, 1914, 1898, 123, 139, 1915, 1899, 124, 140, 1916, 
    1900, 125, 141, 1917, 1901, 126, 142, 1918, 1902, 127, 143, 1919, 1903, 
    128, 144, 1920, 1904, 129, 145, 1921, 1905, 130, 146, 1922, 1906, 131, 
    147, 1923, 1907, 132, 148, 1924, 1908, 133, 149, 1925, 1909, 134, 150, 
    1926, 1910, 135, 151, 1927, 1911, 136, 152, 1928, 1912, 137, 153, 1929, 
    1913, 138, 154, 1930, 1914, 139, 155, 1931, 1915, 140, 156, 1932, 1916, 
    141, 157, 1933, 1917, 142, 158, 1934, 1918, 143, 159, 1935, 1919, 144, 
    160, 1936, 1920, 145, 161, 1937, 1921, 146, 162, 1938, 1922, 147, 163, 
    1939, 1923, 148, 164, 1940, 1924, 149, 165, 1941, 1925, 150, 166, 1942, 
    1926, 151, 167, 1943, 1927, 152, 168, 1944, 1928, 153, 169, 1945, 1929, 
    154, 170, 1946, 1930, 155, 171, 1947, 1931, 156, 172, 1948, 1932, 157, 
    173, 1949, 1933, 158, 174, 1950, 1934, 159, 175, 1951, 1935, 160, 176, 
    1952, 1936, 161, 177, 1953, 1937, 162, 178, 1954, 1938, 163, 179, 1955, 
    1939, 164, 180, 1956, 1940, 165, 181, 1957, 1941, 166, 182, 1958, 1942, 
    167, 183, 1959, 1943, 168, 184, 1960, 1944, 169, 185, 1961, 1945, 170, 
    186, 1962, 1946, 171, 187, 1963, 1947, 172, 188, 1964, 1948, 173, 189, 
    1965, 1949, 174, 190, 1966, 1950, 175, 191, 1967, 1951, 176, 192, 1968, 
    1952, 177, 193, 1969, 1953, 178, 194, 1970, 1954, 179, 195, 1971, 1955, 
    180, 196, 1972, 1956, 181, 197, 1973, 1957, 182, 198, 1974, 1958, 183, 
    199, 1975, 1959, 184, 200, 1976, 1960, 185, 201, 1977, 1961, 186, 202, 
    1978, 1962, 187, 203, 1979, 1963, 188, 204, 1980, 1964, 189, 205, 1981, 
    1965, 190, 206, 1982, 1966, 191, 207, 1983, 1967, 192, 208, 1984, 1968, 
    193, 209, 1985, 1969, 194, 210, 1986, 1970, 195, 211, 1987, 1971, 196, 
    212, 1988, 1972, 197, 213, 1989, 1973, 198, 214, 1990, 1974, 199, 215, 
    1991, 1975, 200, 216, 1992, 1976, 201, 217, 1993, 1977, 202, 218, 1994, 
    1978, 203, 219, 1995, 1979, 204, 220, 1996, 1980, 205, 221, 1997, 1981, 
    206, 222, 1998, 1982, 207, 223, 1999, 1983, 208, 224, 2000, 1984, 209, 
    225, 2001, 1985, 210, 226, 2002, 1986, 211, 227, 2003, 1987, 212, 228, 
    2004, 1988, 213, 229, 2005, 1989, 214, 230, 2006, 1990, 215, 231, 2007, 
    1991, 216, 232, 2008, 1992, 217, 233, 2009, 1993, 218, 234, 2010, 1994, 
    219, 235, 2011, 1995, 220, 236, 2012, 1996, 221, 237, 2013, 1997, 222, 
    238, 2014, 1998, 223, 239, 2015, 1999, 224, 240, 2016, 2000, 225, 241, 
    2017, 2001, 226, 242, 2018, 2002, 227, 243, 2019, 2003, 228, 244, 2020, 
    2004, 229, 245, 2021, 2005, 230, 246, 2022, 2006, 231, 247, 2023, 2007, 
    232, 248, 2024, 2008, 233, 249, 2025, 2009, 234, 250, 2026, 2010, 235, 
    251, 2027, 2011, 236, 252, 2028, 2012, 237, 253, 2029, 2013, 238, 254, 
    2030, 2014, 239, 255, 2031, 2015, 240, 256, 2032, 2016, 241, 257, 2033, 
    2017, 242, 258, 2034, 2018, 243, 259, 2035, 2019, 244, 260, 2036, 2020, 
    245, 261, 2037, 2021, 246, 262, 2038, 2022, 247, 263, 2039, 2023, 248, 
    264, 2040, 2024, 249, 265, 2041, 2025, 250, 266, 2042, 2026, 251, 267, 
    2043, 2027, 252, 268, 2044, 2028, 253, 269, 2045, 2029, 254, 270, 2046, 
    2030, 255, 271, 2047, 2031, 256, 272, 2048, 2032, 257, 273, 2049, 2033, 
    258, 274, 2050, 2034, 259, 275, 2051, 2035, 260, 276, 2052, 2036, 261, 
    277, 2053, 2037, 262, 278, 2054, 2038, 263, 279, 2055, 2039, 264, 280, 
    2056, 2040, 265, 281, 2057, 2041, 266, 282, 2058, 2042, 267, 283, 2059, 
    2043, 268, 284, 2060, 2044, 269, 285, 2061, 2045, 270, 286, 2062, 2046, 
    271, 287, 2063, 2047, 272, 288, 2064, 2048, 273, 289, 2065, 2049, 274, 
    290, 2066, 2050, 275, 291, 2067, 2051, 276, 292, 2068, 2052, 277, 293, 
    2069, 2053, 278, 294, 2070, 2054, 279, 295, 2071, 2055, 280, 296, 2072, 
    2056, 281, 297, 2073, 2057, 282, 298, 2074, 2058, 283, 299, 2075, 2059, 
    284, 300, 2076, 2060, 285, 301, 2077, 2061, 286, 302, 2078, 2062, 287, 
    303, 2079, 2063, 288, 304, 2080, 2064, 289, 305, 2081, 2065, 290, 306, 
    2082, 2066, 291, 307, 2083, 2067, 292, 308, 2084, 2068, 293, 309, 2085, 
    2069, 294, 310, 2086, 2070, 295, 311, 2087, 2071, 296, 312, 2088, 2072, 
    297, 313, 2089, 2073, 298, 314, 2090, 2074, 299, 315, 2091, 2075, 300, 
    316, 2092, 2076, 301, 317, 2093, 2077, 302, 318, 2094, 2078, 303, 319, 
    2095, 2079, 304, 320, 2096, 2080, 305, 321, 2097, 2081, 306, 322, 2098, 
    2082, 307, 323, 2099, 2083, 308, 324, 2100, 2084, 309, 325, 2101, 2085, 
    310, 326, 2102, 2086, 311, 327, 2103, 2087, 312, 328, 2104, 2088, 313, 
    329, 2105, 2089, 314, 330, 2106, 2090, 315, 331, 2107, 2091, 316, 332, 
    2108, 2092, 317, 333, 2109, 2093, 318, 334, 2110, 2094, 319, 335, 2111, 
    2095, 320, 336, 2112, 2096, 321, 337, 2113, 2097, 322, 338, 2114, 2098, 
    323, 339, 2115, 2099, 324, 340, 2116, 2100, 325, 341, 2117, 2101, 326, 
    342, 2118, 2102, 327, 343, 2119, 2103, 328, 344, 2120, 2104, 329, 345, 
    2121, 2105, 330, 346, 2122, 2106, 331, 347, 2123, 2107, 332, 348, 2124, 
    2108, 333, 349, 2125, 2109, 334, 350, 2126, 2110, 335, 351, 2127, 2111, 
    336, 352, 2128, 2112, 337, 353, 2129, 2113, 338, 354, 2130, 2114, 339, 
    355, 2131, 2115, 340, 356, 2132, 2116, 341, 357, 2133, 2117, 342, 358, 
    2134, 2118, 343, 359, 2135, 2119, 344, 360, 2136, 2120, 345, 361, 2137, 
    2121, 346, 362, 2138, 2122, 347, 363, 2139, 2123, 348, 364, 2140, 2124, 
    349, 365, 2141, 2125, 350, 366, 2142, 2126, 351, 367, 2143, 2127, 352, 
    368, 2144, 2128, 353, 369, 2145, 2129, 354, 370, 2146, 2130, 355, 371, 
    2147, 2131, 356, 372, 2148, 2132, 357, 373, 2149, 2133, 358, 374, 2150, 
    2134, 359, 375, 2151, 2135, 360, 376, 2152, 2136, 361, 377, 2153, 2137, 
    362, 378, 2154, 2138, 363, 379, 2155, 2139, 364, 380, 2156, 2140, 365, 
    381, 2157, 2141, 366, 382, 2158, 2142, 367, 383, 2159, 2143, 368, 384, 
    2160, 2144, 369, 385, 2161, 2145, 370, 386, 2162, 2146, 371, 387, 2163, 
    2147, 372, 388, 2164, 2148, 373, 389, 2165, 2149, 374, 390, 2166, 2150, 
    375, 391, 2167, 2151, 376, 392, 2168, 2152, 377, 393, 2169, 2153, 378, 
    394, 2170, 2154, 379, 395, 2171, 2155, 380, 396, 2172, 2156, 381, 397, 
    2173, 2157, 382, 398, 2174, 2158, 383, 399, 2175, 2159, 384, 400, 2176, 
    2160, 385, 401, 2177, 2161, 386, 402, 2178, 2162, 387, 403, 2179, 2163, 
    388, 404, 2180, 2164, 389, 405, 2181, 2165, 390, 406, 2182, 2166, 391, 
    407, 2183, 2167, 392, 408, 2184, 2168, 393, 409, 2185, 2169, 394, 410, 
    2186, 2170, 395, 411, 2187, 2171, 396, 412, 2188, 2172, 397, 413, 2189, 
    2173, 398, 414, 2190, 2174, 399, 415, 2191, 2175, 400, 416, 2192, 2176, 
    401, 417, 2193, 2177, 402, 418, 2194, 2178, 403, 419, 2195, 2179, 404, 
    420, 2196, 2180, 405, 421, 2197, 2181, 406, 422, 2198, 2182, 407, 423, 
    2199, 2183, 408, 424, 2200, 2184, 409, 425, 2201, 2185, 410, 426, 2202, 
    2186, 411, 427, 2203, 2187, 412, 428, 2204, 2188, 413, 429, 2205, 2189, 
    414, 430, 2206, 2190, 415, 431, 2207, 2191, 416, 432, 2208, 2192, 417, 
    433, 2209, 2193, 418, 434, 2210, 2194, 419, 435, 2211, 2195, 420, 436, 
    2212, 2196, 421, 437, 2213, 2197, 422, 438, 2214, 2198, 423, 439, 2215, 
    2199, 424, 440, 2216, 2200, 425, 441, 2217, 2201, 426, 442, 2218, 2202, 
    427, 443, 2219, 2203, 428, 444, 2220, 2204, 429, 445, 2221, 2205, 430, 
    446, 2222, 2206, 431, 447, 2223, 2207, 432, 448, 2224, 2208, 433, 449, 
    2225, 2209, 434, 450, 2226, 2210, 435, 451, 2227, 2211, 436, 452, 2228, 
    2212, 437, 453, 2229, 2213, 438, 454, 2230, 2214, 439, 455, 2231, 2215, 
    440, 456, 2232, 2216, 441, 457, 2233, 2217, 442, 458, 2234, 2218, 443, 
    459, 2235, 2219, 444, 460, 2236, 2220, 445, 461, 2237, 2221, 446, 462, 
    2238, 2222, 447, 463, 2239, 2223, 448, 464, 2240, 2224, 449, 465, 2241, 
    2225, 450, 466, 2242, 2226, 451, 467, 2243, 2227, 452, 468, 2244, 2228, 
    453, 469, 2245, 2229, 454, 470, 2246, 2230, 455, 471, 2247, 2231, 456, 
    472, 2248, 2232, 457, 473, 2249, 2233, 458, 474, 2250, 2234, 459, 475, 
    2251, 2235, 460, 476, 2252, 2236, 461, 477, 2253, 2237, 462, 478, 2254, 
    2238, 463, 479, 2255, 2239, 464, 480, 2256, 2240, 465, 481, 2257, 2241, 
    466, 482, 2258, 2242, 467, 483, 2259, 2243, 468, 484, 2260, 2244, 469, 
    485, 2261, 2245, 470, 486, 2262, 2246, 471, 487, 2263, 2247, 472, 488, 
    2264, 2248, 473, 489, 2265, 2249, 474, 490, 2266, 2250, 475, 491, 2267, 
    2251, 476, 492, 2268, 2252, 477, 493, 2269, 2253, 478, 494, 2270, 2254, 
    479, 495, 2271, 2255, 480, 496, 2272, 2256, 481, 497, 2273, 2257, 482, 
    498, 2274, 2258, 483, 499, 2275, 2259, 484, 500, 2276, 2260, 485, 501, 
    2277, 2261, 486, 502, 2278, 2262, 487, 503, 2279, 2263, 488, 504, 2280, 
    2264, 489, 505, 2281, 2265, 490, 506, 2282, 2266, 491, 507, 2283, 2267, 
    492, 508, 2284, 2268, 493, 509, 2285, 2269, 494, 510, 2286, 2270, 495, 
    511, 2287, 2271, 496, 512, 2288, 2272, 497, 513, 2289, 2273, 498, 514, 
    2290, 2274, 499, 515, 2291, 2275, 500, 516, 2292, 2276, 501, 517, 2293, 
    2277, 502, 518, 2294, 2278, 503, 519, 2295, 2279, 504, 520, 2296, 2280, 
    505, 521, 2297, 2281, 506, 522, 2298, 2282, 507, 523, 2299, 2283, 508, 
    524, 2300, 2284, 509, 525, 2301, 2285, 510, 526, 2302, 2286, 511, 527, 
    2303, 2287, 512, 528, 2304, 2288, 513, 529, 2305, 2289, 514, 530, 2306, 
    2290, 515, 531, 2307, 2291, 516, 532, 2308, 2292, 517, 533, 2309, 2293, 
    518, 534, 2310, 2294, 519, 535, 2311, 2295, 520, 536, 2312, 2296, 521, 
    537, 2313, 2297, 522, 538, 2314, 2298, 523, 539, 2315, 2299, 524, 540, 
    2316, 2300, 525, 541, 2317, 2301, 526, 542, 2318, 2302, 527, 543, 2319, 
    2303, 528, 544, 2320, 2304, 529, 545, 2321, 2305, 530, 546, 2322, 2306, 
    531, 547, 2323, 2307, 532, 548, 2324, 2308, 533, 549, 2325, 2309, 534, 
    550, 2326, 2310, 535, 551, 2327, 2311, 536, 552, 2328, 2312, 537, 553, 
    2329, 2313, 538, 554, 2330, 2314, 539, 555, 2331, 2315, 540, 556, 2332, 
    2316, 541, 557, 2333, 2317, 542, 558, 2334, 2318, 543, 559, 2335, 2319, 
    544, 560, 2336, 2320, 545, 561, 2337, 2321, 546, 562, 2338, 2322, 547, 
    563, 2339, 2323, 548, 564, 2340, 2324, 549, 565, 2341, 2325, 550, 566, 
    2342, 2326, 551, 567, 2343, 2327, 552, 568, 2344, 2328, 553, 569, 2345, 
    2329, 554, 570, 2346, 2330, 555, 571, 2347, 2331, 556, 572, 2348, 2332, 
    557, 573, 2349, 2333, 558, 574, 2350, 2334, 559, 575, 2351, 2335, 560, 
    576, 2352, 2336, 561, 577, 2353, 2337, 562, 578, 2354, 2338, 563, 579, 
    2355, 2339, 564, 580, 2356, 2340, 565, 581, 2357, 2341, 566, 582, 2358, 
    2342, 567, 583, 2359, 2343, 568, 584, 2360, 2344, 569, 585, 2361, 2345, 
    570, 586, 2362, 2346, 571, 587, 2363, 2347, 572, 588, 2364, 2348, 573, 
    589, 2365, 2349, 574, 590, 2366, 2350, 575, 591, 2367, 2351, 576, 592, 
    2368, 2352, 577, 593, 2369, 2353, 578, 594, 2370, 2354, 579, 595, 2371, 
    2355, 580, 596, 2372, 2356, 581, 597, 2373, 2357, 582, 598, 2374, 2358, 
    583, 599, 2375, 2359, 584, 600, 2376, 2360, 585, 601, 2377, 2361, 586, 
    602, 2378, 2362, 587, 603, 2379, 2363, 588, 604, 2380, 2364, 589, 605, 
    2381, 2365, 590, 606, 2382, 2366, 591, 607, 2383, 2367, 592, 608, 2384, 
    2368, 593, 609, 2385, 2369, 594, 610, 2386, 2370, 595, 611, 2387, 2371, 
    596, 612, 2388, 2372, 597, 613, 2389, 2373, 598, 614, 2390, 2374, 599, 
    615, 2391, 2375, 600, 616, 2392, 2376, 601, 617, 2393, 2377, 602, 618, 
    2394, 2378, 603, 619, 2395, 2379, 604, 620, 2396, 2380, 605, 621, 2397, 
    2381, 606, 622, 2398, 2382, 607, 623, 2399, 2383, 608, 624, 2400, 2384, 
    609, 625, 2401, 2385, 610, 626, 2402, 2386, 611, 627, 2403, 2387, 612, 
    628, 2404, 2388, 613, 629, 2405, 2389, 614, 630, 2406, 2390, 615, 631, 
    2407, 2391, 616, 632, 2408, 2392, 617, 633, 2409, 2393, 618, 634, 2410, 
    2394, 619, 635, 2411, 2395, 620, 636, 2412, 2396, 621, 637, 2413, 2397, 
    622, 638, 2414, 2398, 623, 639, 2415, 2399, 624, 640, 2416, 2400, 625, 
    641, 2417, 2401, 626, 642, 2418, 2402, 627, 643, 2419, 2403, 628, 644, 
    2420, 2404, 629, 645, 2421, 2405, 630, 646, 2422, 2406, 631, 647, 2423, 
    2407, 632, 648, 2424, 2408, 633, 649, 2425, 2409, 634, 650, 2426, 2410, 
    635, 651, 2427, 2411, 636, 652, 2428, 2412, 637, 653, 2429, 2413, 638, 
    654, 2430, 2414, 639, 655, 2431, 2415, 640, 656, 2432, 2416, 641, 657, 
    2433, 2417, 642, 658, 2434, 2418, 643, 659, 2435, 2419, 644, 660, 2436, 
    2420, 645, 661, 2437, 2421, 646, 662, 2438, 2422, 647, 663, 2439, 2423, 
    648, 664, 2440, 2424, 649, 665, 2441, 2425, 650, 666, 2442, 2426, 651, 
    667, 2443, 2427, 652, 668, 2444, 2428, 653, 669, 2445, 2429, 654, 670, 
    2446, 2430, 655, 671, 2447, 2431, 656, 672, 2448, 2432, 657, 673, 2449, 
    2433, 658, 674, 2450, 2434, 659, 675, 2451, 2435, 660, 676, 2452, 2436, 
    661, 677, 2453, 2437, 662, 678, 2454, 2438, 663, 679, 2455, 2439, 664, 
    680, 2456, 2440, 665, 681, 2457, 2441, 666, 682, 2458, 2442, 667, 683, 
    2459, 2443, 668, 684, 2460, 2444, 669, 685, 2461, 2445, 670, 686, 2462, 
    2446, 671, 687, 2463, 2447, 672, 688, 2464, 2448, 673, 689, 2465, 2449, 
    674, 690, 2466, 2450, 675, 691, 2467, 2451, 676, 692, 2468, 2452, 677, 
    693, 2469, 2453, 678, 694, 2470, 2454, 679, 695, 2471, 2455, 680, 696, 
    2472, 2456, 681, 697, 2473, 2457, 682, 698, 2474, 2458, 683, 699, 2475, 
    2459, 684, 700, 2476, 2460, 685, 701, 2477, 2461, 686, 702, 2478, 2462, 
    687, 703, 2479, 2463, 688, 704, 2480, 2464, 689, 705, 2481, 2465, 690, 
    706, 2482, 2466, 691, 707, 2483, 2467, 692, 708, 2484, 2468, 693, 709, 
    2485, 2469, 694, 710, 2486, 2470, 695, 711, 2487, 2471, 696, 712, 2488, 
    2472, 697, 713, 2489, 2473, 698, 714, 2490, 2474, 699, 715, 2491, 2475, 
    700, 716, 2492, 2476, 701, 717, 2493, 2477, 702, 718, 2494, 2478, 703, 
    719, 2495, 2479, 704, 720, 2496, 2480, 705, 721, 2497, 2481, 706, 722, 
    2498, 2482, 707, 723, 2499, 2483, 708, 724, 2500, 2484, 709, 725, 2501, 
    2485, 710, 726, 2502, 2486, 711, 727, 2503, 2487, 712, 728, 2504, 2488, 
    713, 729, 2505, 2489, 714, 730, 2506, 2490, 715, 731, 2507, 2491, 716, 
    732, 2508, 2492, 717, 733, 2509, 2493, 718, 734, 2510, 2494, 719, 735, 
    2511, 2495, 720, 736, 2512, 2496, 721, 737, 2513, 2497, 722, 738, 2514, 
    2498, 723, 739, 2515, 2499, 724, 740, 2516, 2500, 725, 741, 2517, 2501, 
    726, 742, 2518, 2502, 727, 743, 2519, 2503, 728, 744, 2520, 2504, 729, 
    745, 2521, 2505, 730, 746, 2522, 2506, 731, 747, 2523, 2507, 732, 748, 
    2524, 2508, 733, 749, 2525, 2509, 734, 750, 2526, 2510, 735, 751, 2527, 
    2511, 736, 752, 2528, 2512, 737, 753, 2529, 2513, 738, 754, 2530, 2514, 
    739, 755, 2531, 2515, 740, 756, 2532, 2516, 741, 757, 2533, 2517, 742, 
    758, 2534, 2518, 743, 759, 2535, 2519, 744, 760, 2536, 2520, 745, 761, 
    2537, 2521, 746, 762, 2538, 2522, 747, 763, 2539, 2523, 748, 764, 2540, 
    2524, 749, 765, 2541, 2525, 750, 766, 2542, 2526, 751, 767, 2543, 2527, 
    752, 768, 2544, 2528, 753, 769, 2545, 2529, 754, 770, 2546, 2530, 755, 
    771, 2547, 2531, 756, 772, 2548, 2532, 757, 773, 2549, 2533, 758, 774, 
    2550, 2534, 759, 775, 2551, 2535, 760, 776, 2552, 2536, 761, 777, 2553, 
    2537, 762, 778, 2554, 2538, 763, 779, 2555, 2539, 764, 780, 2556, 2540, 
    765, 781, 2557, 2541, 766, 782, 2558, 2542, 767, 783, 2559, 2543, 768, 
    784, 2560, 2544, 769, 785, 2561, 2545, 770, 786, 2562, 2546, 771, 787, 
    2563, 2547, 772, 788, 2564, 2548, 773, 789, 2565, 2549, 774, 790, 2566, 
    2550, 775, 791, 2567, 2551, 776, 792, 2568, 2552, 777, 793, 2569, 2553, 
    778, 794, 2570, 2554, 779, 795, 2571, 2555, 780, 796, 2572, 2556, 781, 
    797, 2573, 2557, 782, 798, 2574, 2558, 783, 799, 2575, 2559, 784, 800, 
    2576, 2560, 785, 801, 2577, 2561, 786, 802, 2578, 2562, 787, 803, 2579, 
    2563, 788, 804, 2580, 2564, 789, 805, 2581, 2565, 790, 806, 2582, 2566, 
    791, 807, 2583, 2567, 792, 808, 2584, 2568, 793, 809, 2585, 2569, 794, 
    810, 2586, 2570, 795, 811, 2587, 2571, 796, 812, 2588, 2572, 797, 813, 
    2589, 2573, 798, 814, 2590, 2574, 799, 815, 2591, 2575, 800, 816, 2592, 
    2576, 801, 817, 2593, 2577, 802, 818, 2594, 2578, 803, 819, 2595, 2579, 
    804, 820, 2596, 2580, 805, 821, 2597, 2581, 806, 822, 2598, 2582, 807, 
    823, 2599, 2583, 808, 824, 2600, 2584, 809, 825, 2601, 2585, 810, 826, 
    2602, 2586, 811, 827, 2603, 2587, 812, 828, 2604, 2588, 813, 829, 2605, 
    2589, 814, 830, 2606, 2590, 815, 831, 2607, 2591, 816, 832, 2608, 2592, 
    817, 833, 2609, 2593, 818, 834, 2610, 2594, 819, 835, 2611, 2595, 820, 
    836, 2612, 2596, 821, 837, 2613, 2597, 822, 838, 2614, 2598, 823, 839, 
    2615, 2599, 824, 840, 2616, 2600, 825, 841, 2617, 2601, 826, 842, 2618, 
    2602, 827, 843, 2619, 2603, 828, 844, 2620, 2604, 829, 845, 2621, 2605, 
    830, 846, 2622, 2606, 831, 847, 2623, 2607, 832, 848, 2624, 2608, 833, 
    849, 2625, 2609, 834, 850, 2626, 2610, 835, 851, 2627, 2611, 836, 852, 
    2628, 2612, 837, 853, 2629, 2613, 838, 854, 2630, 2614, 839, 855, 2631, 
    2615, 840, 856, 2632, 2616, 841, 857, 2633, 2617, 842, 858, 2634, 2618, 
    843, 859, 2635, 2619, 844, 860, 2636, 2620, 845, 861, 2637, 2621, 846, 
    862, 2638, 2622, 847, 863, 2639, 2623, 848, 864, 2640, 2624, 849, 865, 
    2641, 2625, 850, 866, 2642, 2626, 851, 867, 2643, 2627, 852, 868, 2644, 
    2628, 853, 869, 2645, 2629, 854, 870, 2646, 2630, 855, 871, 2647, 2631, 
    856, 872, 2648, 2632, 857, 873, 2649, 2633, 858, 874, 2650, 2634, 859, 
    875, 2651, 2635, 860, 876, 2652, 2636, 861, 877, 2653, 2637, 862, 878, 
    2654, 2638, 863, 879, 2655, 2639, 864, 880, 2656, 2640, 865, 881, 2657, 
    2641, 866, 882, 2658, 2642, 867, 883, 2659, 2643, 868, 884, 2660, 2644, 
    869, 885, 2661, 2645, 870, 886, 2662, 2646, 871, 887, 2663, 2647, 872, 
    888, 2664, 2648, 873, 889, 2665, 2649, 874, 890, 2666, 2650, 875, 891, 
    2667, 2651, 876, 892, 2668, 2652, 877, 893, 2669, 2653, 878, 894, 2670, 
    2654, 879, 895, 2671, 2655, 880, 896, 2672, 2656, 881, 897, 2673, 2657, 
    882, 898, 2674, 2658, 883, 899, 2675, 2659, 884, 900, 2676, 2660, 885, 
    901, 2677, 2661, 886, 902, 2678, 2662, 887, 903, 2679, 2663, 888, 904, 
    2680, 2664, 889, 905, 2681, 2665, 890, 906, 2682, 2666, 891, 907, 2683, 
    2667, 892, 908, 2684, 2668, 893, 909, 2685, 2669, 894, 910, 2686, 2670, 
    895, 911, 2687, 2671, 896, 912, 2688, 2672, 897, 913, 2689, 2673, 898, 
    914, 2690, 2674, 899, 915, 2691, 2675, 900, 916, 2692, 2676, 901, 917, 
    2693, 2677, 902, 918, 2694, 2678, 903, 919, 2695, 2679, 904, 920, 2696, 
    2680, 905, 921, 2697, 2681, 906, 922, 2698, 2682, 907, 923, 2699, 2683, 
    908, 924, 2700, 2684, 909, 925, 2701, 2685, 910, 926, 2702, 2686, 911, 
    927, 2703, 2687, 912, 928, 2704, 2688, 913, 929, 2705, 2689, 914, 930, 
    2706, 2690, 915, 931, 2707, 2691, 916, 932, 2708, 2692, 917, 933, 2709, 
    2693, 918, 934, 2710, 2694, 919, 935, 2711, 2695, 920, 936, 2712, 2696, 
    921, 937, 2713, 2697, 922, 938, 2714, 2698, 923, 939, 2715, 2699, 924, 
    940, 2716, 2700, 925, 941, 2717, 2701, 926, 942, 2718, 2702, 927, 943, 
    2719, 2703, 928, 944, 2720, 2704, 929, 945, 2721, 2705, 930, 946, 2722, 
    2706, 931, 947, 2723, 2707, 932, 948, 2724, 2708, 933, 949, 2725, 2709, 
    934, 950, 2726, 2710, 935, 951, 2727, 2711, 936, 952, 2728, 2712, 937, 
    953, 2729, 2713, 938, 954, 2730, 2714, 939, 955, 2731, 2715, 940, 956, 
    2732, 2716, 941, 957, 2733, 2717, 942, 958, 2734, 2718, 943, 959, 2735, 
    2719, 944, 960, 2736, 2720, 945, 961, 2737, 2721, 946, 962, 2738, 2722, 
    947, 963, 2739, 2723, 948, 964, 2740, 2724, 949, 965, 2741, 2725, 950, 
    966, 2742, 2726, 951, 967, 2743, 2727, 952, 968, 2744, 2728, 953, 969, 
    2745, 2729, 954, 970, 2746, 2730, 955, 971, 2747, 2731, 956, 972, 2748, 
    2732, 957, 973, 2749, 2733, 958, 974, 2750, 2734, 959, 975, 2751, 2735, 
    960, 976, 2752, 2736, 961, 977, 2753, 2737, 962, 978, 2754, 2738, 963, 
    979, 2755, 2739, 964, 980, 2756, 2740, 965, 981, 2757, 2741, 966, 982, 
    2758, 2742, 967, 983, 2759, 2743, 968, 984, 2760, 2744, 969, 985, 2761, 
    2745, 970, 986, 2762, 2746, 971, 987, 2763, 2747, 972, 988, 2764, 2748, 
    973, 989, 2765, 2749, 974, 990, 2766, 2750, 975, 991, 2767, 2751, 976, 
    992, 2768, 2752, 977, 993, 2769, 2753, 978, 994, 2770, 2754, 979, 995, 
    2771, 2755, 980, 996, 2772, 2756, 981, 997, 2773, 2757, 982, 998, 2774, 
    2758, 983, 999, 2775, 2759, 984, 1000, 2776, 2760, 985, 1001, 2777, 2761, 
    986, 1002, 2778, 2762, 987, 1003, 2779, 2763, 988, 1004, 2780, 2764, 989, 
    1005, 2781, 2765, 990, 1006, 2782, 2766, 991, 1007, 2783, 2767, 992, 
    1008, 2784, 2768, 993, 1009, 2785, 2769, 994, 1010, 2786, 2770, 995, 
    1011, 2787, 2771, 996, 1012, 2788, 2772, 997, 1013, 2789, 2773, 998, 
    1014, 2790, 2774, 999, 1015, 2791, 2775, 1000, 1016, 2792, 2776, 1001, 
    1017, 2793, 2777, 1002, 1018, 2794, 2778, 1003, 1019, 2795, 2779, 1004, 
    1020, 2796, 2780, 1005, 1021, 2797, 2781, 1006, 1022, 2798, 2782, 1007, 
    1023, 2799, 2783, 1008, 1024, 2800, 2784, 1009, 1025, 2801, 2785, 1010, 
    1026, 2802, 2786, 1011, 1027, 2803, 2787, 1012, 1028, 2804, 2788, 1013, 
    1029, 2805, 2789, 1014, 1030, 2806, 2790, 1015, 1031, 2807, 2791, 1016, 
    1032, 2808, 2792, 1017, 1033, 2809, 2793, 1018, 1034, 2810, 2794, 1019, 
    1035, 2811, 2795, 1020, 1036, 2812, 2796, 1021, 1037, 2813, 2797, 1022, 
    1038, 2814, 2798, 1023, 1039, 2815, 2799, 1024, 1040, 2816, 2800, 1025, 
    1041, 2817, 2801, 1026, 1042, 2818, 2802, 1027, 1043, 2819, 2803, 1028, 
    1044, 2820, 2804, 1029, 1045, 2821, 2805, 1030, 1046, 2822, 2806, 1031, 
    1047, 2823, 2807, 1032, 1048, 2824, 2808, 1033, 1049, 2825, 2809, 1034, 
    1050, 2826, 2810, 1035, 1051, 2827, 2811, 1036, 1052, 2828, 2812, 1037, 
    1053, 2829, 2813, 1038, 1054, 2830, 2814, 1039, 1055, 2831, 2815, 1040, 
    1056, 2832, 2816, 1041, 1057, 2833, 2817, 1042, 1058, 2834, 2818, 1043, 
    1059, 2835, 2819, 1044, 1060, 2836, 2820, 1045, 1061, 2837, 2821, 1046, 
    1062, 2838, 2822, 1047, 1063, 2839, 2823, 1048, 1064, 2840, 2824, 1049, 
    1065, 2841, 2825, 1050, 1066, 2842, 2826, 1051, 1067, 2843, 2827, 1052, 
    1068, 2844, 2828, 1053, 1069, 2845, 2829, 1054, 1070, 2846, 2830, 1055, 
    1071, 2847, 2831, 1056, 1072, 2848, 2832, 1057, 1073, 2849, 2833, 1058, 
    1074, 2850, 2834, 1059, 1075, 2851, 2835, 1060, 1076, 2852, 2836, 1061, 
    1077, 2853, 2837, 1062, 1078, 2854, 2838, 1063, 1079, 2855, 2839, 1064, 
    1080, 2856, 2840, 1065, 1081, 2857, 2841, 1066, 1082, 2858, 2842, 1067, 
    1083, 2859, 2843, 1068, 1084, 2860, 2844, 1069, 1085, 2861, 2845, 1070, 
    1086, 2862, 2846, 1071, 1087, 2863, 2847, 1072, 1088, 2864, 2848, 1073, 
    1089, 2865, 2849, 1074, 1090, 2866, 2850, 1075, 1091, 2867, 2851, 1076, 
    1092, 2868, 2852, 1077, 1093, 2869, 2853, 1078, 1094, 2870, 2854, 1079, 
    1095, 2871, 2855, 1080, 1096, 2872, 2856, 1081, 1097, 2873, 2857, 1082, 
    1098, 2874, 2858, 1083, 1099, 2875, 2859, 1084, 1100, 2876, 2860, 1085, 
    1101, 2877, 2861, 1086, 1102, 2878, 2862, 1087, 1103, 2879, 2863, 1088, 
    1104, 2880, 2864, 1089, 1105, 2881, 2865, 1090, 1106, 2882, 2866, 1091, 
    1107, 2883, 2867, 1092, 1108, 2884, 2868, 1093, 1109, 2885, 2869, 1094, 
    1110, 2886, 2870, 1095, 1111, 2887, 2871, 1096, 1112, 2888, 2872, 1097, 
    1113, 2889, 2873, 1098, 1114, 2890, 2874, 1099, 1115, 2891, 2875, 1100, 
    1116, 2892, 2876, 1101, 1117, 2893, 2877, 1102, 1118, 2894, 2878, 1103, 
    1119, 2895, 2879, 1104, 1120, 2896, 2880, 1105, 1121, 2897, 2881, 1106, 
    1122, 2898, 2882, 1107, 1123, 2899, 2883, 1108, 1124, 2900, 2884, 1109, 
    1125, 2901, 2885, 1110, 1126, 2902, 2886, 1111, 1127, 2903, 2887, 1112, 
    1128, 2904, 2888, 1113, 1129, 2905, 2889, 1114, 1130, 2906, 2890, 1115, 
    1131, 2907, 2891, 1116, 1132, 2908, 2892, 1117, 1133, 2909, 2893, 1118, 
    1134, 2910, 2894, 1119, 1135, 2911, 2895, 1120, 1136, 2912, 2896, 1121, 
    1137, 2913, 2897, 1122, 1138, 2914, 2898, 1123, 1139, 2915, 2899, 1124, 
    1140, 2916, 2900, 1125, 1141, 2917, 2901, 1126, 1142, 2918, 2902, 1127, 
    1143, 2919, 2903, 1128, 1144, 2920, 2904, 1129, 1145, 2921, 2905, 1130, 
    1146, 2922, 2906, 1131, 1147, 2923, 2907, 1132, 1148, 2924, 2908, 1133, 
    1149, 2925, 2909, 1134, 1150, 2926, 2910, 1135, 1151, 2927, 2911, 1136, 
    1152, 2928, 2912, 1137, 1153, 2929, 2913, 1138, 1154, 2930, 2914, 1139, 
    1155, 2931, 2915, 1140, 1156, 2932, 2916, 1141, 1157, 2933, 2917, 1142, 
    1158, 2934, 2918, 1143, 1159, 2935, 2919, 1144, 1160, 2936, 2920, 1145, 
    1161, 2937, 2921, 1146, 1162, 2938, 2922, 1147, 1163, 2939, 2923, 1148, 
    1164, 2940, 2924, 1149, 1165, 2941, 2925, 1150, 1166, 2942, 2926, 1151, 
    1167, 2943, 2927, 1152, 1168, 2944, 2928, 1153, 1169, 2945, 2929, 1154, 
    1170, 2946, 2930, 1155, 1171, 2947, 2931, 1156, 1172, 2948, 2932, 1157, 
    1173, 2949, 2933, 1158, 1174, 2950, 2934, 1159, 1175, 2951, 2935, 1160, 
    1176, 2952, 2936, 1161, 1177, 2953, 2937, 1162, 1178, 2954, 2938, 1163, 
    1179, 2955, 2939, 1164, 1180, 2956, 2940, 1165, 1181, 2957, 2941, 1166, 
    1182, 2958, 2942, 1167, 1183, 2959, 2943, 1168, 1184, 2960, 2944, 1169, 
    1185, 2961, 2945, 1170, 1186, 2962, 2946, 1171, 1187, 2963, 2947, 1172, 
    1188, 2964, 2948, 1173, 1189, 2965, 2949, 1174, 1190, 2966, 2950, 1175, 
    1191, 2967, 2951, 1176, 1192, 2968, 2952, 1177, 1193, 2969, 2953, 1178, 
    1194, 2970, 2954, 1179, 1195, 2971, 2955, 1180, 1196, 2972, 2956, 1181, 
    1197, 2973, 2957, 1182, 1198, 2974, 2958, 1183, 1199, 2975, 2959, 1184, 
    1200, 2976, 2960, 1185, 1201, 2977, 2961, 1186, 1202, 2978, 2962, 1187, 
    1203, 2979, 2963, 1188, 1204, 2980, 2964, 1189, 1205, 2981, 2965, 1190, 
    1206, 2982, 2966, 1191, 1207, 2983, 2967, 1192, 1208, 2984, 2968, 1193, 
    1209, 2985, 2969, 1194, 1210, 2986, 2970, 1195, 1211, 2987, 2971, 1196, 
    1212, 2988, 2972, 1197, 1213, 2989, 2973, 1198, 1214, 2990, 2974, 1199, 
    1215, 2991, 2975, 1200, 1216, 2992, 2976, 1201, 1217, 2993, 2977, 1202, 
    1218, 2994, 2978, 1203, 1219, 2995, 2979, 1204, 1220, 2996, 2980, 1205, 
    1221, 2997, 2981, 1206, 1222, 2998, 2982, 1207, 1223, 2999, 2983, 1208, 
    1224, 3000, 2984, 1209, 1225, 3001, 2985, 1210, 1226, 3002, 2986, 1211, 
    1227, 3003, 2987, 1212, 1228, 3004, 2988, 1213, 1229, 3005, 2989, 1214, 
    1230, 3006, 2990, 1215, 1231, 3007, 2991, 1216, 1232, 3008, 2992, 1217, 
    1233, 3009, 2993, 1218, 1234, 3010, 2994, 1219, 1235, 3011, 2995, 1220, 
    1236, 3012, 2996, 1221, 1237, 3013, 2997, 1222, 1238, 3014, 2998, 1223, 
    1239, 3015, 2999, 1224, 1240, 3016, 3000, 1225, 1241, 3017, 3001, 1226, 
    1242, 3018, 3002, 1227, 1243, 3019, 3003, 1228, 1244, 3020, 3004, 1229, 
    1245, 3021, 3005, 1230, 1246, 3022, 3006, 1231, 1247, 3023, 3007, 1232, 
    1248, 3024, 3008, 1233, 1249, 3025, 3009, 1234, 1250, 3026, 3010, 1235, 
    1251, 3027, 3011, 1236, 1252, 3028, 3012, 1237, 1253, 3029, 3013, 1238, 
    1254, 3030, 3014, 1239, 1255, 3031, 3015, 1240, 1256, 3032, 3016, 1241, 
    1257, 3033, 3017, 1242, 1258, 3034, 3018, 1243, 1259, 3035, 3019, 1244, 
    1260, 3036, 3020, 1245, 1261, 3037, 3021, 1246, 1262, 3038, 3022, 1247, 
    1263, 3039, 3023, 1248, 1264, 3040, 3024, 1249, 1265, 3041, 3025, 1250, 
    1266, 3042, 3026, 1251, 1267, 3043, 3027, 1252, 1268, 3044, 3028, 1253, 
    1269, 3045, 3029, 1254, 1270, 3046, 3030, 1255, 1271, 3047, 3031, 1256, 
    1272, 3048, 3032, 1257, 1273, 3049, 3033, 1258, 1274, 3050, 3034, 1259, 
    1275, 3051, 3035, 1260, 1276, 3052, 3036, 1261, 1277, 3053, 3037, 1262, 
    1278, 3054, 3038, 1263, 1279, 3055, 3039, 1264, 1280, 3056, 3040, 1265, 
    1281, 3057, 3041, 1266, 1282, 3058, 3042, 1267, 1283, 3059, 3043, 1268, 
    1284, 3060, 3044, 1269, 1285, 3061, 3045, 1270, 1286, 3062, 3046, 1271, 
    1287, 3063, 3047, 1272, 1288, 3064, 3048, 1273, 1289, 3065, 3049, 1274, 
    1290, 3066, 3050, 1275, 1291, 3067, 3051, 1276, 1292, 3068, 3052, 1277, 
    1293, 3069, 3053, 1278, 1294, 3070, 3054, 1279, 1295, 3071, 3055, 1280, 
    1296, 3072, 3056, 1281, 1297, 3073, 3057, 1282, 1298, 3074, 3058, 1283, 
    1299, 3075, 3059, 1284, 1300, 3076, 3060, 1285, 1301, 3077, 3061, 1286, 
    1302, 3078, 3062, 1287, 1303, 3079, 3063, 1288, 1304, 3080, 3064, 1289, 
    1305, 3081, 3065, 1290, 1306, 3082, 3066, 1291, 1307, 3083, 3067, 1292, 
    1308, 3084, 3068, 1293, 1309, 3085, 3069, 1294, 1310, 3086, 3070, 1295, 
    1311, 3087, 3071, 1296, 1312, 3088, 3072, 1297, 1313, 3089, 3073, 1298, 
    1314, 3090, 3074, 1299, 1315, 3091, 3075, 1300, 1316, 3092, 3076, 1301, 
    1317, 3093, 3077, 1302, 1318, 3094, 3078, 1303, 1319, 3095, 3079, 1304, 
    1320, 3096, 3080, 1305, 1321, 3097, 3081, 1306, 1322, 3098, 3082, 1307, 
    1323, 3099, 3083, 1308, 1324, 3100, 3084, 1309, 1325, 3101, 3085, 1310, 
    1326, 3102, 3086, 1311, 1327, 3103, 3087, 1312, 1328, 3104, 3088, 1313, 
    1329, 3105, 3089, 1314, 1330, 3106, 3090, 1315, 1331, 3107, 3091, 1316, 
    1332, 3108, 3092, 1317, 1333, 3109, 3093, 1318, 1334, 3110, 3094, 1319, 
    1335, 3111, 3095, 1320, 1336, 3112, 3096, 1321, 1337, 3113, 3097, 1322, 
    1338, 3114, 3098, 1323, 1339, 3115, 3099, 1324, 1340, 3116, 3100, 1325, 
    1341, 3117, 3101, 1326, 1342, 3118, 3102, 1327, 1343, 3119, 3103, 1328, 
    1344, 3120, 3104, 1329, 1345, 3121, 3105, 1330, 1346, 3122, 3106, 1331, 
    1347, 3123, 3107, 1332, 1348, 3124, 3108, 1333, 1349, 3125, 3109, 1334, 
    1350, 3126, 3110, 1335, 1351, 3127, 3111, 1336, 1352, 3128, 3112, 1337, 
    1353, 3129, 3113, 1338, 1354, 3130, 3114, 1339, 1355, 3131, 3115, 1340, 
    1356, 3132, 3116, 1341, 1357, 3133, 3117, 1342, 1358, 3134, 3118, 1343, 
    1359, 3135, 3119, 1344, 1360, 3136, 3120, 1345, 1361, 3137, 3121, 1346, 
    1362, 3138, 3122, 1347, 1363, 3139, 3123, 1348, 1364, 3140, 3124, 1349, 
    1365, 3141, 3125, 1350, 1366, 3142, 3126, 1351, 1367, 3143, 3127, 1352, 
    1368, 3144, 3128, 1353, 1369, 3145, 3129, 1354, 1370, 3146, 3130, 1355, 
    1371, 3147, 3131, 1356, 1372, 3148, 3132, 1357, 1373, 3149, 3133, 1358, 
    1374, 3150, 3134, 1359, 1375, 3151, 3135, 1360, 1376, 3152, 3136, 1361, 
    1377, 3153, 3137, 1362, 1378, 3154, 3138, 1363, 1379, 3155, 3139, 1364, 
    1380, 3156, 3140, 1365, 1381, 3157, 3141, 1366, 1382, 3158, 3142, 1367, 
    1383, 3159, 3143, 1368, 1384, 3160, 3144, 1369, 1385, 3161, 3145, 1370, 
    1386, 3162, 3146, 1371, 1387, 3163, 3147, 1372, 1388, 3164, 3148, 1373, 
    1389, 3165, 3149, 1374, 1390, 3166, 3150, 1375, 1391, 3167, 3151, 1376, 
    1392, 3168, 3152, 1377, 1393, 3169, 3153, 1378, 1394, 3170, 3154, 1379, 
    1395, 3171, 3155, 1380, 1396, 3172, 3156, 1381, 1397, 3173, 3157, 1382, 
    1398, 3174, 3158, 1383, 1399, 3175, 3159, 1384, 1400, 3176, 3160, 1385, 
    1401, 3177, 3161, 1386, 1402, 3178, 3162, 1387, 1403, 3179, 3163, 1388, 
    1404, 3180, 3164, 1389, 1405, 3181, 3165, 1390, 1406, 3182, 3166, 1391, 
    1407, 3183, 3167, 1392, 1408, 3184, 3168, 1393, 1409, 3185, 3169, 1394, 
    1410, 3186, 3170, 1395, 1411, 3187, 3171, 1396, 1412, 3188, 3172, 1397, 
    1413, 3189, 3173, 1398, 1414, 3190, 3174, 1399, 1415, 3191, 3175, 1400, 
    1416, 3192, 3176, 1401, 1417, 3193, 3177, 1402, 1418, 3194, 3178, 1403, 
    1419, 3195, 3179, 1404, 1420, 3196, 3180, 1405, 1421, 3197, 3181, 1406, 
    1422, 3198, 3182, 1407, 1423, 3199, 3183, 1408, 1424, 3200, 3184, 1409, 
    1425, 3201, 3185, 1410, 1426, 3202, 3186, 1411, 1427, 3203, 3187, 1412, 
    1428, 3204, 3188, 1413, 1429, 3205, 3189, 1414, 1430, 3206, 3190, 1415, 
    1431, 3207, 3191, 1416, 1432, 3208, 3192, 1417, 1433, 3209, 3193, 1418, 
    1434, 3210, 3194, 1419, 1435, 3211, 3195, 1420, 1436, 3212, 3196, 1421, 
    1437, 3213, 3197, 1422, 1438, 3214, 3198, 1423, 1439, 3215, 3199, 1424, 
    1440, 3216, 3200, 1425, 1441, 3217, 3201, 1426, 1442, 3218, 3202, 1427, 
    1443, 3219, 3203, 1428, 1444, 3220, 3204, 1429, 1445, 3221, 3205, 1430, 
    1446, 3222, 3206, 1431, 1447, 3223, 3207, 1432, 1448, 3224, 3208, 1433, 
    1449, 3225, 3209, 1434, 1450, 3226, 3210, 1435, 1451, 3227, 3211, 1436, 
    1452, 3228, 3212, 1437, 1453, 3229, 3213, 1438, 1454, 3230, 3214, 1439, 
    1455, 3231, 3215, 1440, 1456, 3232, 3216, 1441, 1457, 3233, 3217, 1442, 
    1458, 3234, 3218, 1443, 1459, 3235, 3219, 1444, 1460, 3236, 3220, 1445, 
    1461, 3237, 3221, 1446, 1462, 3238, 3222, 1447, 1463, 3239, 3223, 1448, 
    1464, 3240, 3224, 1449, 1465, 3241, 3225, 1450, 1466, 3242, 3226, 1451, 
    1467, 3243, 3227, 1452, 1468, 3244, 3228, 1453, 1469, 3245, 3229, 1454, 
    1470, 3246, 3230, 1455, 1471, 3247, 3231, 1456, 1472, 3248, 3232, 1457, 
    1473, 3249, 3233, 1458, 1474, 3250, 3234, 1459, 1475, 3251, 3235, 1460, 
    1476, 3252, 3236, 1461, 1477, 3253, 3237, 1462, 1478, 3254, 3238, 1463, 
    1479, 3255, 3239, 1464, 1480, 3256, 3240, 1465, 1481, 3257, 3241, 1466, 
    1482, 3258, 3242, 1467, 1483, 3259, 3243, 1468, 1484, 3260, 3244, 1469, 
    1485, 3261, 3245, 1470, 1486, 3262, 3246, 1471, 1487, 3263, 3247, 1472, 
    1488, 3264, 3248, 1473, 1489, 3265, 3249, 1474, 1490, 3266, 3250, 1475, 
    1491, 3267, 3251, 1476, 1492, 3268, 3252, 1477, 1493, 3269, 3253, 1478, 
    1494, 3270, 3254, 1479, 1495, 3271, 3255, 1480, 1496, 3272, 3256, 1481, 
    1497, 3273, 3257, 1482, 1498, 3274, 3258, 1483, 1499, 3275, 3259, 1484, 
    1500, 3276, 3260, 1485, 1501, 3277, 3261, 1486, 1502, 3278, 3262, 1487, 
    1503, 3279, 3263, 1488, 1504, 3280, 3264, 1489, 1505, 3281, 3265, 1490, 
    1506, 3282, 3266, 1491, 1507, 3283, 3267, 1492, 1508, 3284, 3268, 1493, 
    1509, 3285, 3269, 1494, 1510, 3286, 3270, 1495, 1511, 3287, 3271, 1496, 
    1512, 3288, 3272, 1497, 1513, 3289, 3273, 1498, 1514, 3290, 3274, 1499, 
    1515, 3291, 3275, 1500, 1516, 3292, 3276, 1501, 1517, 3293, 3277, 1502, 
    1518, 3294, 3278, 1503, 1519, 3295, 3279, 1504, 1520, 3296, 3280, 1505, 
    1521, 3297, 3281, 1506, 1522, 3298, 3282, 1507, 1523, 3299, 3283, 1508, 
    1524, 3300, 3284, 1509, 1525, 3301, 3285, 1510, 1526, 3302, 3286, 1511, 
    1527, 3303, 3287, 1512, 1528, 3304, 3288, 1513, 1529, 3305, 3289, 1514, 
    1530, 3306, 3290, 1515, 1531, 3307, 3291, 1516, 1532, 3308, 3292, 1517, 
    1533, 3309, 3293, 1518, 1534, 3310, 3294, 1519, 1535, 3311, 3295, 1520, 
    1536, 3312, 3296, 1521, 1537, 3313, 3297, 1522, 1538, 3314, 3298, 1523, 
    1539, 3315, 3299, 1524, 1540, 3316, 3300, 1525, 1541, 3317, 3301, 1526, 
    1542, 3318, 3302, 1527, 1543, 3319, 3303, 1528, 1544, 3320, 3304, 1529, 
    1545, 3321, 3305, 1530, 1546, 3322, 3306, 1531, 1547, 3323, 3307, 1532, 
    1548, 3324, 3308, 1533, 1549, 3325, 3309, 1534, 1550, 3326, 3310, 1535, 
    1551, 3327, 3311, 1536, 1552, 3328, 3312, 1537, 1553, 3329, 3313, 1538, 
    1554, 3330, 3314, 1539, 1555, 3331, 3315, 1540, 1556, 3332, 3316, 1541, 
    1557, 3333, 3317, 1542, 1558, 3334, 3318, 1543, 1559, 3335, 3319, 1544, 
    1560, 3336, 3320, 1545, 1561, 3337, 3321, 1546, 1562, 3338, 3322, 1547, 
    1563, 3339, 3323, 1548, 1564, 3340, 3324, 1549, 1565, 3341, 3325, 1550, 
    1566, 3342, 3326, 1551, 1567, 3343, 3327, 1552, 1568, 3344, 3328, 1553, 
    1569, 3345, 3329, 1554, 1570, 3346, 3330, 1555, 1571, 3347, 3331, 1556, 
    1572, 3348, 3332, 1557, 1573, 3349, 3333, 1558, 1574, 3350, 3334, 1559, 
    1575, 3351, 3335, 1560, 1576, 3352, 3336, 1561, 1577, 3353, 3337, 1562, 
    1578, 3354, 3338, 1563, 1579, 3355, 3339, 1564, 1580, 3356, 3340, 1565, 
    1581, 3357, 3341, 1566, 1582, 3358, 3342, 1567, 1583, 3359, 3343, 1568, 
    1584, 3360, 3344, 1569, 1585, 3361, 3345, 1570, 1586, 3362, 3346, 1571, 
    1587, 3363, 3347, 1572, 1588, 3364, 3348, 1573, 1589, 3365, 3349, 1574, 
    1590, 3366, 3350, 1575, 1591, 3367, 3351, 1576, 1592, 3368, 3352, 1577, 
    1593, 3369, 3353, 1578, 1594, 3370, 3354, 1579, 1595, 3371, 3355, 1580, 
    1596, 3372, 3356, 1581, 1597, 3373, 3357, 1582, 1598, 3374, 3358, 1583, 
    1599, 3375, 3359, 1584, 1600, 3376, 3360, 1585, 1601, 3377, 3361, 1586, 
    1602, 3378, 3362, 1587, 1603, 3379, 3363, 1588, 1604, 3380, 3364, 1589, 
    1605, 3381, 3365, 1590, 1606, 3382, 3366, 1591, 1607, 3383, 3367, 1592, 
    1608, 3384, 3368, 1593, 1609, 3385, 3369, 1594, 1610, 3386, 3370, 1595, 
    1611, 3387, 3371, 1596, 1612, 3388, 3372, 1597, 1613, 3389, 3373, 1598, 
    1614, 3390, 3374, 1599, 1615, 3391, 3375, 1600, 1616, 3392, 3376, 1601, 
    1617, 3393, 3377, 1602, 1618, 3394, 3378, 1603, 1619, 3395, 3379, 1604, 
    1620, 3396, 3380, 1605, 1621, 3397, 3381, 1606, 1622, 3398, 3382, 1607, 
    1623, 3399, 3383, 1608, 1624, 3400, 3384, 1609, 1625, 3401, 3385, 1610, 
    1626, 3402, 3386, 1611, 1627, 3403, 3387, 1612, 1628, 3404, 3388, 1613, 
    1629, 3405, 3389, 1614, 1630, 3406, 3390, 1615, 1631, 3407, 3391, 1616, 
    1632, 3408, 3392, 1617, 1633, 3409, 3393, 1618, 1634, 3410, 3394, 1619, 
    1635, 3411, 3395, 1620, 1636, 3412, 3396, 1621, 1637, 3413, 3397, 1622, 
    1638, 3414, 3398, 1623, 1639, 3415, 3399, 1624, 1640, 3416, 3400, 1625, 
    1641, 3417, 3401, 1626, 1642, 3418, 3402, 1627, 1643, 3419, 3403, 1628, 
    1644, 3420, 3404, 1629, 1645, 3421, 3405, 1630, 1646, 3422, 3406, 1631, 
    1647, 3423, 3407, 1632, 1648, 3424, 3408, 1633, 1649, 3425, 3409, 1634, 
    1650, 3426, 3410, 1635, 1651, 3427, 3411, 1636, 1652, 3428, 3412, 1637, 
    1653, 3429, 3413, 1638, 1654, 3430, 3414, 1639, 1655, 3431, 3415, 1640, 
    1656, 3432, 3416, 1641, 1657, 3433, 3417, 1642, 1658, 3434, 3418, 1643, 
    1659, 3435, 3419, 1644, 1660, 3436, 3420, 1645, 1661, 3437, 3421, 1646, 
    1662, 3438, 3422, 1647, 1663, 3439, 3423, 1648, 1664, 3440, 3424, 1649, 
    1665, 3441, 3425, 1650, 1666, 3442, 3426, 1651, 1667, 3443, 3427, 1652, 
    1668, 3444, 3428, 1653, 1669, 3445, 3429, 1654, 1670, 3446, 3430, 1655, 
    1671, 3447, 3431, 1656, 1672, 3448, 3432, 1657, 1673, 3449, 3433, 1658, 
    1674, 3450, 3434, 1659, 1675, 3451, 3435, 1660, 1676, 3452, 3436, 1661, 
    1677, 3453, 3437, 1662, 1678, 3454, 3438, 1663, 1679, 3455, 3439, 1664, 
    1680, 3456, 3440, 1665, 1681, 3457, 3441, 1666, 1682, 3458, 3442, 1667, 
    1683, 3459, 3443, 1668, 1684, 3460, 3444, 1669, 1685, 3461, 3445, 1670, 
    1686, 3462, 3446, 1671, 1687, 3463, 3447, 1672, 1688, 3464, 3448, 1673, 
    1689, 3465, 3449, 1674, 1690, 3466, 3450, 1675, 1691, 3467, 3451, 1676, 
    1692, 3468, 3452, 1677, 1693, 3469, 3453, 1678, 1694, 3470, 3454, 1679, 
    1695, 3471, 3455, 1680, 1696, 3472, 3456, 1681, 1697, 3473, 3457, 1682, 
    1698, 3474, 3458, 1683, 1699, 3475, 3459, 1684, 1700, 3476, 3460, 1685, 
    1701, 3477, 3461, 1686, 1702, 3478, 3462, 1687, 1703, 3479, 3463, 1688, 
    1704, 3480, 3464, 1689, 1705, 3481, 3465, 1690, 1706, 3482, 3466, 1691, 
    1707, 3483, 3467, 1692, 1708, 3484, 3468, 1693, 1709, 3485, 3469, 1694, 
    1710, 3486, 3470, 1695, 1711, 3487, 3471, 1696, 1712, 3488, 3472, 1697, 
    1713, 3489, 3473, 1698, 1714, 3490, 3474, 1699, 1715, 3491, 3475, 1700, 
    1716, 3492, 3476, 1701, 1717, 3493, 3477, 1702, 1718, 3494, 3478, 1703, 
    1719, 3495, 3479, 1704, 1720, 3496, 3480, 1705, 1721, 3497, 3481, 1706, 
    1722, 3498, 3482, 1707, 1723, 3499, 3483, 1708, 1724, 3500, 3484, 1709, 
    1725, 3501, 3485, 1710, 1726, 3502, 3486, 1711, 1727, 3503, 3487, 1712, 
    1728, 3504, 3488, 1713, 1729, 3505, 3489, 1714, 1730, 3506, 3490, 1715, 
    1731, 3507, 3491, 1716, 1732, 3508, 3492, 1717, 1733, 3509, 3493, 1718, 
    1734, 3510, 3494, 1719, 1735, 3511, 3495, 1720, 1736, 3512, 3496, 1721, 
    1737, 3513, 3497, 1722, 1738, 3514, 3498, 1723, 1739, 3515, 3499, 1724, 
    1740, 3516, 3500, 1725, 1741, 3517, 3501, 1726, 1742, 3518, 3502, 1727, 
    1743, 3519, 3503, 1728, 1744, 3520, 3504, 1729, 1745, 3521, 3505, 1730, 
    1746, 3522, 3506, 1731, 1747, 3523, 3507, 1732, 1748, 3524, 3508, 1733, 
    1749, 3525, 3509, 1734, 1750, 3526, 3510, 1735, 1751, 3527, 3511, 1736, 
    1752, 3528, 3512, 1737, 1753, 3529, 3513, 1738, 1754, 3530, 3514, 1739, 
    1755, 3531, 3515, 1740, 1756, 3532, 3516, 1741, 1757, 3533, 3517, 1742, 
    1758, 3534, 3518, 1743, 1759, 3535, 3519, 1744, 1760, 3536, 3520, 1745, 
    1761, 3537, 3521, 1746, 1762, 3538, 3522, 1747, 1763, 3539, 3523, 1748, 
    1764, 3540, 3524, 1749, 1765, 3541, 3525, 1750, 1766, 3542, 3526, 1751, 
    1767, 3543, 3527, 1752, 1768, 3544, 3528, 1753, 1769, 3545, 3529, 1754, 
    1770, 3546, 3530, 1755, 1771, 3547, 3531, 1756, 1772, 3548, 3532, 1757, 
    1773, 3549, 3533, 1758, 1774, 3550, 3534, 1759, 1775, 3551, 3535, 1760, 
    1776, 3552, 3536, 1, 17, 18, 2, 2, 18, 19, 3, 3, 19, 20, 4, 4, 20, 21, 5, 
    5, 21, 22, 6, 6, 22, 23, 7, 7, 23, 24, 8, 8, 24, 25, 9, 9, 25, 26, 10, 
    10, 26, 27, 11, 11, 27, 28, 12, 12, 28, 29, 13, 13, 29, 30, 14, 14, 30, 
    31, 15, 15, 31, 32, 16, 17, 1793, 1794, 18, 18, 1794, 1795, 19, 19, 1795, 
    1796, 20, 20, 1796, 1797, 21, 21, 1797, 1798, 22, 22, 1798, 1799, 23, 23, 
    1799, 1800, 24, 24, 1800, 1801, 25, 25, 1801, 1802, 26, 26, 1802, 1803, 
    27, 27, 1803, 1804, 28, 28, 1804, 1805, 29, 29, 1805, 1806, 30, 30, 1806, 
    1807, 31, 31, 1807, 1808, 32, 1777, 1793, 1794, 1778, 1778, 1794, 1795, 
    1779, 1779, 1795, 1796, 1780, 1780, 1796, 1797, 1781, 1781, 1797, 1798, 
    1782, 1782, 1798, 1799, 1783, 1783, 1799, 1800, 1784, 1784, 1800, 1801, 
    1785, 1785, 1801, 1802, 1786, 1786, 1802, 1803, 1787, 1787, 1803, 1804, 
    1788, 1788, 1804, 1805, 1789, 1789, 1805, 1806, 1790, 1790, 1806, 1807, 
    1791, 1791, 1807, 1808, 1792, 1, 1777, 1778, 2, 2, 1778, 1779, 3, 3, 
    1779, 1780, 4, 4, 1780, 1781, 5, 5, 1781, 1782, 6, 6, 1782, 1783, 7, 7, 
    1783, 1784, 8, 8, 1784, 1785, 9, 9, 1785, 1786, 10, 10, 1786, 1787, 11, 
    11, 1787, 1788, 12, 12, 1788, 1789, 13, 13, 1789, 1790, 14, 14, 1790, 
    1791, 15, 15, 1791, 1792, 16, 17, 33, 34, 18, 18, 34, 35, 19, 19, 35, 36, 
    20, 20, 36, 37, 21, 21, 37, 38, 22, 22, 38, 39, 23, 23, 39, 40, 24, 24, 
    40, 41, 25, 25, 41, 42, 26, 26, 42, 43, 27, 27, 43, 44, 28, 28, 44, 45, 
    29, 29, 45, 46, 30, 30, 46, 47, 31, 31, 47, 48, 32, 33, 1809, 1810, 34, 
    34, 1810, 1811, 35, 35, 1811, 1812, 36, 36, 1812, 1813, 37, 37, 1813, 
    1814, 38, 38, 1814, 1815, 39, 39, 1815, 1816, 40, 40, 1816, 1817, 41, 41, 
    1817, 1818, 42, 42, 1818, 1819, 43, 43, 1819, 1820, 44, 44, 1820, 1821, 
    45, 45, 1821, 1822, 46, 46, 1822, 1823, 47, 47, 1823, 1824, 48, 1793, 
    1809, 1810, 1794, 1794, 1810, 1811, 1795, 1795, 1811, 1812, 1796, 1796, 
    1812, 1813, 1797, 1797, 1813, 1814, 1798, 1798, 1814, 1815, 1799, 1799, 
    1815, 1816, 1800, 1800, 1816, 1817, 1801, 1801, 1817, 1818, 1802, 1802, 
    1818, 1819, 1803, 1803, 1819, 1820, 1804, 1804, 1820, 1821, 1805, 1805, 
    1821, 1822, 1806, 1806, 1822, 1823, 1807, 1807, 1823, 1824, 1808, 33, 49, 
    50, 34, 34, 50, 51, 35, 35, 51, 52, 36, 36, 52, 53, 37, 37, 53, 54, 38, 
    38, 54, 55, 39, 39, 55, 56, 40, 40, 56, 57, 41, 41, 57, 58, 42, 42, 58, 
    59, 43, 43, 59, 60, 44, 44, 60, 61, 45, 45, 61, 62, 46, 46, 62, 63, 47, 
    47, 63, 64, 48, 49, 1825, 1826, 50, 50, 1826, 1827, 51, 51, 1827, 1828, 
    52, 52, 1828, 1829, 53, 53, 1829, 1830, 54, 54, 1830, 1831, 55, 55, 1831, 
    1832, 56, 56, 1832, 1833, 57, 57, 1833, 1834, 58, 58, 1834, 1835, 59, 59, 
    1835, 1836, 60, 60, 1836, 1837, 61, 61, 1837, 1838, 62, 62, 1838, 1839, 
    63, 63, 1839, 1840, 64, 1809, 1825, 1826, 1810, 1810, 1826, 1827, 1811, 
    1811, 1827, 1828, 1812, 1812, 1828, 1829, 1813, 1813, 1829, 1830, 1814, 
    1814, 1830, 1831, 1815, 1815, 1831, 1832, 1816, 1816, 1832, 1833, 1817, 
    1817, 1833, 1834, 1818, 1818, 1834, 1835, 1819, 1819, 1835, 1836, 1820, 
    1820, 1836, 1837, 1821, 1821, 1837, 1838, 1822, 1822, 1838, 1839, 1823, 
    1823, 1839, 1840, 1824, 49, 65, 66, 50, 50, 66, 67, 51, 51, 67, 68, 52, 
    52, 68, 69, 53, 53, 69, 70, 54, 54, 70, 71, 55, 55, 71, 72, 56, 56, 72, 
    73, 57, 57, 73, 74, 58, 58, 74, 75, 59, 59, 75, 76, 60, 60, 76, 77, 61, 
    61, 77, 78, 62, 62, 78, 79, 63, 63, 79, 80, 64, 65, 1841, 1842, 66, 66, 
    1842, 1843, 67, 67, 1843, 1844, 68, 68, 1844, 1845, 69, 69, 1845, 1846, 
    70, 70, 1846, 1847, 71, 71, 1847, 1848, 72, 72, 1848, 1849, 73, 73, 1849, 
    1850, 74, 74, 1850, 1851, 75, 75, 1851, 1852, 76, 76, 1852, 1853, 77, 77, 
    1853, 1854, 78, 78, 1854, 1855, 79, 79, 1855, 1856, 80, 1825, 1841, 1842, 
    1826, 1826, 1842, 1843, 1827, 1827, 1843, 1844, 1828, 1828, 1844, 1845, 
    1829, 1829, 1845, 1846, 1830, 1830, 1846, 1847, 1831, 1831, 1847, 1848, 
    1832, 1832, 1848, 1849, 1833, 1833, 1849, 1850, 1834, 1834, 1850, 1851, 
    1835, 1835, 1851, 1852, 1836, 1836, 1852, 1853, 1837, 1837, 1853, 1854, 
    1838, 1838, 1854, 1855, 1839, 1839, 1855, 1856, 1840, 65, 81, 82, 66, 66, 
    82, 83, 67, 67, 83, 84, 68, 68, 84, 85, 69, 69, 85, 86, 70, 70, 86, 87, 
    71, 71, 87, 88, 72, 72, 88, 89, 73, 73, 89, 90, 74, 74, 90, 91, 75, 75, 
    91, 92, 76, 76, 92, 93, 77, 77, 93, 94, 78, 78, 94, 95, 79, 79, 95, 96, 
    80, 81, 1857, 1858, 82, 82, 1858, 1859, 83, 83, 1859, 1860, 84, 84, 1860, 
    1861, 85, 85, 1861, 1862, 86, 86, 1862, 1863, 87, 87, 1863, 1864, 88, 88, 
    1864, 1865, 89, 89, 1865, 1866, 90, 90, 1866, 1867, 91, 91, 1867, 1868, 
    92, 92, 1868, 1869, 93, 93, 1869, 1870, 94, 94, 1870, 1871, 95, 95, 1871, 
    1872, 96, 1841, 1857, 1858, 1842, 1842, 1858, 1859, 1843, 1843, 1859, 
    1860, 1844, 1844, 1860, 1861, 1845, 1845, 1861, 1862, 1846, 1846, 1862, 
    1863, 1847, 1847, 1863, 1864, 1848, 1848, 1864, 1865, 1849, 1849, 1865, 
    1866, 1850, 1850, 1866, 1867, 1851, 1851, 1867, 1868, 1852, 1852, 1868, 
    1869, 1853, 1853, 1869, 1870, 1854, 1854, 1870, 1871, 1855, 1855, 1871, 
    1872, 1856, 81, 97, 98, 82, 82, 98, 99, 83, 83, 99, 100, 84, 84, 100, 
    101, 85, 85, 101, 102, 86, 86, 102, 103, 87, 87, 103, 104, 88, 88, 104, 
    105, 89, 89, 105, 106, 90, 90, 106, 107, 91, 91, 107, 108, 92, 92, 108, 
    109, 93, 93, 109, 110, 94, 94, 110, 111, 95, 95, 111, 112, 96, 97, 1873, 
    1874, 98, 98, 1874, 1875, 99, 99, 1875, 1876, 100, 100, 1876, 1877, 101, 
    101, 1877, 1878, 102, 102, 1878, 1879, 103, 103, 1879, 1880, 104, 104, 
    1880, 1881, 105, 105, 1881, 1882, 106, 106, 1882, 1883, 107, 107, 1883, 
    1884, 108, 108, 1884, 1885, 109, 109, 1885, 1886, 110, 110, 1886, 1887, 
    111, 111, 1887, 1888, 112, 1857, 1873, 1874, 1858, 1858, 1874, 1875, 
    1859, 1859, 1875, 1876, 1860, 1860, 1876, 1877, 1861, 1861, 1877, 1878, 
    1862, 1862, 1878, 1879, 1863, 1863, 1879, 1880, 1864, 1864, 1880, 1881, 
    1865, 1865, 1881, 1882, 1866, 1866, 1882, 1883, 1867, 1867, 1883, 1884, 
    1868, 1868, 1884, 1885, 1869, 1869, 1885, 1886, 1870, 1870, 1886, 1887, 
    1871, 1871, 1887, 1888, 1872, 97, 113, 114, 98, 98, 114, 115, 99, 99, 
    115, 116, 100, 100, 116, 117, 101, 101, 117, 118, 102, 102, 118, 119, 
    103, 103, 119, 120, 104, 104, 120, 121, 105, 105, 121, 122, 106, 106, 
    122, 123, 107, 107, 123, 124, 108, 108, 124, 125, 109, 109, 125, 126, 
    110, 110, 126, 127, 111, 111, 127, 128, 112, 113, 1889, 1890, 114, 114, 
    1890, 1891, 115, 115, 1891, 1892, 116, 116, 1892, 1893, 117, 117, 1893, 
    1894, 118, 118, 1894, 1895, 119, 119, 1895, 1896, 120, 120, 1896, 1897, 
    121, 121, 1897, 1898, 122, 122, 1898, 1899, 123, 123, 1899, 1900, 124, 
    124, 1900, 1901, 125, 125, 1901, 1902, 126, 126, 1902, 1903, 127, 127, 
    1903, 1904, 128, 1873, 1889, 1890, 1874, 1874, 1890, 1891, 1875, 1875, 
    1891, 1892, 1876, 1876, 1892, 1893, 1877, 1877, 1893, 1894, 1878, 1878, 
    1894, 1895, 1879, 1879, 1895, 1896, 1880, 1880, 1896, 1897, 1881, 1881, 
    1897, 1898, 1882, 1882, 1898, 1899, 1883, 1883, 1899, 1900, 1884, 1884, 
    1900, 1901, 1885, 1885, 1901, 1902, 1886, 1886, 1902, 1903, 1887, 1887, 
    1903, 1904, 1888, 113, 129, 130, 114, 114, 130, 131, 115, 115, 131, 132, 
    116, 116, 132, 133, 117, 117, 133, 134, 118, 118, 134, 135, 119, 119, 
    135, 136, 120, 120, 136, 137, 121, 121, 137, 138, 122, 122, 138, 139, 
    123, 123, 139, 140, 124, 124, 140, 141, 125, 125, 141, 142, 126, 126, 
    142, 143, 127, 127, 143, 144, 128, 129, 1905, 1906, 130, 130, 1906, 1907, 
    131, 131, 1907, 1908, 132, 132, 1908, 1909, 133, 133, 1909, 1910, 134, 
    134, 1910, 1911, 135, 135, 1911, 1912, 136, 136, 1912, 1913, 137, 137, 
    1913, 1914, 138, 138, 1914, 1915, 139, 139, 1915, 1916, 140, 140, 1916, 
    1917, 141, 141, 1917, 1918, 142, 142, 1918, 1919, 143, 143, 1919, 1920, 
    144, 1889, 1905, 1906, 1890, 1890, 1906, 1907, 1891, 1891, 1907, 1908, 
    1892, 1892, 1908, 1909, 1893, 1893, 1909, 1910, 1894, 1894, 1910, 1911, 
    1895, 1895, 1911, 1912, 1896, 1896, 1912, 1913, 1897, 1897, 1913, 1914, 
    1898, 1898, 1914, 1915, 1899, 1899, 1915, 1916, 1900, 1900, 1916, 1917, 
    1901, 1901, 1917, 1918, 1902, 1902, 1918, 1919, 1903, 1903, 1919, 1920, 
    1904, 129, 145, 146, 130, 130, 146, 147, 131, 131, 147, 148, 132, 132, 
    148, 149, 133, 133, 149, 150, 134, 134, 150, 151, 135, 135, 151, 152, 
    136, 136, 152, 153, 137, 137, 153, 154, 138, 138, 154, 155, 139, 139, 
    155, 156, 140, 140, 156, 157, 141, 141, 157, 158, 142, 142, 158, 159, 
    143, 143, 159, 160, 144, 145, 1921, 1922, 146, 146, 1922, 1923, 147, 147, 
    1923, 1924, 148, 148, 1924, 1925, 149, 149, 1925, 1926, 150, 150, 1926, 
    1927, 151, 151, 1927, 1928, 152, 152, 1928, 1929, 153, 153, 1929, 1930, 
    154, 154, 1930, 1931, 155, 155, 1931, 1932, 156, 156, 1932, 1933, 157, 
    157, 1933, 1934, 158, 158, 1934, 1935, 159, 159, 1935, 1936, 160, 1905, 
    1921, 1922, 1906, 1906, 1922, 1923, 1907, 1907, 1923, 1924, 1908, 1908, 
    1924, 1925, 1909, 1909, 1925, 1926, 1910, 1910, 1926, 1927, 1911, 1911, 
    1927, 1928, 1912, 1912, 1928, 1929, 1913, 1913, 1929, 1930, 1914, 1914, 
    1930, 1931, 1915, 1915, 1931, 1932, 1916, 1916, 1932, 1933, 1917, 1917, 
    1933, 1934, 1918, 1918, 1934, 1935, 1919, 1919, 1935, 1936, 1920, 145, 
    161, 162, 146, 146, 162, 163, 147, 147, 163, 164, 148, 148, 164, 165, 
    149, 149, 165, 166, 150, 150, 166, 167, 151, 151, 167, 168, 152, 152, 
    168, 169, 153, 153, 169, 170, 154, 154, 170, 171, 155, 155, 171, 172, 
    156, 156, 172, 173, 157, 157, 173, 174, 158, 158, 174, 175, 159, 159, 
    175, 176, 160, 161, 1937, 1938, 162, 162, 1938, 1939, 163, 163, 1939, 
    1940, 164, 164, 1940, 1941, 165, 165, 1941, 1942, 166, 166, 1942, 1943, 
    167, 167, 1943, 1944, 168, 168, 1944, 1945, 169, 169, 1945, 1946, 170, 
    170, 1946, 1947, 171, 171, 1947, 1948, 172, 172, 1948, 1949, 173, 173, 
    1949, 1950, 174, 174, 1950, 1951, 175, 175, 1951, 1952, 176, 1921, 1937, 
    1938, 1922, 1922, 1938, 1939, 1923, 1923, 1939, 1940, 1924, 1924, 1940, 
    1941, 1925, 1925, 1941, 1942, 1926, 1926, 1942, 1943, 1927, 1927, 1943, 
    1944, 1928, 1928, 1944, 1945, 1929, 1929, 1945, 1946, 1930, 1930, 1946, 
    1947, 1931, 1931, 1947, 1948, 1932, 1932, 1948, 1949, 1933, 1933, 1949, 
    1950, 1934, 1934, 1950, 1951, 1935, 1935, 1951, 1952, 1936, 161, 177, 
    178, 162, 162, 178, 179, 163, 163, 179, 180, 164, 164, 180, 181, 165, 
    165, 181, 182, 166, 166, 182, 183, 167, 167, 183, 184, 168, 168, 184, 
    185, 169, 169, 185, 186, 170, 170, 186, 187, 171, 171, 187, 188, 172, 
    172, 188, 189, 173, 173, 189, 190, 174, 174, 190, 191, 175, 175, 191, 
    192, 176, 177, 1953, 1954, 178, 178, 1954, 1955, 179, 179, 1955, 1956, 
    180, 180, 1956, 1957, 181, 181, 1957, 1958, 182, 182, 1958, 1959, 183, 
    183, 1959, 1960, 184, 184, 1960, 1961, 185, 185, 1961, 1962, 186, 186, 
    1962, 1963, 187, 187, 1963, 1964, 188, 188, 1964, 1965, 189, 189, 1965, 
    1966, 190, 190, 1966, 1967, 191, 191, 1967, 1968, 192, 1937, 1953, 1954, 
    1938, 1938, 1954, 1955, 1939, 1939, 1955, 1956, 1940, 1940, 1956, 1957, 
    1941, 1941, 1957, 1958, 1942, 1942, 1958, 1959, 1943, 1943, 1959, 1960, 
    1944, 1944, 1960, 1961, 1945, 1945, 1961, 1962, 1946, 1946, 1962, 1963, 
    1947, 1947, 1963, 1964, 1948, 1948, 1964, 1965, 1949, 1949, 1965, 1966, 
    1950, 1950, 1966, 1967, 1951, 1951, 1967, 1968, 1952, 177, 193, 194, 178, 
    178, 194, 195, 179, 179, 195, 196, 180, 180, 196, 197, 181, 181, 197, 
    198, 182, 182, 198, 199, 183, 183, 199, 200, 184, 184, 200, 201, 185, 
    185, 201, 202, 186, 186, 202, 203, 187, 187, 203, 204, 188, 188, 204, 
    205, 189, 189, 205, 206, 190, 190, 206, 207, 191, 191, 207, 208, 192, 
    193, 1969, 1970, 194, 194, 1970, 1971, 195, 195, 1971, 1972, 196, 196, 
    1972, 1973, 197, 197, 1973, 1974, 198, 198, 1974, 1975, 199, 199, 1975, 
    1976, 200, 200, 1976, 1977, 201, 201, 1977, 1978, 202, 202, 1978, 1979, 
    203, 203, 1979, 1980, 204, 204, 1980, 1981, 205, 205, 1981, 1982, 206, 
    206, 1982, 1983, 207, 207, 1983, 1984, 208, 1953, 1969, 1970, 1954, 1954, 
    1970, 1971, 1955, 1955, 1971, 1972, 1956, 1956, 1972, 1973, 1957, 1957, 
    1973, 1974, 1958, 1958, 1974, 1975, 1959, 1959, 1975, 1976, 1960, 1960, 
    1976, 1977, 1961, 1961, 1977, 1978, 1962, 1962, 1978, 1979, 1963, 1963, 
    1979, 1980, 1964, 1964, 1980, 1981, 1965, 1965, 1981, 1982, 1966, 1966, 
    1982, 1983, 1967, 1967, 1983, 1984, 1968, 193, 209, 210, 194, 194, 210, 
    211, 195, 195, 211, 212, 196, 196, 212, 213, 197, 197, 213, 214, 198, 
    198, 214, 215, 199, 199, 215, 216, 200, 200, 216, 217, 201, 201, 217, 
    218, 202, 202, 218, 219, 203, 203, 219, 220, 204, 204, 220, 221, 205, 
    205, 221, 222, 206, 206, 222, 223, 207, 207, 223, 224, 208, 209, 1985, 
    1986, 210, 210, 1986, 1987, 211, 211, 1987, 1988, 212, 212, 1988, 1989, 
    213, 213, 1989, 1990, 214, 214, 1990, 1991, 215, 215, 1991, 1992, 216, 
    216, 1992, 1993, 217, 217, 1993, 1994, 218, 218, 1994, 1995, 219, 219, 
    1995, 1996, 220, 220, 1996, 1997, 221, 221, 1997, 1998, 222, 222, 1998, 
    1999, 223, 223, 1999, 2000, 224, 1969, 1985, 1986, 1970, 1970, 1986, 
    1987, 1971, 1971, 1987, 1988, 1972, 1972, 1988, 1989, 1973, 1973, 1989, 
    1990, 1974, 1974, 1990, 1991, 1975, 1975, 1991, 1992, 1976, 1976, 1992, 
    1993, 1977, 1977, 1993, 1994, 1978, 1978, 1994, 1995, 1979, 1979, 1995, 
    1996, 1980, 1980, 1996, 1997, 1981, 1981, 1997, 1998, 1982, 1982, 1998, 
    1999, 1983, 1983, 1999, 2000, 1984, 209, 225, 226, 210, 210, 226, 227, 
    211, 211, 227, 228, 212, 212, 228, 229, 213, 213, 229, 230, 214, 214, 
    230, 231, 215, 215, 231, 232, 216, 216, 232, 233, 217, 217, 233, 234, 
    218, 218, 234, 235, 219, 219, 235, 236, 220, 220, 236, 237, 221, 221, 
    237, 238, 222, 222, 238, 239, 223, 223, 239, 240, 224, 225, 2001, 2002, 
    226, 226, 2002, 2003, 227, 227, 2003, 2004, 228, 228, 2004, 2005, 229, 
    229, 2005, 2006, 230, 230, 2006, 2007, 231, 231, 2007, 2008, 232, 232, 
    2008, 2009, 233, 233, 2009, 2010, 234, 234, 2010, 2011, 235, 235, 2011, 
    2012, 236, 236, 2012, 2013, 237, 237, 2013, 2014, 238, 238, 2014, 2015, 
    239, 239, 2015, 2016, 240, 1985, 2001, 2002, 1986, 1986, 2002, 2003, 
    1987, 1987, 2003, 2004, 1988, 1988, 2004, 2005, 1989, 1989, 2005, 2006, 
    1990, 1990, 2006, 2007, 1991, 1991, 2007, 2008, 1992, 1992, 2008, 2009, 
    1993, 1993, 2009, 2010, 1994, 1994, 2010, 2011, 1995, 1995, 2011, 2012, 
    1996, 1996, 2012, 2013, 1997, 1997, 2013, 2014, 1998, 1998, 2014, 2015, 
    1999, 1999, 2015, 2016, 2000, 225, 241, 242, 226, 226, 242, 243, 227, 
    227, 243, 244, 228, 228, 244, 245, 229, 229, 245, 246, 230, 230, 246, 
    247, 231, 231, 247, 248, 232, 232, 248, 249, 233, 233, 249, 250, 234, 
    234, 250, 251, 235, 235, 251, 252, 236, 236, 252, 253, 237, 237, 253, 
    254, 238, 238, 254, 255, 239, 239, 255, 256, 240, 241, 2017, 2018, 242, 
    242, 2018, 2019, 243, 243, 2019, 2020, 244, 244, 2020, 2021, 245, 245, 
    2021, 2022, 246, 246, 2022, 2023, 247, 247, 2023, 2024, 248, 248, 2024, 
    2025, 249, 249, 2025, 2026, 250, 250, 2026, 2027, 251, 251, 2027, 2028, 
    252, 252, 2028, 2029, 253, 253, 2029, 2030, 254, 254, 2030, 2031, 255, 
    255, 2031, 2032, 256, 2001, 2017, 2018, 2002, 2002, 2018, 2019, 2003, 
    2003, 2019, 2020, 2004, 2004, 2020, 2021, 2005, 2005, 2021, 2022, 2006, 
    2006, 2022, 2023, 2007, 2007, 2023, 2024, 2008, 2008, 2024, 2025, 2009, 
    2009, 2025, 2026, 2010, 2010, 2026, 2027, 2011, 2011, 2027, 2028, 2012, 
    2012, 2028, 2029, 2013, 2013, 2029, 2030, 2014, 2014, 2030, 2031, 2015, 
    2015, 2031, 2032, 2016, 241, 257, 258, 242, 242, 258, 259, 243, 243, 259, 
    260, 244, 244, 260, 261, 245, 245, 261, 262, 246, 246, 262, 263, 247, 
    247, 263, 264, 248, 248, 264, 265, 249, 249, 265, 266, 250, 250, 266, 
    267, 251, 251, 267, 268, 252, 252, 268, 269, 253, 253, 269, 270, 254, 
    254, 270, 271, 255, 255, 271, 272, 256, 257, 2033, 2034, 258, 258, 2034, 
    2035, 259, 259, 2035, 2036, 260, 260, 2036, 2037, 261, 261, 2037, 2038, 
    262, 262, 2038, 2039, 263, 263, 2039, 2040, 264, 264, 2040, 2041, 265, 
    265, 2041, 2042, 266, 266, 2042, 2043, 267, 267, 2043, 2044, 268, 268, 
    2044, 2045, 269, 269, 2045, 2046, 270, 270, 2046, 2047, 271, 271, 2047, 
    2048, 272, 2017, 2033, 2034, 2018, 2018, 2034, 2035, 2019, 2019, 2035, 
    2036, 2020, 2020, 2036, 2037, 2021, 2021, 2037, 2038, 2022, 2022, 2038, 
    2039, 2023, 2023, 2039, 2040, 2024, 2024, 2040, 2041, 2025, 2025, 2041, 
    2042, 2026, 2026, 2042, 2043, 2027, 2027, 2043, 2044, 2028, 2028, 2044, 
    2045, 2029, 2029, 2045, 2046, 2030, 2030, 2046, 2047, 2031, 2031, 2047, 
    2048, 2032, 257, 273, 274, 258, 258, 274, 275, 259, 259, 275, 276, 260, 
    260, 276, 277, 261, 261, 277, 278, 262, 262, 278, 279, 263, 263, 279, 
    280, 264, 264, 280, 281, 265, 265, 281, 282, 266, 266, 282, 283, 267, 
    267, 283, 284, 268, 268, 284, 285, 269, 269, 285, 286, 270, 270, 286, 
    287, 271, 271, 287, 288, 272, 273, 2049, 2050, 274, 274, 2050, 2051, 275, 
    275, 2051, 2052, 276, 276, 2052, 2053, 277, 277, 2053, 2054, 278, 278, 
    2054, 2055, 279, 279, 2055, 2056, 280, 280, 2056, 2057, 281, 281, 2057, 
    2058, 282, 282, 2058, 2059, 283, 283, 2059, 2060, 284, 284, 2060, 2061, 
    285, 285, 2061, 2062, 286, 286, 2062, 2063, 287, 287, 2063, 2064, 288, 
    2033, 2049, 2050, 2034, 2034, 2050, 2051, 2035, 2035, 2051, 2052, 2036, 
    2036, 2052, 2053, 2037, 2037, 2053, 2054, 2038, 2038, 2054, 2055, 2039, 
    2039, 2055, 2056, 2040, 2040, 2056, 2057, 2041, 2041, 2057, 2058, 2042, 
    2042, 2058, 2059, 2043, 2043, 2059, 2060, 2044, 2044, 2060, 2061, 2045, 
    2045, 2061, 2062, 2046, 2046, 2062, 2063, 2047, 2047, 2063, 2064, 2048, 
    273, 289, 290, 274, 274, 290, 291, 275, 275, 291, 292, 276, 276, 292, 
    293, 277, 277, 293, 294, 278, 278, 294, 295, 279, 279, 295, 296, 280, 
    280, 296, 297, 281, 281, 297, 298, 282, 282, 298, 299, 283, 283, 299, 
    300, 284, 284, 300, 301, 285, 285, 301, 302, 286, 286, 302, 303, 287, 
    287, 303, 304, 288, 289, 2065, 2066, 290, 290, 2066, 2067, 291, 291, 
    2067, 2068, 292, 292, 2068, 2069, 293, 293, 2069, 2070, 294, 294, 2070, 
    2071, 295, 295, 2071, 2072, 296, 296, 2072, 2073, 297, 297, 2073, 2074, 
    298, 298, 2074, 2075, 299, 299, 2075, 2076, 300, 300, 2076, 2077, 301, 
    301, 2077, 2078, 302, 302, 2078, 2079, 303, 303, 2079, 2080, 304, 2049, 
    2065, 2066, 2050, 2050, 2066, 2067, 2051, 2051, 2067, 2068, 2052, 2052, 
    2068, 2069, 2053, 2053, 2069, 2070, 2054, 2054, 2070, 2071, 2055, 2055, 
    2071, 2072, 2056, 2056, 2072, 2073, 2057, 2057, 2073, 2074, 2058, 2058, 
    2074, 2075, 2059, 2059, 2075, 2076, 2060, 2060, 2076, 2077, 2061, 2061, 
    2077, 2078, 2062, 2062, 2078, 2079, 2063, 2063, 2079, 2080, 2064, 289, 
    305, 306, 290, 290, 306, 307, 291, 291, 307, 308, 292, 292, 308, 309, 
    293, 293, 309, 310, 294, 294, 310, 311, 295, 295, 311, 312, 296, 296, 
    312, 313, 297, 297, 313, 314, 298, 298, 314, 315, 299, 299, 315, 316, 
    300, 300, 316, 317, 301, 301, 317, 318, 302, 302, 318, 319, 303, 303, 
    319, 320, 304, 305, 2081, 2082, 306, 306, 2082, 2083, 307, 307, 2083, 
    2084, 308, 308, 2084, 2085, 309, 309, 2085, 2086, 310, 310, 2086, 2087, 
    311, 311, 2087, 2088, 312, 312, 2088, 2089, 313, 313, 2089, 2090, 314, 
    314, 2090, 2091, 315, 315, 2091, 2092, 316, 316, 2092, 2093, 317, 317, 
    2093, 2094, 318, 318, 2094, 2095, 319, 319, 2095, 2096, 320, 2065, 2081, 
    2082, 2066, 2066, 2082, 2083, 2067, 2067, 2083, 2084, 2068, 2068, 2084, 
    2085, 2069, 2069, 2085, 2086, 2070, 2070, 2086, 2087, 2071, 2071, 2087, 
    2088, 2072, 2072, 2088, 2089, 2073, 2073, 2089, 2090, 2074, 2074, 2090, 
    2091, 2075, 2075, 2091, 2092, 2076, 2076, 2092, 2093, 2077, 2077, 2093, 
    2094, 2078, 2078, 2094, 2095, 2079, 2079, 2095, 2096, 2080, 305, 321, 
    322, 306, 306, 322, 323, 307, 307, 323, 324, 308, 308, 324, 325, 309, 
    309, 325, 326, 310, 310, 326, 327, 311, 311, 327, 328, 312, 312, 328, 
    329, 313, 313, 329, 330, 314, 314, 330, 331, 315, 315, 331, 332, 316, 
    316, 332, 333, 317, 317, 333, 334, 318, 318, 334, 335, 319, 319, 335, 
    336, 320, 321, 2097, 2098, 322, 322, 2098, 2099, 323, 323, 2099, 2100, 
    324, 324, 2100, 2101, 325, 325, 2101, 2102, 326, 326, 2102, 2103, 327, 
    327, 2103, 2104, 328, 328, 2104, 2105, 329, 329, 2105, 2106, 330, 330, 
    2106, 2107, 331, 331, 2107, 2108, 332, 332, 2108, 2109, 333, 333, 2109, 
    2110, 334, 334, 2110, 2111, 335, 335, 2111, 2112, 336, 2081, 2097, 2098, 
    2082, 2082, 2098, 2099, 2083, 2083, 2099, 2100, 2084, 2084, 2100, 2101, 
    2085, 2085, 2101, 2102, 2086, 2086, 2102, 2103, 2087, 2087, 2103, 2104, 
    2088, 2088, 2104, 2105, 2089, 2089, 2105, 2106, 2090, 2090, 2106, 2107, 
    2091, 2091, 2107, 2108, 2092, 2092, 2108, 2109, 2093, 2093, 2109, 2110, 
    2094, 2094, 2110, 2111, 2095, 2095, 2111, 2112, 2096, 321, 337, 338, 322, 
    322, 338, 339, 323, 323, 339, 340, 324, 324, 340, 341, 325, 325, 341, 
    342, 326, 326, 342, 343, 327, 327, 343, 344, 328, 328, 344, 345, 329, 
    329, 345, 346, 330, 330, 346, 347, 331, 331, 347, 348, 332, 332, 348, 
    349, 333, 333, 349, 350, 334, 334, 350, 351, 335, 335, 351, 352, 336, 
    337, 2113, 2114, 338, 338, 2114, 2115, 339, 339, 2115, 2116, 340, 340, 
    2116, 2117, 341, 341, 2117, 2118, 342, 342, 2118, 2119, 343, 343, 2119, 
    2120, 344, 344, 2120, 2121, 345, 345, 2121, 2122, 346, 346, 2122, 2123, 
    347, 347, 2123, 2124, 348, 348, 2124, 2125, 349, 349, 2125, 2126, 350, 
    350, 2126, 2127, 351, 351, 2127, 2128, 352, 2097, 2113, 2114, 2098, 2098, 
    2114, 2115, 2099, 2099, 2115, 2116, 2100, 2100, 2116, 2117, 2101, 2101, 
    2117, 2118, 2102, 2102, 2118, 2119, 2103, 2103, 2119, 2120, 2104, 2104, 
    2120, 2121, 2105, 2105, 2121, 2122, 2106, 2106, 2122, 2123, 2107, 2107, 
    2123, 2124, 2108, 2108, 2124, 2125, 2109, 2109, 2125, 2126, 2110, 2110, 
    2126, 2127, 2111, 2111, 2127, 2128, 2112, 337, 353, 354, 338, 338, 354, 
    355, 339, 339, 355, 356, 340, 340, 356, 357, 341, 341, 357, 358, 342, 
    342, 358, 359, 343, 343, 359, 360, 344, 344, 360, 361, 345, 345, 361, 
    362, 346, 346, 362, 363, 347, 347, 363, 364, 348, 348, 364, 365, 349, 
    349, 365, 366, 350, 350, 366, 367, 351, 351, 367, 368, 352, 353, 2129, 
    2130, 354, 354, 2130, 2131, 355, 355, 2131, 2132, 356, 356, 2132, 2133, 
    357, 357, 2133, 2134, 358, 358, 2134, 2135, 359, 359, 2135, 2136, 360, 
    360, 2136, 2137, 361, 361, 2137, 2138, 362, 362, 2138, 2139, 363, 363, 
    2139, 2140, 364, 364, 2140, 2141, 365, 365, 2141, 2142, 366, 366, 2142, 
    2143, 367, 367, 2143, 2144, 368, 2113, 2129, 2130, 2114, 2114, 2130, 
    2131, 2115, 2115, 2131, 2132, 2116, 2116, 2132, 2133, 2117, 2117, 2133, 
    2134, 2118, 2118, 2134, 2135, 2119, 2119, 2135, 2136, 2120, 2120, 2136, 
    2137, 2121, 2121, 2137, 2138, 2122, 2122, 2138, 2139, 2123, 2123, 2139, 
    2140, 2124, 2124, 2140, 2141, 2125, 2125, 2141, 2142, 2126, 2126, 2142, 
    2143, 2127, 2127, 2143, 2144, 2128, 353, 369, 370, 354, 354, 370, 371, 
    355, 355, 371, 372, 356, 356, 372, 373, 357, 357, 373, 374, 358, 358, 
    374, 375, 359, 359, 375, 376, 360, 360, 376, 377, 361, 361, 377, 378, 
    362, 362, 378, 379, 363, 363, 379, 380, 364, 364, 380, 381, 365, 365, 
    381, 382, 366, 366, 382, 383, 367, 367, 383, 384, 368, 369, 2145, 2146, 
    370, 370, 2146, 2147, 371, 371, 2147, 2148, 372, 372, 2148, 2149, 373, 
    373, 2149, 2150, 374, 374, 2150, 2151, 375, 375, 2151, 2152, 376, 376, 
    2152, 2153, 377, 377, 2153, 2154, 378, 378, 2154, 2155, 379, 379, 2155, 
    2156, 380, 380, 2156, 2157, 381, 381, 2157, 2158, 382, 382, 2158, 2159, 
    383, 383, 2159, 2160, 384, 2129, 2145, 2146, 2130, 2130, 2146, 2147, 
    2131, 2131, 2147, 2148, 2132, 2132, 2148, 2149, 2133, 2133, 2149, 2150, 
    2134, 2134, 2150, 2151, 2135, 2135, 2151, 2152, 2136, 2136, 2152, 2153, 
    2137, 2137, 2153, 2154, 2138, 2138, 2154, 2155, 2139, 2139, 2155, 2156, 
    2140, 2140, 2156, 2157, 2141, 2141, 2157, 2158, 2142, 2142, 2158, 2159, 
    2143, 2143, 2159, 2160, 2144, 369, 385, 386, 370, 370, 386, 387, 371, 
    371, 387, 388, 372, 372, 388, 389, 373, 373, 389, 390, 374, 374, 390, 
    391, 375, 375, 391, 392, 376, 376, 392, 393, 377, 377, 393, 394, 378, 
    378, 394, 395, 379, 379, 395, 396, 380, 380, 396, 397, 381, 381, 397, 
    398, 382, 382, 398, 399, 383, 383, 399, 400, 384, 385, 2161, 2162, 386, 
    386, 2162, 2163, 387, 387, 2163, 2164, 388, 388, 2164, 2165, 389, 389, 
    2165, 2166, 390, 390, 2166, 2167, 391, 391, 2167, 2168, 392, 392, 2168, 
    2169, 393, 393, 2169, 2170, 394, 394, 2170, 2171, 395, 395, 2171, 2172, 
    396, 396, 2172, 2173, 397, 397, 2173, 2174, 398, 398, 2174, 2175, 399, 
    399, 2175, 2176, 400, 2145, 2161, 2162, 2146, 2146, 2162, 2163, 2147, 
    2147, 2163, 2164, 2148, 2148, 2164, 2165, 2149, 2149, 2165, 2166, 2150, 
    2150, 2166, 2167, 2151, 2151, 2167, 2168, 2152, 2152, 2168, 2169, 2153, 
    2153, 2169, 2170, 2154, 2154, 2170, 2171, 2155, 2155, 2171, 2172, 2156, 
    2156, 2172, 2173, 2157, 2157, 2173, 2174, 2158, 2158, 2174, 2175, 2159, 
    2159, 2175, 2176, 2160, 385, 401, 402, 386, 386, 402, 403, 387, 387, 403, 
    404, 388, 388, 404, 405, 389, 389, 405, 406, 390, 390, 406, 407, 391, 
    391, 407, 408, 392, 392, 408, 409, 393, 393, 409, 410, 394, 394, 410, 
    411, 395, 395, 411, 412, 396, 396, 412, 413, 397, 397, 413, 414, 398, 
    398, 414, 415, 399, 399, 415, 416, 400, 401, 2177, 2178, 402, 402, 2178, 
    2179, 403, 403, 2179, 2180, 404, 404, 2180, 2181, 405, 405, 2181, 2182, 
    406, 406, 2182, 2183, 407, 407, 2183, 2184, 408, 408, 2184, 2185, 409, 
    409, 2185, 2186, 410, 410, 2186, 2187, 411, 411, 2187, 2188, 412, 412, 
    2188, 2189, 413, 413, 2189, 2190, 414, 414, 2190, 2191, 415, 415, 2191, 
    2192, 416, 2161, 2177, 2178, 2162, 2162, 2178, 2179, 2163, 2163, 2179, 
    2180, 2164, 2164, 2180, 2181, 2165, 2165, 2181, 2182, 2166, 2166, 2182, 
    2183, 2167, 2167, 2183, 2184, 2168, 2168, 2184, 2185, 2169, 2169, 2185, 
    2186, 2170, 2170, 2186, 2187, 2171, 2171, 2187, 2188, 2172, 2172, 2188, 
    2189, 2173, 2173, 2189, 2190, 2174, 2174, 2190, 2191, 2175, 2175, 2191, 
    2192, 2176, 401, 417, 418, 402, 402, 418, 419, 403, 403, 419, 420, 404, 
    404, 420, 421, 405, 405, 421, 422, 406, 406, 422, 423, 407, 407, 423, 
    424, 408, 408, 424, 425, 409, 409, 425, 426, 410, 410, 426, 427, 411, 
    411, 427, 428, 412, 412, 428, 429, 413, 413, 429, 430, 414, 414, 430, 
    431, 415, 415, 431, 432, 416, 417, 2193, 2194, 418, 418, 2194, 2195, 419, 
    419, 2195, 2196, 420, 420, 2196, 2197, 421, 421, 2197, 2198, 422, 422, 
    2198, 2199, 423, 423, 2199, 2200, 424, 424, 2200, 2201, 425, 425, 2201, 
    2202, 426, 426, 2202, 2203, 427, 427, 2203, 2204, 428, 428, 2204, 2205, 
    429, 429, 2205, 2206, 430, 430, 2206, 2207, 431, 431, 2207, 2208, 432, 
    2177, 2193, 2194, 2178, 2178, 2194, 2195, 2179, 2179, 2195, 2196, 2180, 
    2180, 2196, 2197, 2181, 2181, 2197, 2198, 2182, 2182, 2198, 2199, 2183, 
    2183, 2199, 2200, 2184, 2184, 2200, 2201, 2185, 2185, 2201, 2202, 2186, 
    2186, 2202, 2203, 2187, 2187, 2203, 2204, 2188, 2188, 2204, 2205, 2189, 
    2189, 2205, 2206, 2190, 2190, 2206, 2207, 2191, 2191, 2207, 2208, 2192, 
    417, 433, 434, 418, 418, 434, 435, 419, 419, 435, 436, 420, 420, 436, 
    437, 421, 421, 437, 438, 422, 422, 438, 439, 423, 423, 439, 440, 424, 
    424, 440, 441, 425, 425, 441, 442, 426, 426, 442, 443, 427, 427, 443, 
    444, 428, 428, 444, 445, 429, 429, 445, 446, 430, 430, 446, 447, 431, 
    431, 447, 448, 432, 433, 2209, 2210, 434, 434, 2210, 2211, 435, 435, 
    2211, 2212, 436, 436, 2212, 2213, 437, 437, 2213, 2214, 438, 438, 2214, 
    2215, 439, 439, 2215, 2216, 440, 440, 2216, 2217, 441, 441, 2217, 2218, 
    442, 442, 2218, 2219, 443, 443, 2219, 2220, 444, 444, 2220, 2221, 445, 
    445, 2221, 2222, 446, 446, 2222, 2223, 447, 447, 2223, 2224, 448, 2193, 
    2209, 2210, 2194, 2194, 2210, 2211, 2195, 2195, 2211, 2212, 2196, 2196, 
    2212, 2213, 2197, 2197, 2213, 2214, 2198, 2198, 2214, 2215, 2199, 2199, 
    2215, 2216, 2200, 2200, 2216, 2217, 2201, 2201, 2217, 2218, 2202, 2202, 
    2218, 2219, 2203, 2203, 2219, 2220, 2204, 2204, 2220, 2221, 2205, 2205, 
    2221, 2222, 2206, 2206, 2222, 2223, 2207, 2207, 2223, 2224, 2208, 433, 
    449, 450, 434, 434, 450, 451, 435, 435, 451, 452, 436, 436, 452, 453, 
    437, 437, 453, 454, 438, 438, 454, 455, 439, 439, 455, 456, 440, 440, 
    456, 457, 441, 441, 457, 458, 442, 442, 458, 459, 443, 443, 459, 460, 
    444, 444, 460, 461, 445, 445, 461, 462, 446, 446, 462, 463, 447, 447, 
    463, 464, 448, 449, 2225, 2226, 450, 450, 2226, 2227, 451, 451, 2227, 
    2228, 452, 452, 2228, 2229, 453, 453, 2229, 2230, 454, 454, 2230, 2231, 
    455, 455, 2231, 2232, 456, 456, 2232, 2233, 457, 457, 2233, 2234, 458, 
    458, 2234, 2235, 459, 459, 2235, 2236, 460, 460, 2236, 2237, 461, 461, 
    2237, 2238, 462, 462, 2238, 2239, 463, 463, 2239, 2240, 464, 2209, 2225, 
    2226, 2210, 2210, 2226, 2227, 2211, 2211, 2227, 2228, 2212, 2212, 2228, 
    2229, 2213, 2213, 2229, 2230, 2214, 2214, 2230, 2231, 2215, 2215, 2231, 
    2232, 2216, 2216, 2232, 2233, 2217, 2217, 2233, 2234, 2218, 2218, 2234, 
    2235, 2219, 2219, 2235, 2236, 2220, 2220, 2236, 2237, 2221, 2221, 2237, 
    2238, 2222, 2222, 2238, 2239, 2223, 2223, 2239, 2240, 2224, 449, 465, 
    466, 450, 450, 466, 467, 451, 451, 467, 468, 452, 452, 468, 469, 453, 
    453, 469, 470, 454, 454, 470, 471, 455, 455, 471, 472, 456, 456, 472, 
    473, 457, 457, 473, 474, 458, 458, 474, 475, 459, 459, 475, 476, 460, 
    460, 476, 477, 461, 461, 477, 478, 462, 462, 478, 479, 463, 463, 479, 
    480, 464, 465, 2241, 2242, 466, 466, 2242, 2243, 467, 467, 2243, 2244, 
    468, 468, 2244, 2245, 469, 469, 2245, 2246, 470, 470, 2246, 2247, 471, 
    471, 2247, 2248, 472, 472, 2248, 2249, 473, 473, 2249, 2250, 474, 474, 
    2250, 2251, 475, 475, 2251, 2252, 476, 476, 2252, 2253, 477, 477, 2253, 
    2254, 478, 478, 2254, 2255, 479, 479, 2255, 2256, 480, 2225, 2241, 2242, 
    2226, 2226, 2242, 2243, 2227, 2227, 2243, 2244, 2228, 2228, 2244, 2245, 
    2229, 2229, 2245, 2246, 2230, 2230, 2246, 2247, 2231, 2231, 2247, 2248, 
    2232, 2232, 2248, 2249, 2233, 2233, 2249, 2250, 2234, 2234, 2250, 2251, 
    2235, 2235, 2251, 2252, 2236, 2236, 2252, 2253, 2237, 2237, 2253, 2254, 
    2238, 2238, 2254, 2255, 2239, 2239, 2255, 2256, 2240, 465, 481, 482, 466, 
    466, 482, 483, 467, 467, 483, 484, 468, 468, 484, 485, 469, 469, 485, 
    486, 470, 470, 486, 487, 471, 471, 487, 488, 472, 472, 488, 489, 473, 
    473, 489, 490, 474, 474, 490, 491, 475, 475, 491, 492, 476, 476, 492, 
    493, 477, 477, 493, 494, 478, 478, 494, 495, 479, 479, 495, 496, 480, 
    481, 2257, 2258, 482, 482, 2258, 2259, 483, 483, 2259, 2260, 484, 484, 
    2260, 2261, 485, 485, 2261, 2262, 486, 486, 2262, 2263, 487, 487, 2263, 
    2264, 488, 488, 2264, 2265, 489, 489, 2265, 2266, 490, 490, 2266, 2267, 
    491, 491, 2267, 2268, 492, 492, 2268, 2269, 493, 493, 2269, 2270, 494, 
    494, 2270, 2271, 495, 495, 2271, 2272, 496, 2241, 2257, 2258, 2242, 2242, 
    2258, 2259, 2243, 2243, 2259, 2260, 2244, 2244, 2260, 2261, 2245, 2245, 
    2261, 2262, 2246, 2246, 2262, 2263, 2247, 2247, 2263, 2264, 2248, 2248, 
    2264, 2265, 2249, 2249, 2265, 2266, 2250, 2250, 2266, 2267, 2251, 2251, 
    2267, 2268, 2252, 2252, 2268, 2269, 2253, 2253, 2269, 2270, 2254, 2254, 
    2270, 2271, 2255, 2255, 2271, 2272, 2256, 481, 497, 498, 482, 482, 498, 
    499, 483, 483, 499, 500, 484, 484, 500, 501, 485, 485, 501, 502, 486, 
    486, 502, 503, 487, 487, 503, 504, 488, 488, 504, 505, 489, 489, 505, 
    506, 490, 490, 506, 507, 491, 491, 507, 508, 492, 492, 508, 509, 493, 
    493, 509, 510, 494, 494, 510, 511, 495, 495, 511, 512, 496, 497, 2273, 
    2274, 498, 498, 2274, 2275, 499, 499, 2275, 2276, 500, 500, 2276, 2277, 
    501, 501, 2277, 2278, 502, 502, 2278, 2279, 503, 503, 2279, 2280, 504, 
    504, 2280, 2281, 505, 505, 2281, 2282, 506, 506, 2282, 2283, 507, 507, 
    2283, 2284, 508, 508, 2284, 2285, 509, 509, 2285, 2286, 510, 510, 2286, 
    2287, 511, 511, 2287, 2288, 512, 2257, 2273, 2274, 2258, 2258, 2274, 
    2275, 2259, 2259, 2275, 2276, 2260, 2260, 2276, 2277, 2261, 2261, 2277, 
    2278, 2262, 2262, 2278, 2279, 2263, 2263, 2279, 2280, 2264, 2264, 2280, 
    2281, 2265, 2265, 2281, 2282, 2266, 2266, 2282, 2283, 2267, 2267, 2283, 
    2284, 2268, 2268, 2284, 2285, 2269, 2269, 2285, 2286, 2270, 2270, 2286, 
    2287, 2271, 2271, 2287, 2288, 2272, 497, 513, 514, 498, 498, 514, 515, 
    499, 499, 515, 516, 500, 500, 516, 517, 501, 501, 517, 518, 502, 502, 
    518, 519, 503, 503, 519, 520, 504, 504, 520, 521, 505, 505, 521, 522, 
    506, 506, 522, 523, 507, 507, 523, 524, 508, 508, 524, 525, 509, 509, 
    525, 526, 510, 510, 526, 527, 511, 511, 527, 528, 512, 513, 2289, 2290, 
    514, 514, 2290, 2291, 515, 515, 2291, 2292, 516, 516, 2292, 2293, 517, 
    517, 2293, 2294, 518, 518, 2294, 2295, 519, 519, 2295, 2296, 520, 520, 
    2296, 2297, 521, 521, 2297, 2298, 522, 522, 2298, 2299, 523, 523, 2299, 
    2300, 524, 524, 2300, 2301, 525, 525, 2301, 2302, 526, 526, 2302, 2303, 
    527, 527, 2303, 2304, 528, 2273, 2289, 2290, 2274, 2274, 2290, 2291, 
    2275, 2275, 2291, 2292, 2276, 2276, 2292, 2293, 2277, 2277, 2293, 2294, 
    2278, 2278, 2294, 2295, 2279, 2279, 2295, 2296, 2280, 2280, 2296, 2297, 
    2281, 2281, 2297, 2298, 2282, 2282, 2298, 2299, 2283, 2283, 2299, 2300, 
    2284, 2284, 2300, 2301, 2285, 2285, 2301, 2302, 2286, 2286, 2302, 2303, 
    2287, 2287, 2303, 2304, 2288, 513, 529, 530, 514, 514, 530, 531, 515, 
    515, 531, 532, 516, 516, 532, 533, 517, 517, 533, 534, 518, 518, 534, 
    535, 519, 519, 535, 536, 520, 520, 536, 537, 521, 521, 537, 538, 522, 
    522, 538, 539, 523, 523, 539, 540, 524, 524, 540, 541, 525, 525, 541, 
    542, 526, 526, 542, 543, 527, 527, 543, 544, 528, 529, 2305, 2306, 530, 
    530, 2306, 2307, 531, 531, 2307, 2308, 532, 532, 2308, 2309, 533, 533, 
    2309, 2310, 534, 534, 2310, 2311, 535, 535, 2311, 2312, 536, 536, 2312, 
    2313, 537, 537, 2313, 2314, 538, 538, 2314, 2315, 539, 539, 2315, 2316, 
    540, 540, 2316, 2317, 541, 541, 2317, 2318, 542, 542, 2318, 2319, 543, 
    543, 2319, 2320, 544, 2289, 2305, 2306, 2290, 2290, 2306, 2307, 2291, 
    2291, 2307, 2308, 2292, 2292, 2308, 2309, 2293, 2293, 2309, 2310, 2294, 
    2294, 2310, 2311, 2295, 2295, 2311, 2312, 2296, 2296, 2312, 2313, 2297, 
    2297, 2313, 2314, 2298, 2298, 2314, 2315, 2299, 2299, 2315, 2316, 2300, 
    2300, 2316, 2317, 2301, 2301, 2317, 2318, 2302, 2302, 2318, 2319, 2303, 
    2303, 2319, 2320, 2304, 529, 545, 546, 530, 530, 546, 547, 531, 531, 547, 
    548, 532, 532, 548, 549, 533, 533, 549, 550, 534, 534, 550, 551, 535, 
    535, 551, 552, 536, 536, 552, 553, 537, 537, 553, 554, 538, 538, 554, 
    555, 539, 539, 555, 556, 540, 540, 556, 557, 541, 541, 557, 558, 542, 
    542, 558, 559, 543, 543, 559, 560, 544, 545, 2321, 2322, 546, 546, 2322, 
    2323, 547, 547, 2323, 2324, 548, 548, 2324, 2325, 549, 549, 2325, 2326, 
    550, 550, 2326, 2327, 551, 551, 2327, 2328, 552, 552, 2328, 2329, 553, 
    553, 2329, 2330, 554, 554, 2330, 2331, 555, 555, 2331, 2332, 556, 556, 
    2332, 2333, 557, 557, 2333, 2334, 558, 558, 2334, 2335, 559, 559, 2335, 
    2336, 560, 2305, 2321, 2322, 2306, 2306, 2322, 2323, 2307, 2307, 2323, 
    2324, 2308, 2308, 2324, 2325, 2309, 2309, 2325, 2326, 2310, 2310, 2326, 
    2327, 2311, 2311, 2327, 2328, 2312, 2312, 2328, 2329, 2313, 2313, 2329, 
    2330, 2314, 2314, 2330, 2331, 2315, 2315, 2331, 2332, 2316, 2316, 2332, 
    2333, 2317, 2317, 2333, 2334, 2318, 2318, 2334, 2335, 2319, 2319, 2335, 
    2336, 2320, 545, 561, 562, 546, 546, 562, 563, 547, 547, 563, 564, 548, 
    548, 564, 565, 549, 549, 565, 566, 550, 550, 566, 567, 551, 551, 567, 
    568, 552, 552, 568, 569, 553, 553, 569, 570, 554, 554, 570, 571, 555, 
    555, 571, 572, 556, 556, 572, 573, 557, 557, 573, 574, 558, 558, 574, 
    575, 559, 559, 575, 576, 560, 561, 2337, 2338, 562, 562, 2338, 2339, 563, 
    563, 2339, 2340, 564, 564, 2340, 2341, 565, 565, 2341, 2342, 566, 566, 
    2342, 2343, 567, 567, 2343, 2344, 568, 568, 2344, 2345, 569, 569, 2345, 
    2346, 570, 570, 2346, 2347, 571, 571, 2347, 2348, 572, 572, 2348, 2349, 
    573, 573, 2349, 2350, 574, 574, 2350, 2351, 575, 575, 2351, 2352, 576, 
    2321, 2337, 2338, 2322, 2322, 2338, 2339, 2323, 2323, 2339, 2340, 2324, 
    2324, 2340, 2341, 2325, 2325, 2341, 2342, 2326, 2326, 2342, 2343, 2327, 
    2327, 2343, 2344, 2328, 2328, 2344, 2345, 2329, 2329, 2345, 2346, 2330, 
    2330, 2346, 2347, 2331, 2331, 2347, 2348, 2332, 2332, 2348, 2349, 2333, 
    2333, 2349, 2350, 2334, 2334, 2350, 2351, 2335, 2335, 2351, 2352, 2336, 
    561, 577, 578, 562, 562, 578, 579, 563, 563, 579, 580, 564, 564, 580, 
    581, 565, 565, 581, 582, 566, 566, 582, 583, 567, 567, 583, 584, 568, 
    568, 584, 585, 569, 569, 585, 586, 570, 570, 586, 587, 571, 571, 587, 
    588, 572, 572, 588, 589, 573, 573, 589, 590, 574, 574, 590, 591, 575, 
    575, 591, 592, 576, 577, 2353, 2354, 578, 578, 2354, 2355, 579, 579, 
    2355, 2356, 580, 580, 2356, 2357, 581, 581, 2357, 2358, 582, 582, 2358, 
    2359, 583, 583, 2359, 2360, 584, 584, 2360, 2361, 585, 585, 2361, 2362, 
    586, 586, 2362, 2363, 587, 587, 2363, 2364, 588, 588, 2364, 2365, 589, 
    589, 2365, 2366, 590, 590, 2366, 2367, 591, 591, 2367, 2368, 592, 2337, 
    2353, 2354, 2338, 2338, 2354, 2355, 2339, 2339, 2355, 2356, 2340, 2340, 
    2356, 2357, 2341, 2341, 2357, 2358, 2342, 2342, 2358, 2359, 2343, 2343, 
    2359, 2360, 2344, 2344, 2360, 2361, 2345, 2345, 2361, 2362, 2346, 2346, 
    2362, 2363, 2347, 2347, 2363, 2364, 2348, 2348, 2364, 2365, 2349, 2349, 
    2365, 2366, 2350, 2350, 2366, 2367, 2351, 2351, 2367, 2368, 2352, 577, 
    593, 594, 578, 578, 594, 595, 579, 579, 595, 596, 580, 580, 596, 597, 
    581, 581, 597, 598, 582, 582, 598, 599, 583, 583, 599, 600, 584, 584, 
    600, 601, 585, 585, 601, 602, 586, 586, 602, 603, 587, 587, 603, 604, 
    588, 588, 604, 605, 589, 589, 605, 606, 590, 590, 606, 607, 591, 591, 
    607, 608, 592, 593, 2369, 2370, 594, 594, 2370, 2371, 595, 595, 2371, 
    2372, 596, 596, 2372, 2373, 597, 597, 2373, 2374, 598, 598, 2374, 2375, 
    599, 599, 2375, 2376, 600, 600, 2376, 2377, 601, 601, 2377, 2378, 602, 
    602, 2378, 2379, 603, 603, 2379, 2380, 604, 604, 2380, 2381, 605, 605, 
    2381, 2382, 606, 606, 2382, 2383, 607, 607, 2383, 2384, 608, 2353, 2369, 
    2370, 2354, 2354, 2370, 2371, 2355, 2355, 2371, 2372, 2356, 2356, 2372, 
    2373, 2357, 2357, 2373, 2374, 2358, 2358, 2374, 2375, 2359, 2359, 2375, 
    2376, 2360, 2360, 2376, 2377, 2361, 2361, 2377, 2378, 2362, 2362, 2378, 
    2379, 2363, 2363, 2379, 2380, 2364, 2364, 2380, 2381, 2365, 2365, 2381, 
    2382, 2366, 2366, 2382, 2383, 2367, 2367, 2383, 2384, 2368, 593, 609, 
    610, 594, 594, 610, 611, 595, 595, 611, 612, 596, 596, 612, 613, 597, 
    597, 613, 614, 598, 598, 614, 615, 599, 599, 615, 616, 600, 600, 616, 
    617, 601, 601, 617, 618, 602, 602, 618, 619, 603, 603, 619, 620, 604, 
    604, 620, 621, 605, 605, 621, 622, 606, 606, 622, 623, 607, 607, 623, 
    624, 608, 609, 2385, 2386, 610, 610, 2386, 2387, 611, 611, 2387, 2388, 
    612, 612, 2388, 2389, 613, 613, 2389, 2390, 614, 614, 2390, 2391, 615, 
    615, 2391, 2392, 616, 616, 2392, 2393, 617, 617, 2393, 2394, 618, 618, 
    2394, 2395, 619, 619, 2395, 2396, 620, 620, 2396, 2397, 621, 621, 2397, 
    2398, 622, 622, 2398, 2399, 623, 623, 2399, 2400, 624, 2369, 2385, 2386, 
    2370, 2370, 2386, 2387, 2371, 2371, 2387, 2388, 2372, 2372, 2388, 2389, 
    2373, 2373, 2389, 2390, 2374, 2374, 2390, 2391, 2375, 2375, 2391, 2392, 
    2376, 2376, 2392, 2393, 2377, 2377, 2393, 2394, 2378, 2378, 2394, 2395, 
    2379, 2379, 2395, 2396, 2380, 2380, 2396, 2397, 2381, 2381, 2397, 2398, 
    2382, 2382, 2398, 2399, 2383, 2383, 2399, 2400, 2384, 609, 625, 626, 610, 
    610, 626, 627, 611, 611, 627, 628, 612, 612, 628, 629, 613, 613, 629, 
    630, 614, 614, 630, 631, 615, 615, 631, 632, 616, 616, 632, 633, 617, 
    617, 633, 634, 618, 618, 634, 635, 619, 619, 635, 636, 620, 620, 636, 
    637, 621, 621, 637, 638, 622, 622, 638, 639, 623, 623, 639, 640, 624, 
    625, 2401, 2402, 626, 626, 2402, 2403, 627, 627, 2403, 2404, 628, 628, 
    2404, 2405, 629, 629, 2405, 2406, 630, 630, 2406, 2407, 631, 631, 2407, 
    2408, 632, 632, 2408, 2409, 633, 633, 2409, 2410, 634, 634, 2410, 2411, 
    635, 635, 2411, 2412, 636, 636, 2412, 2413, 637, 637, 2413, 2414, 638, 
    638, 2414, 2415, 639, 639, 2415, 2416, 640, 2385, 2401, 2402, 2386, 2386, 
    2402, 2403, 2387, 2387, 2403, 2404, 2388, 2388, 2404, 2405, 2389, 2389, 
    2405, 2406, 2390, 2390, 2406, 2407, 2391, 2391, 2407, 2408, 2392, 2392, 
    2408, 2409, 2393, 2393, 2409, 2410, 2394, 2394, 2410, 2411, 2395, 2395, 
    2411, 2412, 2396, 2396, 2412, 2413, 2397, 2397, 2413, 2414, 2398, 2398, 
    2414, 2415, 2399, 2399, 2415, 2416, 2400, 625, 641, 642, 626, 626, 642, 
    643, 627, 627, 643, 644, 628, 628, 644, 645, 629, 629, 645, 646, 630, 
    630, 646, 647, 631, 631, 647, 648, 632, 632, 648, 649, 633, 633, 649, 
    650, 634, 634, 650, 651, 635, 635, 651, 652, 636, 636, 652, 653, 637, 
    637, 653, 654, 638, 638, 654, 655, 639, 639, 655, 656, 640, 641, 2417, 
    2418, 642, 642, 2418, 2419, 643, 643, 2419, 2420, 644, 644, 2420, 2421, 
    645, 645, 2421, 2422, 646, 646, 2422, 2423, 647, 647, 2423, 2424, 648, 
    648, 2424, 2425, 649, 649, 2425, 2426, 650, 650, 2426, 2427, 651, 651, 
    2427, 2428, 652, 652, 2428, 2429, 653, 653, 2429, 2430, 654, 654, 2430, 
    2431, 655, 655, 2431, 2432, 656, 2401, 2417, 2418, 2402, 2402, 2418, 
    2419, 2403, 2403, 2419, 2420, 2404, 2404, 2420, 2421, 2405, 2405, 2421, 
    2422, 2406, 2406, 2422, 2423, 2407, 2407, 2423, 2424, 2408, 2408, 2424, 
    2425, 2409, 2409, 2425, 2426, 2410, 2410, 2426, 2427, 2411, 2411, 2427, 
    2428, 2412, 2412, 2428, 2429, 2413, 2413, 2429, 2430, 2414, 2414, 2430, 
    2431, 2415, 2415, 2431, 2432, 2416, 641, 657, 658, 642, 642, 658, 659, 
    643, 643, 659, 660, 644, 644, 660, 661, 645, 645, 661, 662, 646, 646, 
    662, 663, 647, 647, 663, 664, 648, 648, 664, 665, 649, 649, 665, 666, 
    650, 650, 666, 667, 651, 651, 667, 668, 652, 652, 668, 669, 653, 653, 
    669, 670, 654, 654, 670, 671, 655, 655, 671, 672, 656, 657, 2433, 2434, 
    658, 658, 2434, 2435, 659, 659, 2435, 2436, 660, 660, 2436, 2437, 661, 
    661, 2437, 2438, 662, 662, 2438, 2439, 663, 663, 2439, 2440, 664, 664, 
    2440, 2441, 665, 665, 2441, 2442, 666, 666, 2442, 2443, 667, 667, 2443, 
    2444, 668, 668, 2444, 2445, 669, 669, 2445, 2446, 670, 670, 2446, 2447, 
    671, 671, 2447, 2448, 672, 2417, 2433, 2434, 2418, 2418, 2434, 2435, 
    2419, 2419, 2435, 2436, 2420, 2420, 2436, 2437, 2421, 2421, 2437, 2438, 
    2422, 2422, 2438, 2439, 2423, 2423, 2439, 2440, 2424, 2424, 2440, 2441, 
    2425, 2425, 2441, 2442, 2426, 2426, 2442, 2443, 2427, 2427, 2443, 2444, 
    2428, 2428, 2444, 2445, 2429, 2429, 2445, 2446, 2430, 2430, 2446, 2447, 
    2431, 2431, 2447, 2448, 2432, 657, 673, 674, 658, 658, 674, 675, 659, 
    659, 675, 676, 660, 660, 676, 677, 661, 661, 677, 678, 662, 662, 678, 
    679, 663, 663, 679, 680, 664, 664, 680, 681, 665, 665, 681, 682, 666, 
    666, 682, 683, 667, 667, 683, 684, 668, 668, 684, 685, 669, 669, 685, 
    686, 670, 670, 686, 687, 671, 671, 687, 688, 672, 673, 2449, 2450, 674, 
    674, 2450, 2451, 675, 675, 2451, 2452, 676, 676, 2452, 2453, 677, 677, 
    2453, 2454, 678, 678, 2454, 2455, 679, 679, 2455, 2456, 680, 680, 2456, 
    2457, 681, 681, 2457, 2458, 682, 682, 2458, 2459, 683, 683, 2459, 2460, 
    684, 684, 2460, 2461, 685, 685, 2461, 2462, 686, 686, 2462, 2463, 687, 
    687, 2463, 2464, 688, 2433, 2449, 2450, 2434, 2434, 2450, 2451, 2435, 
    2435, 2451, 2452, 2436, 2436, 2452, 2453, 2437, 2437, 2453, 2454, 2438, 
    2438, 2454, 2455, 2439, 2439, 2455, 2456, 2440, 2440, 2456, 2457, 2441, 
    2441, 2457, 2458, 2442, 2442, 2458, 2459, 2443, 2443, 2459, 2460, 2444, 
    2444, 2460, 2461, 2445, 2445, 2461, 2462, 2446, 2446, 2462, 2463, 2447, 
    2447, 2463, 2464, 2448, 673, 689, 690, 674, 674, 690, 691, 675, 675, 691, 
    692, 676, 676, 692, 693, 677, 677, 693, 694, 678, 678, 694, 695, 679, 
    679, 695, 696, 680, 680, 696, 697, 681, 681, 697, 698, 682, 682, 698, 
    699, 683, 683, 699, 700, 684, 684, 700, 701, 685, 685, 701, 702, 686, 
    686, 702, 703, 687, 687, 703, 704, 688, 689, 2465, 2466, 690, 690, 2466, 
    2467, 691, 691, 2467, 2468, 692, 692, 2468, 2469, 693, 693, 2469, 2470, 
    694, 694, 2470, 2471, 695, 695, 2471, 2472, 696, 696, 2472, 2473, 697, 
    697, 2473, 2474, 698, 698, 2474, 2475, 699, 699, 2475, 2476, 700, 700, 
    2476, 2477, 701, 701, 2477, 2478, 702, 702, 2478, 2479, 703, 703, 2479, 
    2480, 704, 2449, 2465, 2466, 2450, 2450, 2466, 2467, 2451, 2451, 2467, 
    2468, 2452, 2452, 2468, 2469, 2453, 2453, 2469, 2470, 2454, 2454, 2470, 
    2471, 2455, 2455, 2471, 2472, 2456, 2456, 2472, 2473, 2457, 2457, 2473, 
    2474, 2458, 2458, 2474, 2475, 2459, 2459, 2475, 2476, 2460, 2460, 2476, 
    2477, 2461, 2461, 2477, 2478, 2462, 2462, 2478, 2479, 2463, 2463, 2479, 
    2480, 2464, 689, 705, 706, 690, 690, 706, 707, 691, 691, 707, 708, 692, 
    692, 708, 709, 693, 693, 709, 710, 694, 694, 710, 711, 695, 695, 711, 
    712, 696, 696, 712, 713, 697, 697, 713, 714, 698, 698, 714, 715, 699, 
    699, 715, 716, 700, 700, 716, 717, 701, 701, 717, 718, 702, 702, 718, 
    719, 703, 703, 719, 720, 704, 705, 2481, 2482, 706, 706, 2482, 2483, 707, 
    707, 2483, 2484, 708, 708, 2484, 2485, 709, 709, 2485, 2486, 710, 710, 
    2486, 2487, 711, 711, 2487, 2488, 712, 712, 2488, 2489, 713, 713, 2489, 
    2490, 714, 714, 2490, 2491, 715, 715, 2491, 2492, 716, 716, 2492, 2493, 
    717, 717, 2493, 2494, 718, 718, 2494, 2495, 719, 719, 2495, 2496, 720, 
    2465, 2481, 2482, 2466, 2466, 2482, 2483, 2467, 2467, 2483, 2484, 2468, 
    2468, 2484, 2485, 2469, 2469, 2485, 2486, 2470, 2470, 2486, 2487, 2471, 
    2471, 2487, 2488, 2472, 2472, 2488, 2489, 2473, 2473, 2489, 2490, 2474, 
    2474, 2490, 2491, 2475, 2475, 2491, 2492, 2476, 2476, 2492, 2493, 2477, 
    2477, 2493, 2494, 2478, 2478, 2494, 2495, 2479, 2479, 2495, 2496, 2480, 
    705, 721, 722, 706, 706, 722, 723, 707, 707, 723, 724, 708, 708, 724, 
    725, 709, 709, 725, 726, 710, 710, 726, 727, 711, 711, 727, 728, 712, 
    712, 728, 729, 713, 713, 729, 730, 714, 714, 730, 731, 715, 715, 731, 
    732, 716, 716, 732, 733, 717, 717, 733, 734, 718, 718, 734, 735, 719, 
    719, 735, 736, 720, 721, 2497, 2498, 722, 722, 2498, 2499, 723, 723, 
    2499, 2500, 724, 724, 2500, 2501, 725, 725, 2501, 2502, 726, 726, 2502, 
    2503, 727, 727, 2503, 2504, 728, 728, 2504, 2505, 729, 729, 2505, 2506, 
    730, 730, 2506, 2507, 731, 731, 2507, 2508, 732, 732, 2508, 2509, 733, 
    733, 2509, 2510, 734, 734, 2510, 2511, 735, 735, 2511, 2512, 736, 2481, 
    2497, 2498, 2482, 2482, 2498, 2499, 2483, 2483, 2499, 2500, 2484, 2484, 
    2500, 2501, 2485, 2485, 2501, 2502, 2486, 2486, 2502, 2503, 2487, 2487, 
    2503, 2504, 2488, 2488, 2504, 2505, 2489, 2489, 2505, 2506, 2490, 2490, 
    2506, 2507, 2491, 2491, 2507, 2508, 2492, 2492, 2508, 2509, 2493, 2493, 
    2509, 2510, 2494, 2494, 2510, 2511, 2495, 2495, 2511, 2512, 2496, 721, 
    737, 738, 722, 722, 738, 739, 723, 723, 739, 740, 724, 724, 740, 741, 
    725, 725, 741, 742, 726, 726, 742, 743, 727, 727, 743, 744, 728, 728, 
    744, 745, 729, 729, 745, 746, 730, 730, 746, 747, 731, 731, 747, 748, 
    732, 732, 748, 749, 733, 733, 749, 750, 734, 734, 750, 751, 735, 735, 
    751, 752, 736, 737, 2513, 2514, 738, 738, 2514, 2515, 739, 739, 2515, 
    2516, 740, 740, 2516, 2517, 741, 741, 2517, 2518, 742, 742, 2518, 2519, 
    743, 743, 2519, 2520, 744, 744, 2520, 2521, 745, 745, 2521, 2522, 746, 
    746, 2522, 2523, 747, 747, 2523, 2524, 748, 748, 2524, 2525, 749, 749, 
    2525, 2526, 750, 750, 2526, 2527, 751, 751, 2527, 2528, 752, 2497, 2513, 
    2514, 2498, 2498, 2514, 2515, 2499, 2499, 2515, 2516, 2500, 2500, 2516, 
    2517, 2501, 2501, 2517, 2518, 2502, 2502, 2518, 2519, 2503, 2503, 2519, 
    2520, 2504, 2504, 2520, 2521, 2505, 2505, 2521, 2522, 2506, 2506, 2522, 
    2523, 2507, 2507, 2523, 2524, 2508, 2508, 2524, 2525, 2509, 2509, 2525, 
    2526, 2510, 2510, 2526, 2527, 2511, 2511, 2527, 2528, 2512, 737, 753, 
    754, 738, 738, 754, 755, 739, 739, 755, 756, 740, 740, 756, 757, 741, 
    741, 757, 758, 742, 742, 758, 759, 743, 743, 759, 760, 744, 744, 760, 
    761, 745, 745, 761, 762, 746, 746, 762, 763, 747, 747, 763, 764, 748, 
    748, 764, 765, 749, 749, 765, 766, 750, 750, 766, 767, 751, 751, 767, 
    768, 752, 753, 2529, 2530, 754, 754, 2530, 2531, 755, 755, 2531, 2532, 
    756, 756, 2532, 2533, 757, 757, 2533, 2534, 758, 758, 2534, 2535, 759, 
    759, 2535, 2536, 760, 760, 2536, 2537, 761, 761, 2537, 2538, 762, 762, 
    2538, 2539, 763, 763, 2539, 2540, 764, 764, 2540, 2541, 765, 765, 2541, 
    2542, 766, 766, 2542, 2543, 767, 767, 2543, 2544, 768, 2513, 2529, 2530, 
    2514, 2514, 2530, 2531, 2515, 2515, 2531, 2532, 2516, 2516, 2532, 2533, 
    2517, 2517, 2533, 2534, 2518, 2518, 2534, 2535, 2519, 2519, 2535, 2536, 
    2520, 2520, 2536, 2537, 2521, 2521, 2537, 2538, 2522, 2522, 2538, 2539, 
    2523, 2523, 2539, 2540, 2524, 2524, 2540, 2541, 2525, 2525, 2541, 2542, 
    2526, 2526, 2542, 2543, 2527, 2527, 2543, 2544, 2528, 753, 769, 770, 754, 
    754, 770, 771, 755, 755, 771, 772, 756, 756, 772, 773, 757, 757, 773, 
    774, 758, 758, 774, 775, 759, 759, 775, 776, 760, 760, 776, 777, 761, 
    761, 777, 778, 762, 762, 778, 779, 763, 763, 779, 780, 764, 764, 780, 
    781, 765, 765, 781, 782, 766, 766, 782, 783, 767, 767, 783, 784, 768, 
    769, 2545, 2546, 770, 770, 2546, 2547, 771, 771, 2547, 2548, 772, 772, 
    2548, 2549, 773, 773, 2549, 2550, 774, 774, 2550, 2551, 775, 775, 2551, 
    2552, 776, 776, 2552, 2553, 777, 777, 2553, 2554, 778, 778, 2554, 2555, 
    779, 779, 2555, 2556, 780, 780, 2556, 2557, 781, 781, 2557, 2558, 782, 
    782, 2558, 2559, 783, 783, 2559, 2560, 784, 2529, 2545, 2546, 2530, 2530, 
    2546, 2547, 2531, 2531, 2547, 2548, 2532, 2532, 2548, 2549, 2533, 2533, 
    2549, 2550, 2534, 2534, 2550, 2551, 2535, 2535, 2551, 2552, 2536, 2536, 
    2552, 2553, 2537, 2537, 2553, 2554, 2538, 2538, 2554, 2555, 2539, 2539, 
    2555, 2556, 2540, 2540, 2556, 2557, 2541, 2541, 2557, 2558, 2542, 2542, 
    2558, 2559, 2543, 2543, 2559, 2560, 2544, 769, 785, 786, 770, 770, 786, 
    787, 771, 771, 787, 788, 772, 772, 788, 789, 773, 773, 789, 790, 774, 
    774, 790, 791, 775, 775, 791, 792, 776, 776, 792, 793, 777, 777, 793, 
    794, 778, 778, 794, 795, 779, 779, 795, 796, 780, 780, 796, 797, 781, 
    781, 797, 798, 782, 782, 798, 799, 783, 783, 799, 800, 784, 785, 2561, 
    2562, 786, 786, 2562, 2563, 787, 787, 2563, 2564, 788, 788, 2564, 2565, 
    789, 789, 2565, 2566, 790, 790, 2566, 2567, 791, 791, 2567, 2568, 792, 
    792, 2568, 2569, 793, 793, 2569, 2570, 794, 794, 2570, 2571, 795, 795, 
    2571, 2572, 796, 796, 2572, 2573, 797, 797, 2573, 2574, 798, 798, 2574, 
    2575, 799, 799, 2575, 2576, 800, 2545, 2561, 2562, 2546, 2546, 2562, 
    2563, 2547, 2547, 2563, 2564, 2548, 2548, 2564, 2565, 2549, 2549, 2565, 
    2566, 2550, 2550, 2566, 2567, 2551, 2551, 2567, 2568, 2552, 2552, 2568, 
    2569, 2553, 2553, 2569, 2570, 2554, 2554, 2570, 2571, 2555, 2555, 2571, 
    2572, 2556, 2556, 2572, 2573, 2557, 2557, 2573, 2574, 2558, 2558, 2574, 
    2575, 2559, 2559, 2575, 2576, 2560, 785, 801, 802, 786, 786, 802, 803, 
    787, 787, 803, 804, 788, 788, 804, 805, 789, 789, 805, 806, 790, 790, 
    806, 807, 791, 791, 807, 808, 792, 792, 808, 809, 793, 793, 809, 810, 
    794, 794, 810, 811, 795, 795, 811, 812, 796, 796, 812, 813, 797, 797, 
    813, 814, 798, 798, 814, 815, 799, 799, 815, 816, 800, 801, 2577, 2578, 
    802, 802, 2578, 2579, 803, 803, 2579, 2580, 804, 804, 2580, 2581, 805, 
    805, 2581, 2582, 806, 806, 2582, 2583, 807, 807, 2583, 2584, 808, 808, 
    2584, 2585, 809, 809, 2585, 2586, 810, 810, 2586, 2587, 811, 811, 2587, 
    2588, 812, 812, 2588, 2589, 813, 813, 2589, 2590, 814, 814, 2590, 2591, 
    815, 815, 2591, 2592, 816, 2561, 2577, 2578, 2562, 2562, 2578, 2579, 
    2563, 2563, 2579, 2580, 2564, 2564, 2580, 2581, 2565, 2565, 2581, 2582, 
    2566, 2566, 2582, 2583, 2567, 2567, 2583, 2584, 2568, 2568, 2584, 2585, 
    2569, 2569, 2585, 2586, 2570, 2570, 2586, 2587, 2571, 2571, 2587, 2588, 
    2572, 2572, 2588, 2589, 2573, 2573, 2589, 2590, 2574, 2574, 2590, 2591, 
    2575, 2575, 2591, 2592, 2576, 801, 817, 818, 802, 802, 818, 819, 803, 
    803, 819, 820, 804, 804, 820, 821, 805, 805, 821, 822, 806, 806, 822, 
    823, 807, 807, 823, 824, 808, 808, 824, 825, 809, 809, 825, 826, 810, 
    810, 826, 827, 811, 811, 827, 828, 812, 812, 828, 829, 813, 813, 829, 
    830, 814, 814, 830, 831, 815, 815, 831, 832, 816, 817, 2593, 2594, 818, 
    818, 2594, 2595, 819, 819, 2595, 2596, 820, 820, 2596, 2597, 821, 821, 
    2597, 2598, 822, 822, 2598, 2599, 823, 823, 2599, 2600, 824, 824, 2600, 
    2601, 825, 825, 2601, 2602, 826, 826, 2602, 2603, 827, 827, 2603, 2604, 
    828, 828, 2604, 2605, 829, 829, 2605, 2606, 830, 830, 2606, 2607, 831, 
    831, 2607, 2608, 832, 2577, 2593, 2594, 2578, 2578, 2594, 2595, 2579, 
    2579, 2595, 2596, 2580, 2580, 2596, 2597, 2581, 2581, 2597, 2598, 2582, 
    2582, 2598, 2599, 2583, 2583, 2599, 2600, 2584, 2584, 2600, 2601, 2585, 
    2585, 2601, 2602, 2586, 2586, 2602, 2603, 2587, 2587, 2603, 2604, 2588, 
    2588, 2604, 2605, 2589, 2589, 2605, 2606, 2590, 2590, 2606, 2607, 2591, 
    2591, 2607, 2608, 2592, 817, 833, 834, 818, 818, 834, 835, 819, 819, 835, 
    836, 820, 820, 836, 837, 821, 821, 837, 838, 822, 822, 838, 839, 823, 
    823, 839, 840, 824, 824, 840, 841, 825, 825, 841, 842, 826, 826, 842, 
    843, 827, 827, 843, 844, 828, 828, 844, 845, 829, 829, 845, 846, 830, 
    830, 846, 847, 831, 831, 847, 848, 832, 833, 2609, 2610, 834, 834, 2610, 
    2611, 835, 835, 2611, 2612, 836, 836, 2612, 2613, 837, 837, 2613, 2614, 
    838, 838, 2614, 2615, 839, 839, 2615, 2616, 840, 840, 2616, 2617, 841, 
    841, 2617, 2618, 842, 842, 2618, 2619, 843, 843, 2619, 2620, 844, 844, 
    2620, 2621, 845, 845, 2621, 2622, 846, 846, 2622, 2623, 847, 847, 2623, 
    2624, 848, 2593, 2609, 2610, 2594, 2594, 2610, 2611, 2595, 2595, 2611, 
    2612, 2596, 2596, 2612, 2613, 2597, 2597, 2613, 2614, 2598, 2598, 2614, 
    2615, 2599, 2599, 2615, 2616, 2600, 2600, 2616, 2617, 2601, 2601, 2617, 
    2618, 2602, 2602, 2618, 2619, 2603, 2603, 2619, 2620, 2604, 2604, 2620, 
    2621, 2605, 2605, 2621, 2622, 2606, 2606, 2622, 2623, 2607, 2607, 2623, 
    2624, 2608, 833, 849, 850, 834, 834, 850, 851, 835, 835, 851, 852, 836, 
    836, 852, 853, 837, 837, 853, 854, 838, 838, 854, 855, 839, 839, 855, 
    856, 840, 840, 856, 857, 841, 841, 857, 858, 842, 842, 858, 859, 843, 
    843, 859, 860, 844, 844, 860, 861, 845, 845, 861, 862, 846, 846, 862, 
    863, 847, 847, 863, 864, 848, 849, 2625, 2626, 850, 850, 2626, 2627, 851, 
    851, 2627, 2628, 852, 852, 2628, 2629, 853, 853, 2629, 2630, 854, 854, 
    2630, 2631, 855, 855, 2631, 2632, 856, 856, 2632, 2633, 857, 857, 2633, 
    2634, 858, 858, 2634, 2635, 859, 859, 2635, 2636, 860, 860, 2636, 2637, 
    861, 861, 2637, 2638, 862, 862, 2638, 2639, 863, 863, 2639, 2640, 864, 
    2609, 2625, 2626, 2610, 2610, 2626, 2627, 2611, 2611, 2627, 2628, 2612, 
    2612, 2628, 2629, 2613, 2613, 2629, 2630, 2614, 2614, 2630, 2631, 2615, 
    2615, 2631, 2632, 2616, 2616, 2632, 2633, 2617, 2617, 2633, 2634, 2618, 
    2618, 2634, 2635, 2619, 2619, 2635, 2636, 2620, 2620, 2636, 2637, 2621, 
    2621, 2637, 2638, 2622, 2622, 2638, 2639, 2623, 2623, 2639, 2640, 2624, 
    849, 865, 866, 850, 850, 866, 867, 851, 851, 867, 868, 852, 852, 868, 
    869, 853, 853, 869, 870, 854, 854, 870, 871, 855, 855, 871, 872, 856, 
    856, 872, 873, 857, 857, 873, 874, 858, 858, 874, 875, 859, 859, 875, 
    876, 860, 860, 876, 877, 861, 861, 877, 878, 862, 862, 878, 879, 863, 
    863, 879, 880, 864, 865, 2641, 2642, 866, 866, 2642, 2643, 867, 867, 
    2643, 2644, 868, 868, 2644, 2645, 869, 869, 2645, 2646, 870, 870, 2646, 
    2647, 871, 871, 2647, 2648, 872, 872, 2648, 2649, 873, 873, 2649, 2650, 
    874, 874, 2650, 2651, 875, 875, 2651, 2652, 876, 876, 2652, 2653, 877, 
    877, 2653, 2654, 878, 878, 2654, 2655, 879, 879, 2655, 2656, 880, 2625, 
    2641, 2642, 2626, 2626, 2642, 2643, 2627, 2627, 2643, 2644, 2628, 2628, 
    2644, 2645, 2629, 2629, 2645, 2646, 2630, 2630, 2646, 2647, 2631, 2631, 
    2647, 2648, 2632, 2632, 2648, 2649, 2633, 2633, 2649, 2650, 2634, 2634, 
    2650, 2651, 2635, 2635, 2651, 2652, 2636, 2636, 2652, 2653, 2637, 2637, 
    2653, 2654, 2638, 2638, 2654, 2655, 2639, 2639, 2655, 2656, 2640, 865, 
    881, 882, 866, 866, 882, 883, 867, 867, 883, 884, 868, 868, 884, 885, 
    869, 869, 885, 886, 870, 870, 886, 887, 871, 871, 887, 888, 872, 872, 
    888, 889, 873, 873, 889, 890, 874, 874, 890, 891, 875, 875, 891, 892, 
    876, 876, 892, 893, 877, 877, 893, 894, 878, 878, 894, 895, 879, 879, 
    895, 896, 880, 881, 2657, 2658, 882, 882, 2658, 2659, 883, 883, 2659, 
    2660, 884, 884, 2660, 2661, 885, 885, 2661, 2662, 886, 886, 2662, 2663, 
    887, 887, 2663, 2664, 888, 888, 2664, 2665, 889, 889, 2665, 2666, 890, 
    890, 2666, 2667, 891, 891, 2667, 2668, 892, 892, 2668, 2669, 893, 893, 
    2669, 2670, 894, 894, 2670, 2671, 895, 895, 2671, 2672, 896, 2641, 2657, 
    2658, 2642, 2642, 2658, 2659, 2643, 2643, 2659, 2660, 2644, 2644, 2660, 
    2661, 2645, 2645, 2661, 2662, 2646, 2646, 2662, 2663, 2647, 2647, 2663, 
    2664, 2648, 2648, 2664, 2665, 2649, 2649, 2665, 2666, 2650, 2650, 2666, 
    2667, 2651, 2651, 2667, 2668, 2652, 2652, 2668, 2669, 2653, 2653, 2669, 
    2670, 2654, 2654, 2670, 2671, 2655, 2655, 2671, 2672, 2656, 881, 897, 
    898, 882, 882, 898, 899, 883, 883, 899, 900, 884, 884, 900, 901, 885, 
    885, 901, 902, 886, 886, 902, 903, 887, 887, 903, 904, 888, 888, 904, 
    905, 889, 889, 905, 906, 890, 890, 906, 907, 891, 891, 907, 908, 892, 
    892, 908, 909, 893, 893, 909, 910, 894, 894, 910, 911, 895, 895, 911, 
    912, 896, 897, 2673, 2674, 898, 898, 2674, 2675, 899, 899, 2675, 2676, 
    900, 900, 2676, 2677, 901, 901, 2677, 2678, 902, 902, 2678, 2679, 903, 
    903, 2679, 2680, 904, 904, 2680, 2681, 905, 905, 2681, 2682, 906, 906, 
    2682, 2683, 907, 907, 2683, 2684, 908, 908, 2684, 2685, 909, 909, 2685, 
    2686, 910, 910, 2686, 2687, 911, 911, 2687, 2688, 912, 2657, 2673, 2674, 
    2658, 2658, 2674, 2675, 2659, 2659, 2675, 2676, 2660, 2660, 2676, 2677, 
    2661, 2661, 2677, 2678, 2662, 2662, 2678, 2679, 2663, 2663, 2679, 2680, 
    2664, 2664, 2680, 2681, 2665, 2665, 2681, 2682, 2666, 2666, 2682, 2683, 
    2667, 2667, 2683, 2684, 2668, 2668, 2684, 2685, 2669, 2669, 2685, 2686, 
    2670, 2670, 2686, 2687, 2671, 2671, 2687, 2688, 2672, 897, 913, 914, 898, 
    898, 914, 915, 899, 899, 915, 916, 900, 900, 916, 917, 901, 901, 917, 
    918, 902, 902, 918, 919, 903, 903, 919, 920, 904, 904, 920, 921, 905, 
    905, 921, 922, 906, 906, 922, 923, 907, 907, 923, 924, 908, 908, 924, 
    925, 909, 909, 925, 926, 910, 910, 926, 927, 911, 911, 927, 928, 912, 
    913, 2689, 2690, 914, 914, 2690, 2691, 915, 915, 2691, 2692, 916, 916, 
    2692, 2693, 917, 917, 2693, 2694, 918, 918, 2694, 2695, 919, 919, 2695, 
    2696, 920, 920, 2696, 2697, 921, 921, 2697, 2698, 922, 922, 2698, 2699, 
    923, 923, 2699, 2700, 924, 924, 2700, 2701, 925, 925, 2701, 2702, 926, 
    926, 2702, 2703, 927, 927, 2703, 2704, 928, 2673, 2689, 2690, 2674, 2674, 
    2690, 2691, 2675, 2675, 2691, 2692, 2676, 2676, 2692, 2693, 2677, 2677, 
    2693, 2694, 2678, 2678, 2694, 2695, 2679, 2679, 2695, 2696, 2680, 2680, 
    2696, 2697, 2681, 2681, 2697, 2698, 2682, 2682, 2698, 2699, 2683, 2683, 
    2699, 2700, 2684, 2684, 2700, 2701, 2685, 2685, 2701, 2702, 2686, 2686, 
    2702, 2703, 2687, 2687, 2703, 2704, 2688, 913, 929, 930, 914, 914, 930, 
    931, 915, 915, 931, 932, 916, 916, 932, 933, 917, 917, 933, 934, 918, 
    918, 934, 935, 919, 919, 935, 936, 920, 920, 936, 937, 921, 921, 937, 
    938, 922, 922, 938, 939, 923, 923, 939, 940, 924, 924, 940, 941, 925, 
    925, 941, 942, 926, 926, 942, 943, 927, 927, 943, 944, 928, 929, 2705, 
    2706, 930, 930, 2706, 2707, 931, 931, 2707, 2708, 932, 932, 2708, 2709, 
    933, 933, 2709, 2710, 934, 934, 2710, 2711, 935, 935, 2711, 2712, 936, 
    936, 2712, 2713, 937, 937, 2713, 2714, 938, 938, 2714, 2715, 939, 939, 
    2715, 2716, 940, 940, 2716, 2717, 941, 941, 2717, 2718, 942, 942, 2718, 
    2719, 943, 943, 2719, 2720, 944, 2689, 2705, 2706, 2690, 2690, 2706, 
    2707, 2691, 2691, 2707, 2708, 2692, 2692, 2708, 2709, 2693, 2693, 2709, 
    2710, 2694, 2694, 2710, 2711, 2695, 2695, 2711, 2712, 2696, 2696, 2712, 
    2713, 2697, 2697, 2713, 2714, 2698, 2698, 2714, 2715, 2699, 2699, 2715, 
    2716, 2700, 2700, 2716, 2717, 2701, 2701, 2717, 2718, 2702, 2702, 2718, 
    2719, 2703, 2703, 2719, 2720, 2704, 929, 945, 946, 930, 930, 946, 947, 
    931, 931, 947, 948, 932, 932, 948, 949, 933, 933, 949, 950, 934, 934, 
    950, 951, 935, 935, 951, 952, 936, 936, 952, 953, 937, 937, 953, 954, 
    938, 938, 954, 955, 939, 939, 955, 956, 940, 940, 956, 957, 941, 941, 
    957, 958, 942, 942, 958, 959, 943, 943, 959, 960, 944, 945, 2721, 2722, 
    946, 946, 2722, 2723, 947, 947, 2723, 2724, 948, 948, 2724, 2725, 949, 
    949, 2725, 2726, 950, 950, 2726, 2727, 951, 951, 2727, 2728, 952, 952, 
    2728, 2729, 953, 953, 2729, 2730, 954, 954, 2730, 2731, 955, 955, 2731, 
    2732, 956, 956, 2732, 2733, 957, 957, 2733, 2734, 958, 958, 2734, 2735, 
    959, 959, 2735, 2736, 960, 2705, 2721, 2722, 2706, 2706, 2722, 2723, 
    2707, 2707, 2723, 2724, 2708, 2708, 2724, 2725, 2709, 2709, 2725, 2726, 
    2710, 2710, 2726, 2727, 2711, 2711, 2727, 2728, 2712, 2712, 2728, 2729, 
    2713, 2713, 2729, 2730, 2714, 2714, 2730, 2731, 2715, 2715, 2731, 2732, 
    2716, 2716, 2732, 2733, 2717, 2717, 2733, 2734, 2718, 2718, 2734, 2735, 
    2719, 2719, 2735, 2736, 2720, 945, 961, 962, 946, 946, 962, 963, 947, 
    947, 963, 964, 948, 948, 964, 965, 949, 949, 965, 966, 950, 950, 966, 
    967, 951, 951, 967, 968, 952, 952, 968, 969, 953, 953, 969, 970, 954, 
    954, 970, 971, 955, 955, 971, 972, 956, 956, 972, 973, 957, 957, 973, 
    974, 958, 958, 974, 975, 959, 959, 975, 976, 960, 961, 2737, 2738, 962, 
    962, 2738, 2739, 963, 963, 2739, 2740, 964, 964, 2740, 2741, 965, 965, 
    2741, 2742, 966, 966, 2742, 2743, 967, 967, 2743, 2744, 968, 968, 2744, 
    2745, 969, 969, 2745, 2746, 970, 970, 2746, 2747, 971, 971, 2747, 2748, 
    972, 972, 2748, 2749, 973, 973, 2749, 2750, 974, 974, 2750, 2751, 975, 
    975, 2751, 2752, 976, 2721, 2737, 2738, 2722, 2722, 2738, 2739, 2723, 
    2723, 2739, 2740, 2724, 2724, 2740, 2741, 2725, 2725, 2741, 2742, 2726, 
    2726, 2742, 2743, 2727, 2727, 2743, 2744, 2728, 2728, 2744, 2745, 2729, 
    2729, 2745, 2746, 2730, 2730, 2746, 2747, 2731, 2731, 2747, 2748, 2732, 
    2732, 2748, 2749, 2733, 2733, 2749, 2750, 2734, 2734, 2750, 2751, 2735, 
    2735, 2751, 2752, 2736, 961, 977, 978, 962, 962, 978, 979, 963, 963, 979, 
    980, 964, 964, 980, 981, 965, 965, 981, 982, 966, 966, 982, 983, 967, 
    967, 983, 984, 968, 968, 984, 985, 969, 969, 985, 986, 970, 970, 986, 
    987, 971, 971, 987, 988, 972, 972, 988, 989, 973, 973, 989, 990, 974, 
    974, 990, 991, 975, 975, 991, 992, 976, 977, 2753, 2754, 978, 978, 2754, 
    2755, 979, 979, 2755, 2756, 980, 980, 2756, 2757, 981, 981, 2757, 2758, 
    982, 982, 2758, 2759, 983, 983, 2759, 2760, 984, 984, 2760, 2761, 985, 
    985, 2761, 2762, 986, 986, 2762, 2763, 987, 987, 2763, 2764, 988, 988, 
    2764, 2765, 989, 989, 2765, 2766, 990, 990, 2766, 2767, 991, 991, 2767, 
    2768, 992, 2737, 2753, 2754, 2738, 2738, 2754, 2755, 2739, 2739, 2755, 
    2756, 2740, 2740, 2756, 2757, 2741, 2741, 2757, 2758, 2742, 2742, 2758, 
    2759, 2743, 2743, 2759, 2760, 2744, 2744, 2760, 2761, 2745, 2745, 2761, 
    2762, 2746, 2746, 2762, 2763, 2747, 2747, 2763, 2764, 2748, 2748, 2764, 
    2765, 2749, 2749, 2765, 2766, 2750, 2750, 2766, 2767, 2751, 2751, 2767, 
    2768, 2752, 977, 993, 994, 978, 978, 994, 995, 979, 979, 995, 996, 980, 
    980, 996, 997, 981, 981, 997, 998, 982, 982, 998, 999, 983, 983, 999, 
    1000, 984, 984, 1000, 1001, 985, 985, 1001, 1002, 986, 986, 1002, 1003, 
    987, 987, 1003, 1004, 988, 988, 1004, 1005, 989, 989, 1005, 1006, 990, 
    990, 1006, 1007, 991, 991, 1007, 1008, 992, 993, 2769, 2770, 994, 994, 
    2770, 2771, 995, 995, 2771, 2772, 996, 996, 2772, 2773, 997, 997, 2773, 
    2774, 998, 998, 2774, 2775, 999, 999, 2775, 2776, 1000, 1000, 2776, 2777, 
    1001, 1001, 2777, 2778, 1002, 1002, 2778, 2779, 1003, 1003, 2779, 2780, 
    1004, 1004, 2780, 2781, 1005, 1005, 2781, 2782, 1006, 1006, 2782, 2783, 
    1007, 1007, 2783, 2784, 1008, 2753, 2769, 2770, 2754, 2754, 2770, 2771, 
    2755, 2755, 2771, 2772, 2756, 2756, 2772, 2773, 2757, 2757, 2773, 2774, 
    2758, 2758, 2774, 2775, 2759, 2759, 2775, 2776, 2760, 2760, 2776, 2777, 
    2761, 2761, 2777, 2778, 2762, 2762, 2778, 2779, 2763, 2763, 2779, 2780, 
    2764, 2764, 2780, 2781, 2765, 2765, 2781, 2782, 2766, 2766, 2782, 2783, 
    2767, 2767, 2783, 2784, 2768, 993, 1009, 1010, 994, 994, 1010, 1011, 995, 
    995, 1011, 1012, 996, 996, 1012, 1013, 997, 997, 1013, 1014, 998, 998, 
    1014, 1015, 999, 999, 1015, 1016, 1000, 1000, 1016, 1017, 1001, 1001, 
    1017, 1018, 1002, 1002, 1018, 1019, 1003, 1003, 1019, 1020, 1004, 1004, 
    1020, 1021, 1005, 1005, 1021, 1022, 1006, 1006, 1022, 1023, 1007, 1007, 
    1023, 1024, 1008, 1009, 2785, 2786, 1010, 1010, 2786, 2787, 1011, 1011, 
    2787, 2788, 1012, 1012, 2788, 2789, 1013, 1013, 2789, 2790, 1014, 1014, 
    2790, 2791, 1015, 1015, 2791, 2792, 1016, 1016, 2792, 2793, 1017, 1017, 
    2793, 2794, 1018, 1018, 2794, 2795, 1019, 1019, 2795, 2796, 1020, 1020, 
    2796, 2797, 1021, 1021, 2797, 2798, 1022, 1022, 2798, 2799, 1023, 1023, 
    2799, 2800, 1024, 2769, 2785, 2786, 2770, 2770, 2786, 2787, 2771, 2771, 
    2787, 2788, 2772, 2772, 2788, 2789, 2773, 2773, 2789, 2790, 2774, 2774, 
    2790, 2791, 2775, 2775, 2791, 2792, 2776, 2776, 2792, 2793, 2777, 2777, 
    2793, 2794, 2778, 2778, 2794, 2795, 2779, 2779, 2795, 2796, 2780, 2780, 
    2796, 2797, 2781, 2781, 2797, 2798, 2782, 2782, 2798, 2799, 2783, 2783, 
    2799, 2800, 2784, 1009, 1025, 1026, 1010, 1010, 1026, 1027, 1011, 1011, 
    1027, 1028, 1012, 1012, 1028, 1029, 1013, 1013, 1029, 1030, 1014, 1014, 
    1030, 1031, 1015, 1015, 1031, 1032, 1016, 1016, 1032, 1033, 1017, 1017, 
    1033, 1034, 1018, 1018, 1034, 1035, 1019, 1019, 1035, 1036, 1020, 1020, 
    1036, 1037, 1021, 1021, 1037, 1038, 1022, 1022, 1038, 1039, 1023, 1023, 
    1039, 1040, 1024, 1025, 2801, 2802, 1026, 1026, 2802, 2803, 1027, 1027, 
    2803, 2804, 1028, 1028, 2804, 2805, 1029, 1029, 2805, 2806, 1030, 1030, 
    2806, 2807, 1031, 1031, 2807, 2808, 1032, 1032, 2808, 2809, 1033, 1033, 
    2809, 2810, 1034, 1034, 2810, 2811, 1035, 1035, 2811, 2812, 1036, 1036, 
    2812, 2813, 1037, 1037, 2813, 2814, 1038, 1038, 2814, 2815, 1039, 1039, 
    2815, 2816, 1040, 2785, 2801, 2802, 2786, 2786, 2802, 2803, 2787, 2787, 
    2803, 2804, 2788, 2788, 2804, 2805, 2789, 2789, 2805, 2806, 2790, 2790, 
    2806, 2807, 2791, 2791, 2807, 2808, 2792, 2792, 2808, 2809, 2793, 2793, 
    2809, 2810, 2794, 2794, 2810, 2811, 2795, 2795, 2811, 2812, 2796, 2796, 
    2812, 2813, 2797, 2797, 2813, 2814, 2798, 2798, 2814, 2815, 2799, 2799, 
    2815, 2816, 2800, 1025, 1041, 1042, 1026, 1026, 1042, 1043, 1027, 1027, 
    1043, 1044, 1028, 1028, 1044, 1045, 1029, 1029, 1045, 1046, 1030, 1030, 
    1046, 1047, 1031, 1031, 1047, 1048, 1032, 1032, 1048, 1049, 1033, 1033, 
    1049, 1050, 1034, 1034, 1050, 1051, 1035, 1035, 1051, 1052, 1036, 1036, 
    1052, 1053, 1037, 1037, 1053, 1054, 1038, 1038, 1054, 1055, 1039, 1039, 
    1055, 1056, 1040, 1041, 2817, 2818, 1042, 1042, 2818, 2819, 1043, 1043, 
    2819, 2820, 1044, 1044, 2820, 2821, 1045, 1045, 2821, 2822, 1046, 1046, 
    2822, 2823, 1047, 1047, 2823, 2824, 1048, 1048, 2824, 2825, 1049, 1049, 
    2825, 2826, 1050, 1050, 2826, 2827, 1051, 1051, 2827, 2828, 1052, 1052, 
    2828, 2829, 1053, 1053, 2829, 2830, 1054, 1054, 2830, 2831, 1055, 1055, 
    2831, 2832, 1056, 2801, 2817, 2818, 2802, 2802, 2818, 2819, 2803, 2803, 
    2819, 2820, 2804, 2804, 2820, 2821, 2805, 2805, 2821, 2822, 2806, 2806, 
    2822, 2823, 2807, 2807, 2823, 2824, 2808, 2808, 2824, 2825, 2809, 2809, 
    2825, 2826, 2810, 2810, 2826, 2827, 2811, 2811, 2827, 2828, 2812, 2812, 
    2828, 2829, 2813, 2813, 2829, 2830, 2814, 2814, 2830, 2831, 2815, 2815, 
    2831, 2832, 2816, 1041, 1057, 1058, 1042, 1042, 1058, 1059, 1043, 1043, 
    1059, 1060, 1044, 1044, 1060, 1061, 1045, 1045, 1061, 1062, 1046, 1046, 
    1062, 1063, 1047, 1047, 1063, 1064, 1048, 1048, 1064, 1065, 1049, 1049, 
    1065, 1066, 1050, 1050, 1066, 1067, 1051, 1051, 1067, 1068, 1052, 1052, 
    1068, 1069, 1053, 1053, 1069, 1070, 1054, 1054, 1070, 1071, 1055, 1055, 
    1071, 1072, 1056, 1057, 2833, 2834, 1058, 1058, 2834, 2835, 1059, 1059, 
    2835, 2836, 1060, 1060, 2836, 2837, 1061, 1061, 2837, 2838, 1062, 1062, 
    2838, 2839, 1063, 1063, 2839, 2840, 1064, 1064, 2840, 2841, 1065, 1065, 
    2841, 2842, 1066, 1066, 2842, 2843, 1067, 1067, 2843, 2844, 1068, 1068, 
    2844, 2845, 1069, 1069, 2845, 2846, 1070, 1070, 2846, 2847, 1071, 1071, 
    2847, 2848, 1072, 2817, 2833, 2834, 2818, 2818, 2834, 2835, 2819, 2819, 
    2835, 2836, 2820, 2820, 2836, 2837, 2821, 2821, 2837, 2838, 2822, 2822, 
    2838, 2839, 2823, 2823, 2839, 2840, 2824, 2824, 2840, 2841, 2825, 2825, 
    2841, 2842, 2826, 2826, 2842, 2843, 2827, 2827, 2843, 2844, 2828, 2828, 
    2844, 2845, 2829, 2829, 2845, 2846, 2830, 2830, 2846, 2847, 2831, 2831, 
    2847, 2848, 2832, 1057, 1073, 1074, 1058, 1058, 1074, 1075, 1059, 1059, 
    1075, 1076, 1060, 1060, 1076, 1077, 1061, 1061, 1077, 1078, 1062, 1062, 
    1078, 1079, 1063, 1063, 1079, 1080, 1064, 1064, 1080, 1081, 1065, 1065, 
    1081, 1082, 1066, 1066, 1082, 1083, 1067, 1067, 1083, 1084, 1068, 1068, 
    1084, 1085, 1069, 1069, 1085, 1086, 1070, 1070, 1086, 1087, 1071, 1071, 
    1087, 1088, 1072, 1073, 2849, 2850, 1074, 1074, 2850, 2851, 1075, 1075, 
    2851, 2852, 1076, 1076, 2852, 2853, 1077, 1077, 2853, 2854, 1078, 1078, 
    2854, 2855, 1079, 1079, 2855, 2856, 1080, 1080, 2856, 2857, 1081, 1081, 
    2857, 2858, 1082, 1082, 2858, 2859, 1083, 1083, 2859, 2860, 1084, 1084, 
    2860, 2861, 1085, 1085, 2861, 2862, 1086, 1086, 2862, 2863, 1087, 1087, 
    2863, 2864, 1088, 2833, 2849, 2850, 2834, 2834, 2850, 2851, 2835, 2835, 
    2851, 2852, 2836, 2836, 2852, 2853, 2837, 2837, 2853, 2854, 2838, 2838, 
    2854, 2855, 2839, 2839, 2855, 2856, 2840, 2840, 2856, 2857, 2841, 2841, 
    2857, 2858, 2842, 2842, 2858, 2859, 2843, 2843, 2859, 2860, 2844, 2844, 
    2860, 2861, 2845, 2845, 2861, 2862, 2846, 2846, 2862, 2863, 2847, 2847, 
    2863, 2864, 2848, 1073, 1089, 1090, 1074, 1074, 1090, 1091, 1075, 1075, 
    1091, 1092, 1076, 1076, 1092, 1093, 1077, 1077, 1093, 1094, 1078, 1078, 
    1094, 1095, 1079, 1079, 1095, 1096, 1080, 1080, 1096, 1097, 1081, 1081, 
    1097, 1098, 1082, 1082, 1098, 1099, 1083, 1083, 1099, 1100, 1084, 1084, 
    1100, 1101, 1085, 1085, 1101, 1102, 1086, 1086, 1102, 1103, 1087, 1087, 
    1103, 1104, 1088, 1089, 2865, 2866, 1090, 1090, 2866, 2867, 1091, 1091, 
    2867, 2868, 1092, 1092, 2868, 2869, 1093, 1093, 2869, 2870, 1094, 1094, 
    2870, 2871, 1095, 1095, 2871, 2872, 1096, 1096, 2872, 2873, 1097, 1097, 
    2873, 2874, 1098, 1098, 2874, 2875, 1099, 1099, 2875, 2876, 1100, 1100, 
    2876, 2877, 1101, 1101, 2877, 2878, 1102, 1102, 2878, 2879, 1103, 1103, 
    2879, 2880, 1104, 2849, 2865, 2866, 2850, 2850, 2866, 2867, 2851, 2851, 
    2867, 2868, 2852, 2852, 2868, 2869, 2853, 2853, 2869, 2870, 2854, 2854, 
    2870, 2871, 2855, 2855, 2871, 2872, 2856, 2856, 2872, 2873, 2857, 2857, 
    2873, 2874, 2858, 2858, 2874, 2875, 2859, 2859, 2875, 2876, 2860, 2860, 
    2876, 2877, 2861, 2861, 2877, 2878, 2862, 2862, 2878, 2879, 2863, 2863, 
    2879, 2880, 2864, 1089, 1105, 1106, 1090, 1090, 1106, 1107, 1091, 1091, 
    1107, 1108, 1092, 1092, 1108, 1109, 1093, 1093, 1109, 1110, 1094, 1094, 
    1110, 1111, 1095, 1095, 1111, 1112, 1096, 1096, 1112, 1113, 1097, 1097, 
    1113, 1114, 1098, 1098, 1114, 1115, 1099, 1099, 1115, 1116, 1100, 1100, 
    1116, 1117, 1101, 1101, 1117, 1118, 1102, 1102, 1118, 1119, 1103, 1103, 
    1119, 1120, 1104, 1105, 2881, 2882, 1106, 1106, 2882, 2883, 1107, 1107, 
    2883, 2884, 1108, 1108, 2884, 2885, 1109, 1109, 2885, 2886, 1110, 1110, 
    2886, 2887, 1111, 1111, 2887, 2888, 1112, 1112, 2888, 2889, 1113, 1113, 
    2889, 2890, 1114, 1114, 2890, 2891, 1115, 1115, 2891, 2892, 1116, 1116, 
    2892, 2893, 1117, 1117, 2893, 2894, 1118, 1118, 2894, 2895, 1119, 1119, 
    2895, 2896, 1120, 2865, 2881, 2882, 2866, 2866, 2882, 2883, 2867, 2867, 
    2883, 2884, 2868, 2868, 2884, 2885, 2869, 2869, 2885, 2886, 2870, 2870, 
    2886, 2887, 2871, 2871, 2887, 2888, 2872, 2872, 2888, 2889, 2873, 2873, 
    2889, 2890, 2874, 2874, 2890, 2891, 2875, 2875, 2891, 2892, 2876, 2876, 
    2892, 2893, 2877, 2877, 2893, 2894, 2878, 2878, 2894, 2895, 2879, 2879, 
    2895, 2896, 2880, 1105, 1121, 1122, 1106, 1106, 1122, 1123, 1107, 1107, 
    1123, 1124, 1108, 1108, 1124, 1125, 1109, 1109, 1125, 1126, 1110, 1110, 
    1126, 1127, 1111, 1111, 1127, 1128, 1112, 1112, 1128, 1129, 1113, 1113, 
    1129, 1130, 1114, 1114, 1130, 1131, 1115, 1115, 1131, 1132, 1116, 1116, 
    1132, 1133, 1117, 1117, 1133, 1134, 1118, 1118, 1134, 1135, 1119, 1119, 
    1135, 1136, 1120, 1121, 2897, 2898, 1122, 1122, 2898, 2899, 1123, 1123, 
    2899, 2900, 1124, 1124, 2900, 2901, 1125, 1125, 2901, 2902, 1126, 1126, 
    2902, 2903, 1127, 1127, 2903, 2904, 1128, 1128, 2904, 2905, 1129, 1129, 
    2905, 2906, 1130, 1130, 2906, 2907, 1131, 1131, 2907, 2908, 1132, 1132, 
    2908, 2909, 1133, 1133, 2909, 2910, 1134, 1134, 2910, 2911, 1135, 1135, 
    2911, 2912, 1136, 2881, 2897, 2898, 2882, 2882, 2898, 2899, 2883, 2883, 
    2899, 2900, 2884, 2884, 2900, 2901, 2885, 2885, 2901, 2902, 2886, 2886, 
    2902, 2903, 2887, 2887, 2903, 2904, 2888, 2888, 2904, 2905, 2889, 2889, 
    2905, 2906, 2890, 2890, 2906, 2907, 2891, 2891, 2907, 2908, 2892, 2892, 
    2908, 2909, 2893, 2893, 2909, 2910, 2894, 2894, 2910, 2911, 2895, 2895, 
    2911, 2912, 2896, 1121, 1137, 1138, 1122, 1122, 1138, 1139, 1123, 1123, 
    1139, 1140, 1124, 1124, 1140, 1141, 1125, 1125, 1141, 1142, 1126, 1126, 
    1142, 1143, 1127, 1127, 1143, 1144, 1128, 1128, 1144, 1145, 1129, 1129, 
    1145, 1146, 1130, 1130, 1146, 1147, 1131, 1131, 1147, 1148, 1132, 1132, 
    1148, 1149, 1133, 1133, 1149, 1150, 1134, 1134, 1150, 1151, 1135, 1135, 
    1151, 1152, 1136, 1137, 2913, 2914, 1138, 1138, 2914, 2915, 1139, 1139, 
    2915, 2916, 1140, 1140, 2916, 2917, 1141, 1141, 2917, 2918, 1142, 1142, 
    2918, 2919, 1143, 1143, 2919, 2920, 1144, 1144, 2920, 2921, 1145, 1145, 
    2921, 2922, 1146, 1146, 2922, 2923, 1147, 1147, 2923, 2924, 1148, 1148, 
    2924, 2925, 1149, 1149, 2925, 2926, 1150, 1150, 2926, 2927, 1151, 1151, 
    2927, 2928, 1152, 2897, 2913, 2914, 2898, 2898, 2914, 2915, 2899, 2899, 
    2915, 2916, 2900, 2900, 2916, 2917, 2901, 2901, 2917, 2918, 2902, 2902, 
    2918, 2919, 2903, 2903, 2919, 2920, 2904, 2904, 2920, 2921, 2905, 2905, 
    2921, 2922, 2906, 2906, 2922, 2923, 2907, 2907, 2923, 2924, 2908, 2908, 
    2924, 2925, 2909, 2909, 2925, 2926, 2910, 2910, 2926, 2927, 2911, 2911, 
    2927, 2928, 2912, 1137, 1153, 1154, 1138, 1138, 1154, 1155, 1139, 1139, 
    1155, 1156, 1140, 1140, 1156, 1157, 1141, 1141, 1157, 1158, 1142, 1142, 
    1158, 1159, 1143, 1143, 1159, 1160, 1144, 1144, 1160, 1161, 1145, 1145, 
    1161, 1162, 1146, 1146, 1162, 1163, 1147, 1147, 1163, 1164, 1148, 1148, 
    1164, 1165, 1149, 1149, 1165, 1166, 1150, 1150, 1166, 1167, 1151, 1151, 
    1167, 1168, 1152, 1153, 2929, 2930, 1154, 1154, 2930, 2931, 1155, 1155, 
    2931, 2932, 1156, 1156, 2932, 2933, 1157, 1157, 2933, 2934, 1158, 1158, 
    2934, 2935, 1159, 1159, 2935, 2936, 1160, 1160, 2936, 2937, 1161, 1161, 
    2937, 2938, 1162, 1162, 2938, 2939, 1163, 1163, 2939, 2940, 1164, 1164, 
    2940, 2941, 1165, 1165, 2941, 2942, 1166, 1166, 2942, 2943, 1167, 1167, 
    2943, 2944, 1168, 2913, 2929, 2930, 2914, 2914, 2930, 2931, 2915, 2915, 
    2931, 2932, 2916, 2916, 2932, 2933, 2917, 2917, 2933, 2934, 2918, 2918, 
    2934, 2935, 2919, 2919, 2935, 2936, 2920, 2920, 2936, 2937, 2921, 2921, 
    2937, 2938, 2922, 2922, 2938, 2939, 2923, 2923, 2939, 2940, 2924, 2924, 
    2940, 2941, 2925, 2925, 2941, 2942, 2926, 2926, 2942, 2943, 2927, 2927, 
    2943, 2944, 2928, 1153, 1169, 1170, 1154, 1154, 1170, 1171, 1155, 1155, 
    1171, 1172, 1156, 1156, 1172, 1173, 1157, 1157, 1173, 1174, 1158, 1158, 
    1174, 1175, 1159, 1159, 1175, 1176, 1160, 1160, 1176, 1177, 1161, 1161, 
    1177, 1178, 1162, 1162, 1178, 1179, 1163, 1163, 1179, 1180, 1164, 1164, 
    1180, 1181, 1165, 1165, 1181, 1182, 1166, 1166, 1182, 1183, 1167, 1167, 
    1183, 1184, 1168, 1169, 2945, 2946, 1170, 1170, 2946, 2947, 1171, 1171, 
    2947, 2948, 1172, 1172, 2948, 2949, 1173, 1173, 2949, 2950, 1174, 1174, 
    2950, 2951, 1175, 1175, 2951, 2952, 1176, 1176, 2952, 2953, 1177, 1177, 
    2953, 2954, 1178, 1178, 2954, 2955, 1179, 1179, 2955, 2956, 1180, 1180, 
    2956, 2957, 1181, 1181, 2957, 2958, 1182, 1182, 2958, 2959, 1183, 1183, 
    2959, 2960, 1184, 2929, 2945, 2946, 2930, 2930, 2946, 2947, 2931, 2931, 
    2947, 2948, 2932, 2932, 2948, 2949, 2933, 2933, 2949, 2950, 2934, 2934, 
    2950, 2951, 2935, 2935, 2951, 2952, 2936, 2936, 2952, 2953, 2937, 2937, 
    2953, 2954, 2938, 2938, 2954, 2955, 2939, 2939, 2955, 2956, 2940, 2940, 
    2956, 2957, 2941, 2941, 2957, 2958, 2942, 2942, 2958, 2959, 2943, 2943, 
    2959, 2960, 2944, 1169, 1185, 1186, 1170, 1170, 1186, 1187, 1171, 1171, 
    1187, 1188, 1172, 1172, 1188, 1189, 1173, 1173, 1189, 1190, 1174, 1174, 
    1190, 1191, 1175, 1175, 1191, 1192, 1176, 1176, 1192, 1193, 1177, 1177, 
    1193, 1194, 1178, 1178, 1194, 1195, 1179, 1179, 1195, 1196, 1180, 1180, 
    1196, 1197, 1181, 1181, 1197, 1198, 1182, 1182, 1198, 1199, 1183, 1183, 
    1199, 1200, 1184, 1185, 2961, 2962, 1186, 1186, 2962, 2963, 1187, 1187, 
    2963, 2964, 1188, 1188, 2964, 2965, 1189, 1189, 2965, 2966, 1190, 1190, 
    2966, 2967, 1191, 1191, 2967, 2968, 1192, 1192, 2968, 2969, 1193, 1193, 
    2969, 2970, 1194, 1194, 2970, 2971, 1195, 1195, 2971, 2972, 1196, 1196, 
    2972, 2973, 1197, 1197, 2973, 2974, 1198, 1198, 2974, 2975, 1199, 1199, 
    2975, 2976, 1200, 2945, 2961, 2962, 2946, 2946, 2962, 2963, 2947, 2947, 
    2963, 2964, 2948, 2948, 2964, 2965, 2949, 2949, 2965, 2966, 2950, 2950, 
    2966, 2967, 2951, 2951, 2967, 2968, 2952, 2952, 2968, 2969, 2953, 2953, 
    2969, 2970, 2954, 2954, 2970, 2971, 2955, 2955, 2971, 2972, 2956, 2956, 
    2972, 2973, 2957, 2957, 2973, 2974, 2958, 2958, 2974, 2975, 2959, 2959, 
    2975, 2976, 2960, 1185, 1201, 1202, 1186, 1186, 1202, 1203, 1187, 1187, 
    1203, 1204, 1188, 1188, 1204, 1205, 1189, 1189, 1205, 1206, 1190, 1190, 
    1206, 1207, 1191, 1191, 1207, 1208, 1192, 1192, 1208, 1209, 1193, 1193, 
    1209, 1210, 1194, 1194, 1210, 1211, 1195, 1195, 1211, 1212, 1196, 1196, 
    1212, 1213, 1197, 1197, 1213, 1214, 1198, 1198, 1214, 1215, 1199, 1199, 
    1215, 1216, 1200, 1201, 2977, 2978, 1202, 1202, 2978, 2979, 1203, 1203, 
    2979, 2980, 1204, 1204, 2980, 2981, 1205, 1205, 2981, 2982, 1206, 1206, 
    2982, 2983, 1207, 1207, 2983, 2984, 1208, 1208, 2984, 2985, 1209, 1209, 
    2985, 2986, 1210, 1210, 2986, 2987, 1211, 1211, 2987, 2988, 1212, 1212, 
    2988, 2989, 1213, 1213, 2989, 2990, 1214, 1214, 2990, 2991, 1215, 1215, 
    2991, 2992, 1216, 2961, 2977, 2978, 2962, 2962, 2978, 2979, 2963, 2963, 
    2979, 2980, 2964, 2964, 2980, 2981, 2965, 2965, 2981, 2982, 2966, 2966, 
    2982, 2983, 2967, 2967, 2983, 2984, 2968, 2968, 2984, 2985, 2969, 2969, 
    2985, 2986, 2970, 2970, 2986, 2987, 2971, 2971, 2987, 2988, 2972, 2972, 
    2988, 2989, 2973, 2973, 2989, 2990, 2974, 2974, 2990, 2991, 2975, 2975, 
    2991, 2992, 2976, 1201, 1217, 1218, 1202, 1202, 1218, 1219, 1203, 1203, 
    1219, 1220, 1204, 1204, 1220, 1221, 1205, 1205, 1221, 1222, 1206, 1206, 
    1222, 1223, 1207, 1207, 1223, 1224, 1208, 1208, 1224, 1225, 1209, 1209, 
    1225, 1226, 1210, 1210, 1226, 1227, 1211, 1211, 1227, 1228, 1212, 1212, 
    1228, 1229, 1213, 1213, 1229, 1230, 1214, 1214, 1230, 1231, 1215, 1215, 
    1231, 1232, 1216, 1217, 2993, 2994, 1218, 1218, 2994, 2995, 1219, 1219, 
    2995, 2996, 1220, 1220, 2996, 2997, 1221, 1221, 2997, 2998, 1222, 1222, 
    2998, 2999, 1223, 1223, 2999, 3000, 1224, 1224, 3000, 3001, 1225, 1225, 
    3001, 3002, 1226, 1226, 3002, 3003, 1227, 1227, 3003, 3004, 1228, 1228, 
    3004, 3005, 1229, 1229, 3005, 3006, 1230, 1230, 3006, 3007, 1231, 1231, 
    3007, 3008, 1232, 2977, 2993, 2994, 2978, 2978, 2994, 2995, 2979, 2979, 
    2995, 2996, 2980, 2980, 2996, 2997, 2981, 2981, 2997, 2998, 2982, 2982, 
    2998, 2999, 2983, 2983, 2999, 3000, 2984, 2984, 3000, 3001, 2985, 2985, 
    3001, 3002, 2986, 2986, 3002, 3003, 2987, 2987, 3003, 3004, 2988, 2988, 
    3004, 3005, 2989, 2989, 3005, 3006, 2990, 2990, 3006, 3007, 2991, 2991, 
    3007, 3008, 2992, 1217, 1233, 1234, 1218, 1218, 1234, 1235, 1219, 1219, 
    1235, 1236, 1220, 1220, 1236, 1237, 1221, 1221, 1237, 1238, 1222, 1222, 
    1238, 1239, 1223, 1223, 1239, 1240, 1224, 1224, 1240, 1241, 1225, 1225, 
    1241, 1242, 1226, 1226, 1242, 1243, 1227, 1227, 1243, 1244, 1228, 1228, 
    1244, 1245, 1229, 1229, 1245, 1246, 1230, 1230, 1246, 1247, 1231, 1231, 
    1247, 1248, 1232, 1233, 3009, 3010, 1234, 1234, 3010, 3011, 1235, 1235, 
    3011, 3012, 1236, 1236, 3012, 3013, 1237, 1237, 3013, 3014, 1238, 1238, 
    3014, 3015, 1239, 1239, 3015, 3016, 1240, 1240, 3016, 3017, 1241, 1241, 
    3017, 3018, 1242, 1242, 3018, 3019, 1243, 1243, 3019, 3020, 1244, 1244, 
    3020, 3021, 1245, 1245, 3021, 3022, 1246, 1246, 3022, 3023, 1247, 1247, 
    3023, 3024, 1248, 2993, 3009, 3010, 2994, 2994, 3010, 3011, 2995, 2995, 
    3011, 3012, 2996, 2996, 3012, 3013, 2997, 2997, 3013, 3014, 2998, 2998, 
    3014, 3015, 2999, 2999, 3015, 3016, 3000, 3000, 3016, 3017, 3001, 3001, 
    3017, 3018, 3002, 3002, 3018, 3019, 3003, 3003, 3019, 3020, 3004, 3004, 
    3020, 3021, 3005, 3005, 3021, 3022, 3006, 3006, 3022, 3023, 3007, 3007, 
    3023, 3024, 3008, 1233, 1249, 1250, 1234, 1234, 1250, 1251, 1235, 1235, 
    1251, 1252, 1236, 1236, 1252, 1253, 1237, 1237, 1253, 1254, 1238, 1238, 
    1254, 1255, 1239, 1239, 1255, 1256, 1240, 1240, 1256, 1257, 1241, 1241, 
    1257, 1258, 1242, 1242, 1258, 1259, 1243, 1243, 1259, 1260, 1244, 1244, 
    1260, 1261, 1245, 1245, 1261, 1262, 1246, 1246, 1262, 1263, 1247, 1247, 
    1263, 1264, 1248, 1249, 3025, 3026, 1250, 1250, 3026, 3027, 1251, 1251, 
    3027, 3028, 1252, 1252, 3028, 3029, 1253, 1253, 3029, 3030, 1254, 1254, 
    3030, 3031, 1255, 1255, 3031, 3032, 1256, 1256, 3032, 3033, 1257, 1257, 
    3033, 3034, 1258, 1258, 3034, 3035, 1259, 1259, 3035, 3036, 1260, 1260, 
    3036, 3037, 1261, 1261, 3037, 3038, 1262, 1262, 3038, 3039, 1263, 1263, 
    3039, 3040, 1264, 3009, 3025, 3026, 3010, 3010, 3026, 3027, 3011, 3011, 
    3027, 3028, 3012, 3012, 3028, 3029, 3013, 3013, 3029, 3030, 3014, 3014, 
    3030, 3031, 3015, 3015, 3031, 3032, 3016, 3016, 3032, 3033, 3017, 3017, 
    3033, 3034, 3018, 3018, 3034, 3035, 3019, 3019, 3035, 3036, 3020, 3020, 
    3036, 3037, 3021, 3021, 3037, 3038, 3022, 3022, 3038, 3039, 3023, 3023, 
    3039, 3040, 3024, 1249, 1265, 1266, 1250, 1250, 1266, 1267, 1251, 1251, 
    1267, 1268, 1252, 1252, 1268, 1269, 1253, 1253, 1269, 1270, 1254, 1254, 
    1270, 1271, 1255, 1255, 1271, 1272, 1256, 1256, 1272, 1273, 1257, 1257, 
    1273, 1274, 1258, 1258, 1274, 1275, 1259, 1259, 1275, 1276, 1260, 1260, 
    1276, 1277, 1261, 1261, 1277, 1278, 1262, 1262, 1278, 1279, 1263, 1263, 
    1279, 1280, 1264, 1265, 3041, 3042, 1266, 1266, 3042, 3043, 1267, 1267, 
    3043, 3044, 1268, 1268, 3044, 3045, 1269, 1269, 3045, 3046, 1270, 1270, 
    3046, 3047, 1271, 1271, 3047, 3048, 1272, 1272, 3048, 3049, 1273, 1273, 
    3049, 3050, 1274, 1274, 3050, 3051, 1275, 1275, 3051, 3052, 1276, 1276, 
    3052, 3053, 1277, 1277, 3053, 3054, 1278, 1278, 3054, 3055, 1279, 1279, 
    3055, 3056, 1280, 3025, 3041, 3042, 3026, 3026, 3042, 3043, 3027, 3027, 
    3043, 3044, 3028, 3028, 3044, 3045, 3029, 3029, 3045, 3046, 3030, 3030, 
    3046, 3047, 3031, 3031, 3047, 3048, 3032, 3032, 3048, 3049, 3033, 3033, 
    3049, 3050, 3034, 3034, 3050, 3051, 3035, 3035, 3051, 3052, 3036, 3036, 
    3052, 3053, 3037, 3037, 3053, 3054, 3038, 3038, 3054, 3055, 3039, 3039, 
    3055, 3056, 3040, 1265, 1281, 1282, 1266, 1266, 1282, 1283, 1267, 1267, 
    1283, 1284, 1268, 1268, 1284, 1285, 1269, 1269, 1285, 1286, 1270, 1270, 
    1286, 1287, 1271, 1271, 1287, 1288, 1272, 1272, 1288, 1289, 1273, 1273, 
    1289, 1290, 1274, 1274, 1290, 1291, 1275, 1275, 1291, 1292, 1276, 1276, 
    1292, 1293, 1277, 1277, 1293, 1294, 1278, 1278, 1294, 1295, 1279, 1279, 
    1295, 1296, 1280, 1281, 3057, 3058, 1282, 1282, 3058, 3059, 1283, 1283, 
    3059, 3060, 1284, 1284, 3060, 3061, 1285, 1285, 3061, 3062, 1286, 1286, 
    3062, 3063, 1287, 1287, 3063, 3064, 1288, 1288, 3064, 3065, 1289, 1289, 
    3065, 3066, 1290, 1290, 3066, 3067, 1291, 1291, 3067, 3068, 1292, 1292, 
    3068, 3069, 1293, 1293, 3069, 3070, 1294, 1294, 3070, 3071, 1295, 1295, 
    3071, 3072, 1296, 3041, 3057, 3058, 3042, 3042, 3058, 3059, 3043, 3043, 
    3059, 3060, 3044, 3044, 3060, 3061, 3045, 3045, 3061, 3062, 3046, 3046, 
    3062, 3063, 3047, 3047, 3063, 3064, 3048, 3048, 3064, 3065, 3049, 3049, 
    3065, 3066, 3050, 3050, 3066, 3067, 3051, 3051, 3067, 3068, 3052, 3052, 
    3068, 3069, 3053, 3053, 3069, 3070, 3054, 3054, 3070, 3071, 3055, 3055, 
    3071, 3072, 3056, 1281, 1297, 1298, 1282, 1282, 1298, 1299, 1283, 1283, 
    1299, 1300, 1284, 1284, 1300, 1301, 1285, 1285, 1301, 1302, 1286, 1286, 
    1302, 1303, 1287, 1287, 1303, 1304, 1288, 1288, 1304, 1305, 1289, 1289, 
    1305, 1306, 1290, 1290, 1306, 1307, 1291, 1291, 1307, 1308, 1292, 1292, 
    1308, 1309, 1293, 1293, 1309, 1310, 1294, 1294, 1310, 1311, 1295, 1295, 
    1311, 1312, 1296, 1297, 3073, 3074, 1298, 1298, 3074, 3075, 1299, 1299, 
    3075, 3076, 1300, 1300, 3076, 3077, 1301, 1301, 3077, 3078, 1302, 1302, 
    3078, 3079, 1303, 1303, 3079, 3080, 1304, 1304, 3080, 3081, 1305, 1305, 
    3081, 3082, 1306, 1306, 3082, 3083, 1307, 1307, 3083, 3084, 1308, 1308, 
    3084, 3085, 1309, 1309, 3085, 3086, 1310, 1310, 3086, 3087, 1311, 1311, 
    3087, 3088, 1312, 3057, 3073, 3074, 3058, 3058, 3074, 3075, 3059, 3059, 
    3075, 3076, 3060, 3060, 3076, 3077, 3061, 3061, 3077, 3078, 3062, 3062, 
    3078, 3079, 3063, 3063, 3079, 3080, 3064, 3064, 3080, 3081, 3065, 3065, 
    3081, 3082, 3066, 3066, 3082, 3083, 3067, 3067, 3083, 3084, 3068, 3068, 
    3084, 3085, 3069, 3069, 3085, 3086, 3070, 3070, 3086, 3087, 3071, 3071, 
    3087, 3088, 3072, 1297, 1313, 1314, 1298, 1298, 1314, 1315, 1299, 1299, 
    1315, 1316, 1300, 1300, 1316, 1317, 1301, 1301, 1317, 1318, 1302, 1302, 
    1318, 1319, 1303, 1303, 1319, 1320, 1304, 1304, 1320, 1321, 1305, 1305, 
    1321, 1322, 1306, 1306, 1322, 1323, 1307, 1307, 1323, 1324, 1308, 1308, 
    1324, 1325, 1309, 1309, 1325, 1326, 1310, 1310, 1326, 1327, 1311, 1311, 
    1327, 1328, 1312, 1313, 3089, 3090, 1314, 1314, 3090, 3091, 1315, 1315, 
    3091, 3092, 1316, 1316, 3092, 3093, 1317, 1317, 3093, 3094, 1318, 1318, 
    3094, 3095, 1319, 1319, 3095, 3096, 1320, 1320, 3096, 3097, 1321, 1321, 
    3097, 3098, 1322, 1322, 3098, 3099, 1323, 1323, 3099, 3100, 1324, 1324, 
    3100, 3101, 1325, 1325, 3101, 3102, 1326, 1326, 3102, 3103, 1327, 1327, 
    3103, 3104, 1328, 3073, 3089, 3090, 3074, 3074, 3090, 3091, 3075, 3075, 
    3091, 3092, 3076, 3076, 3092, 3093, 3077, 3077, 3093, 3094, 3078, 3078, 
    3094, 3095, 3079, 3079, 3095, 3096, 3080, 3080, 3096, 3097, 3081, 3081, 
    3097, 3098, 3082, 3082, 3098, 3099, 3083, 3083, 3099, 3100, 3084, 3084, 
    3100, 3101, 3085, 3085, 3101, 3102, 3086, 3086, 3102, 3103, 3087, 3087, 
    3103, 3104, 3088, 1313, 1329, 1330, 1314, 1314, 1330, 1331, 1315, 1315, 
    1331, 1332, 1316, 1316, 1332, 1333, 1317, 1317, 1333, 1334, 1318, 1318, 
    1334, 1335, 1319, 1319, 1335, 1336, 1320, 1320, 1336, 1337, 1321, 1321, 
    1337, 1338, 1322, 1322, 1338, 1339, 1323, 1323, 1339, 1340, 1324, 1324, 
    1340, 1341, 1325, 1325, 1341, 1342, 1326, 1326, 1342, 1343, 1327, 1327, 
    1343, 1344, 1328, 1329, 3105, 3106, 1330, 1330, 3106, 3107, 1331, 1331, 
    3107, 3108, 1332, 1332, 3108, 3109, 1333, 1333, 3109, 3110, 1334, 1334, 
    3110, 3111, 1335, 1335, 3111, 3112, 1336, 1336, 3112, 3113, 1337, 1337, 
    3113, 3114, 1338, 1338, 3114, 3115, 1339, 1339, 3115, 3116, 1340, 1340, 
    3116, 3117, 1341, 1341, 3117, 3118, 1342, 1342, 3118, 3119, 1343, 1343, 
    3119, 3120, 1344, 3089, 3105, 3106, 3090, 3090, 3106, 3107, 3091, 3091, 
    3107, 3108, 3092, 3092, 3108, 3109, 3093, 3093, 3109, 3110, 3094, 3094, 
    3110, 3111, 3095, 3095, 3111, 3112, 3096, 3096, 3112, 3113, 3097, 3097, 
    3113, 3114, 3098, 3098, 3114, 3115, 3099, 3099, 3115, 3116, 3100, 3100, 
    3116, 3117, 3101, 3101, 3117, 3118, 3102, 3102, 3118, 3119, 3103, 3103, 
    3119, 3120, 3104, 1329, 1345, 1346, 1330, 1330, 1346, 1347, 1331, 1331, 
    1347, 1348, 1332, 1332, 1348, 1349, 1333, 1333, 1349, 1350, 1334, 1334, 
    1350, 1351, 1335, 1335, 1351, 1352, 1336, 1336, 1352, 1353, 1337, 1337, 
    1353, 1354, 1338, 1338, 1354, 1355, 1339, 1339, 1355, 1356, 1340, 1340, 
    1356, 1357, 1341, 1341, 1357, 1358, 1342, 1342, 1358, 1359, 1343, 1343, 
    1359, 1360, 1344, 1345, 3121, 3122, 1346, 1346, 3122, 3123, 1347, 1347, 
    3123, 3124, 1348, 1348, 3124, 3125, 1349, 1349, 3125, 3126, 1350, 1350, 
    3126, 3127, 1351, 1351, 3127, 3128, 1352, 1352, 3128, 3129, 1353, 1353, 
    3129, 3130, 1354, 1354, 3130, 3131, 1355, 1355, 3131, 3132, 1356, 1356, 
    3132, 3133, 1357, 1357, 3133, 3134, 1358, 1358, 3134, 3135, 1359, 1359, 
    3135, 3136, 1360, 3105, 3121, 3122, 3106, 3106, 3122, 3123, 3107, 3107, 
    3123, 3124, 3108, 3108, 3124, 3125, 3109, 3109, 3125, 3126, 3110, 3110, 
    3126, 3127, 3111, 3111, 3127, 3128, 3112, 3112, 3128, 3129, 3113, 3113, 
    3129, 3130, 3114, 3114, 3130, 3131, 3115, 3115, 3131, 3132, 3116, 3116, 
    3132, 3133, 3117, 3117, 3133, 3134, 3118, 3118, 3134, 3135, 3119, 3119, 
    3135, 3136, 3120, 1345, 1361, 1362, 1346, 1346, 1362, 1363, 1347, 1347, 
    1363, 1364, 1348, 1348, 1364, 1365, 1349, 1349, 1365, 1366, 1350, 1350, 
    1366, 1367, 1351, 1351, 1367, 1368, 1352, 1352, 1368, 1369, 1353, 1353, 
    1369, 1370, 1354, 1354, 1370, 1371, 1355, 1355, 1371, 1372, 1356, 1356, 
    1372, 1373, 1357, 1357, 1373, 1374, 1358, 1358, 1374, 1375, 1359, 1359, 
    1375, 1376, 1360, 1361, 3137, 3138, 1362, 1362, 3138, 3139, 1363, 1363, 
    3139, 3140, 1364, 1364, 3140, 3141, 1365, 1365, 3141, 3142, 1366, 1366, 
    3142, 3143, 1367, 1367, 3143, 3144, 1368, 1368, 3144, 3145, 1369, 1369, 
    3145, 3146, 1370, 1370, 3146, 3147, 1371, 1371, 3147, 3148, 1372, 1372, 
    3148, 3149, 1373, 1373, 3149, 3150, 1374, 1374, 3150, 3151, 1375, 1375, 
    3151, 3152, 1376, 3121, 3137, 3138, 3122, 3122, 3138, 3139, 3123, 3123, 
    3139, 3140, 3124, 3124, 3140, 3141, 3125, 3125, 3141, 3142, 3126, 3126, 
    3142, 3143, 3127, 3127, 3143, 3144, 3128, 3128, 3144, 3145, 3129, 3129, 
    3145, 3146, 3130, 3130, 3146, 3147, 3131, 3131, 3147, 3148, 3132, 3132, 
    3148, 3149, 3133, 3133, 3149, 3150, 3134, 3134, 3150, 3151, 3135, 3135, 
    3151, 3152, 3136, 1361, 1377, 1378, 1362, 1362, 1378, 1379, 1363, 1363, 
    1379, 1380, 1364, 1364, 1380, 1381, 1365, 1365, 1381, 1382, 1366, 1366, 
    1382, 1383, 1367, 1367, 1383, 1384, 1368, 1368, 1384, 1385, 1369, 1369, 
    1385, 1386, 1370, 1370, 1386, 1387, 1371, 1371, 1387, 1388, 1372, 1372, 
    1388, 1389, 1373, 1373, 1389, 1390, 1374, 1374, 1390, 1391, 1375, 1375, 
    1391, 1392, 1376, 1377, 3153, 3154, 1378, 1378, 3154, 3155, 1379, 1379, 
    3155, 3156, 1380, 1380, 3156, 3157, 1381, 1381, 3157, 3158, 1382, 1382, 
    3158, 3159, 1383, 1383, 3159, 3160, 1384, 1384, 3160, 3161, 1385, 1385, 
    3161, 3162, 1386, 1386, 3162, 3163, 1387, 1387, 3163, 3164, 1388, 1388, 
    3164, 3165, 1389, 1389, 3165, 3166, 1390, 1390, 3166, 3167, 1391, 1391, 
    3167, 3168, 1392, 3137, 3153, 3154, 3138, 3138, 3154, 3155, 3139, 3139, 
    3155, 3156, 3140, 3140, 3156, 3157, 3141, 3141, 3157, 3158, 3142, 3142, 
    3158, 3159, 3143, 3143, 3159, 3160, 3144, 3144, 3160, 3161, 3145, 3145, 
    3161, 3162, 3146, 3146, 3162, 3163, 3147, 3147, 3163, 3164, 3148, 3148, 
    3164, 3165, 3149, 3149, 3165, 3166, 3150, 3150, 3166, 3167, 3151, 3151, 
    3167, 3168, 3152, 1377, 1393, 1394, 1378, 1378, 1394, 1395, 1379, 1379, 
    1395, 1396, 1380, 1380, 1396, 1397, 1381, 1381, 1397, 1398, 1382, 1382, 
    1398, 1399, 1383, 1383, 1399, 1400, 1384, 1384, 1400, 1401, 1385, 1385, 
    1401, 1402, 1386, 1386, 1402, 1403, 1387, 1387, 1403, 1404, 1388, 1388, 
    1404, 1405, 1389, 1389, 1405, 1406, 1390, 1390, 1406, 1407, 1391, 1391, 
    1407, 1408, 1392, 1393, 3169, 3170, 1394, 1394, 3170, 3171, 1395, 1395, 
    3171, 3172, 1396, 1396, 3172, 3173, 1397, 1397, 3173, 3174, 1398, 1398, 
    3174, 3175, 1399, 1399, 3175, 3176, 1400, 1400, 3176, 3177, 1401, 1401, 
    3177, 3178, 1402, 1402, 3178, 3179, 1403, 1403, 3179, 3180, 1404, 1404, 
    3180, 3181, 1405, 1405, 3181, 3182, 1406, 1406, 3182, 3183, 1407, 1407, 
    3183, 3184, 1408, 3153, 3169, 3170, 3154, 3154, 3170, 3171, 3155, 3155, 
    3171, 3172, 3156, 3156, 3172, 3173, 3157, 3157, 3173, 3174, 3158, 3158, 
    3174, 3175, 3159, 3159, 3175, 3176, 3160, 3160, 3176, 3177, 3161, 3161, 
    3177, 3178, 3162, 3162, 3178, 3179, 3163, 3163, 3179, 3180, 3164, 3164, 
    3180, 3181, 3165, 3165, 3181, 3182, 3166, 3166, 3182, 3183, 3167, 3167, 
    3183, 3184, 3168, 1393, 1409, 1410, 1394, 1394, 1410, 1411, 1395, 1395, 
    1411, 1412, 1396, 1396, 1412, 1413, 1397, 1397, 1413, 1414, 1398, 1398, 
    1414, 1415, 1399, 1399, 1415, 1416, 1400, 1400, 1416, 1417, 1401, 1401, 
    1417, 1418, 1402, 1402, 1418, 1419, 1403, 1403, 1419, 1420, 1404, 1404, 
    1420, 1421, 1405, 1405, 1421, 1422, 1406, 1406, 1422, 1423, 1407, 1407, 
    1423, 1424, 1408, 1409, 3185, 3186, 1410, 1410, 3186, 3187, 1411, 1411, 
    3187, 3188, 1412, 1412, 3188, 3189, 1413, 1413, 3189, 3190, 1414, 1414, 
    3190, 3191, 1415, 1415, 3191, 3192, 1416, 1416, 3192, 3193, 1417, 1417, 
    3193, 3194, 1418, 1418, 3194, 3195, 1419, 1419, 3195, 3196, 1420, 1420, 
    3196, 3197, 1421, 1421, 3197, 3198, 1422, 1422, 3198, 3199, 1423, 1423, 
    3199, 3200, 1424, 3169, 3185, 3186, 3170, 3170, 3186, 3187, 3171, 3171, 
    3187, 3188, 3172, 3172, 3188, 3189, 3173, 3173, 3189, 3190, 3174, 3174, 
    3190, 3191, 3175, 3175, 3191, 3192, 3176, 3176, 3192, 3193, 3177, 3177, 
    3193, 3194, 3178, 3178, 3194, 3195, 3179, 3179, 3195, 3196, 3180, 3180, 
    3196, 3197, 3181, 3181, 3197, 3198, 3182, 3182, 3198, 3199, 3183, 3183, 
    3199, 3200, 3184, 1409, 1425, 1426, 1410, 1410, 1426, 1427, 1411, 1411, 
    1427, 1428, 1412, 1412, 1428, 1429, 1413, 1413, 1429, 1430, 1414, 1414, 
    1430, 1431, 1415, 1415, 1431, 1432, 1416, 1416, 1432, 1433, 1417, 1417, 
    1433, 1434, 1418, 1418, 1434, 1435, 1419, 1419, 1435, 1436, 1420, 1420, 
    1436, 1437, 1421, 1421, 1437, 1438, 1422, 1422, 1438, 1439, 1423, 1423, 
    1439, 1440, 1424, 1425, 3201, 3202, 1426, 1426, 3202, 3203, 1427, 1427, 
    3203, 3204, 1428, 1428, 3204, 3205, 1429, 1429, 3205, 3206, 1430, 1430, 
    3206, 3207, 1431, 1431, 3207, 3208, 1432, 1432, 3208, 3209, 1433, 1433, 
    3209, 3210, 1434, 1434, 3210, 3211, 1435, 1435, 3211, 3212, 1436, 1436, 
    3212, 3213, 1437, 1437, 3213, 3214, 1438, 1438, 3214, 3215, 1439, 1439, 
    3215, 3216, 1440, 3185, 3201, 3202, 3186, 3186, 3202, 3203, 3187, 3187, 
    3203, 3204, 3188, 3188, 3204, 3205, 3189, 3189, 3205, 3206, 3190, 3190, 
    3206, 3207, 3191, 3191, 3207, 3208, 3192, 3192, 3208, 3209, 3193, 3193, 
    3209, 3210, 3194, 3194, 3210, 3211, 3195, 3195, 3211, 3212, 3196, 3196, 
    3212, 3213, 3197, 3197, 3213, 3214, 3198, 3198, 3214, 3215, 3199, 3199, 
    3215, 3216, 3200, 1425, 1441, 1442, 1426, 1426, 1442, 1443, 1427, 1427, 
    1443, 1444, 1428, 1428, 1444, 1445, 1429, 1429, 1445, 1446, 1430, 1430, 
    1446, 1447, 1431, 1431, 1447, 1448, 1432, 1432, 1448, 1449, 1433, 1433, 
    1449, 1450, 1434, 1434, 1450, 1451, 1435, 1435, 1451, 1452, 1436, 1436, 
    1452, 1453, 1437, 1437, 1453, 1454, 1438, 1438, 1454, 1455, 1439, 1439, 
    1455, 1456, 1440, 1441, 3217, 3218, 1442, 1442, 3218, 3219, 1443, 1443, 
    3219, 3220, 1444, 1444, 3220, 3221, 1445, 1445, 3221, 3222, 1446, 1446, 
    3222, 3223, 1447, 1447, 3223, 3224, 1448, 1448, 3224, 3225, 1449, 1449, 
    3225, 3226, 1450, 1450, 3226, 3227, 1451, 1451, 3227, 3228, 1452, 1452, 
    3228, 3229, 1453, 1453, 3229, 3230, 1454, 1454, 3230, 3231, 1455, 1455, 
    3231, 3232, 1456, 3201, 3217, 3218, 3202, 3202, 3218, 3219, 3203, 3203, 
    3219, 3220, 3204, 3204, 3220, 3221, 3205, 3205, 3221, 3222, 3206, 3206, 
    3222, 3223, 3207, 3207, 3223, 3224, 3208, 3208, 3224, 3225, 3209, 3209, 
    3225, 3226, 3210, 3210, 3226, 3227, 3211, 3211, 3227, 3228, 3212, 3212, 
    3228, 3229, 3213, 3213, 3229, 3230, 3214, 3214, 3230, 3231, 3215, 3215, 
    3231, 3232, 3216, 1441, 1457, 1458, 1442, 1442, 1458, 1459, 1443, 1443, 
    1459, 1460, 1444, 1444, 1460, 1461, 1445, 1445, 1461, 1462, 1446, 1446, 
    1462, 1463, 1447, 1447, 1463, 1464, 1448, 1448, 1464, 1465, 1449, 1449, 
    1465, 1466, 1450, 1450, 1466, 1467, 1451, 1451, 1467, 1468, 1452, 1452, 
    1468, 1469, 1453, 1453, 1469, 1470, 1454, 1454, 1470, 1471, 1455, 1455, 
    1471, 1472, 1456, 1457, 3233, 3234, 1458, 1458, 3234, 3235, 1459, 1459, 
    3235, 3236, 1460, 1460, 3236, 3237, 1461, 1461, 3237, 3238, 1462, 1462, 
    3238, 3239, 1463, 1463, 3239, 3240, 1464, 1464, 3240, 3241, 1465, 1465, 
    3241, 3242, 1466, 1466, 3242, 3243, 1467, 1467, 3243, 3244, 1468, 1468, 
    3244, 3245, 1469, 1469, 3245, 3246, 1470, 1470, 3246, 3247, 1471, 1471, 
    3247, 3248, 1472, 3217, 3233, 3234, 3218, 3218, 3234, 3235, 3219, 3219, 
    3235, 3236, 3220, 3220, 3236, 3237, 3221, 3221, 3237, 3238, 3222, 3222, 
    3238, 3239, 3223, 3223, 3239, 3240, 3224, 3224, 3240, 3241, 3225, 3225, 
    3241, 3242, 3226, 3226, 3242, 3243, 3227, 3227, 3243, 3244, 3228, 3228, 
    3244, 3245, 3229, 3229, 3245, 3246, 3230, 3230, 3246, 3247, 3231, 3231, 
    3247, 3248, 3232, 1457, 1473, 1474, 1458, 1458, 1474, 1475, 1459, 1459, 
    1475, 1476, 1460, 1460, 1476, 1477, 1461, 1461, 1477, 1478, 1462, 1462, 
    1478, 1479, 1463, 1463, 1479, 1480, 1464, 1464, 1480, 1481, 1465, 1465, 
    1481, 1482, 1466, 1466, 1482, 1483, 1467, 1467, 1483, 1484, 1468, 1468, 
    1484, 1485, 1469, 1469, 1485, 1486, 1470, 1470, 1486, 1487, 1471, 1471, 
    1487, 1488, 1472, 1473, 3249, 3250, 1474, 1474, 3250, 3251, 1475, 1475, 
    3251, 3252, 1476, 1476, 3252, 3253, 1477, 1477, 3253, 3254, 1478, 1478, 
    3254, 3255, 1479, 1479, 3255, 3256, 1480, 1480, 3256, 3257, 1481, 1481, 
    3257, 3258, 1482, 1482, 3258, 3259, 1483, 1483, 3259, 3260, 1484, 1484, 
    3260, 3261, 1485, 1485, 3261, 3262, 1486, 1486, 3262, 3263, 1487, 1487, 
    3263, 3264, 1488, 3233, 3249, 3250, 3234, 3234, 3250, 3251, 3235, 3235, 
    3251, 3252, 3236, 3236, 3252, 3253, 3237, 3237, 3253, 3254, 3238, 3238, 
    3254, 3255, 3239, 3239, 3255, 3256, 3240, 3240, 3256, 3257, 3241, 3241, 
    3257, 3258, 3242, 3242, 3258, 3259, 3243, 3243, 3259, 3260, 3244, 3244, 
    3260, 3261, 3245, 3245, 3261, 3262, 3246, 3246, 3262, 3263, 3247, 3247, 
    3263, 3264, 3248, 1473, 1489, 1490, 1474, 1474, 1490, 1491, 1475, 1475, 
    1491, 1492, 1476, 1476, 1492, 1493, 1477, 1477, 1493, 1494, 1478, 1478, 
    1494, 1495, 1479, 1479, 1495, 1496, 1480, 1480, 1496, 1497, 1481, 1481, 
    1497, 1498, 1482, 1482, 1498, 1499, 1483, 1483, 1499, 1500, 1484, 1484, 
    1500, 1501, 1485, 1485, 1501, 1502, 1486, 1486, 1502, 1503, 1487, 1487, 
    1503, 1504, 1488, 1489, 3265, 3266, 1490, 1490, 3266, 3267, 1491, 1491, 
    3267, 3268, 1492, 1492, 3268, 3269, 1493, 1493, 3269, 3270, 1494, 1494, 
    3270, 3271, 1495, 1495, 3271, 3272, 1496, 1496, 3272, 3273, 1497, 1497, 
    3273, 3274, 1498, 1498, 3274, 3275, 1499, 1499, 3275, 3276, 1500, 1500, 
    3276, 3277, 1501, 1501, 3277, 3278, 1502, 1502, 3278, 3279, 1503, 1503, 
    3279, 3280, 1504, 3249, 3265, 3266, 3250, 3250, 3266, 3267, 3251, 3251, 
    3267, 3268, 3252, 3252, 3268, 3269, 3253, 3253, 3269, 3270, 3254, 3254, 
    3270, 3271, 3255, 3255, 3271, 3272, 3256, 3256, 3272, 3273, 3257, 3257, 
    3273, 3274, 3258, 3258, 3274, 3275, 3259, 3259, 3275, 3276, 3260, 3260, 
    3276, 3277, 3261, 3261, 3277, 3278, 3262, 3262, 3278, 3279, 3263, 3263, 
    3279, 3280, 3264, 1489, 1505, 1506, 1490, 1490, 1506, 1507, 1491, 1491, 
    1507, 1508, 1492, 1492, 1508, 1509, 1493, 1493, 1509, 1510, 1494, 1494, 
    1510, 1511, 1495, 1495, 1511, 1512, 1496, 1496, 1512, 1513, 1497, 1497, 
    1513, 1514, 1498, 1498, 1514, 1515, 1499, 1499, 1515, 1516, 1500, 1500, 
    1516, 1517, 1501, 1501, 1517, 1518, 1502, 1502, 1518, 1519, 1503, 1503, 
    1519, 1520, 1504, 1505, 3281, 3282, 1506, 1506, 3282, 3283, 1507, 1507, 
    3283, 3284, 1508, 1508, 3284, 3285, 1509, 1509, 3285, 3286, 1510, 1510, 
    3286, 3287, 1511, 1511, 3287, 3288, 1512, 1512, 3288, 3289, 1513, 1513, 
    3289, 3290, 1514, 1514, 3290, 3291, 1515, 1515, 3291, 3292, 1516, 1516, 
    3292, 3293, 1517, 1517, 3293, 3294, 1518, 1518, 3294, 3295, 1519, 1519, 
    3295, 3296, 1520, 3265, 3281, 3282, 3266, 3266, 3282, 3283, 3267, 3267, 
    3283, 3284, 3268, 3268, 3284, 3285, 3269, 3269, 3285, 3286, 3270, 3270, 
    3286, 3287, 3271, 3271, 3287, 3288, 3272, 3272, 3288, 3289, 3273, 3273, 
    3289, 3290, 3274, 3274, 3290, 3291, 3275, 3275, 3291, 3292, 3276, 3276, 
    3292, 3293, 3277, 3277, 3293, 3294, 3278, 3278, 3294, 3295, 3279, 3279, 
    3295, 3296, 3280, 1505, 1521, 1522, 1506, 1506, 1522, 1523, 1507, 1507, 
    1523, 1524, 1508, 1508, 1524, 1525, 1509, 1509, 1525, 1526, 1510, 1510, 
    1526, 1527, 1511, 1511, 1527, 1528, 1512, 1512, 1528, 1529, 1513, 1513, 
    1529, 1530, 1514, 1514, 1530, 1531, 1515, 1515, 1531, 1532, 1516, 1516, 
    1532, 1533, 1517, 1517, 1533, 1534, 1518, 1518, 1534, 1535, 1519, 1519, 
    1535, 1536, 1520, 1521, 3297, 3298, 1522, 1522, 3298, 3299, 1523, 1523, 
    3299, 3300, 1524, 1524, 3300, 3301, 1525, 1525, 3301, 3302, 1526, 1526, 
    3302, 3303, 1527, 1527, 3303, 3304, 1528, 1528, 3304, 3305, 1529, 1529, 
    3305, 3306, 1530, 1530, 3306, 3307, 1531, 1531, 3307, 3308, 1532, 1532, 
    3308, 3309, 1533, 1533, 3309, 3310, 1534, 1534, 3310, 3311, 1535, 1535, 
    3311, 3312, 1536, 3281, 3297, 3298, 3282, 3282, 3298, 3299, 3283, 3283, 
    3299, 3300, 3284, 3284, 3300, 3301, 3285, 3285, 3301, 3302, 3286, 3286, 
    3302, 3303, 3287, 3287, 3303, 3304, 3288, 3288, 3304, 3305, 3289, 3289, 
    3305, 3306, 3290, 3290, 3306, 3307, 3291, 3291, 3307, 3308, 3292, 3292, 
    3308, 3309, 3293, 3293, 3309, 3310, 3294, 3294, 3310, 3311, 3295, 3295, 
    3311, 3312, 3296, 1521, 1537, 1538, 1522, 1522, 1538, 1539, 1523, 1523, 
    1539, 1540, 1524, 1524, 1540, 1541, 1525, 1525, 1541, 1542, 1526, 1526, 
    1542, 1543, 1527, 1527, 1543, 1544, 1528, 1528, 1544, 1545, 1529, 1529, 
    1545, 1546, 1530, 1530, 1546, 1547, 1531, 1531, 1547, 1548, 1532, 1532, 
    1548, 1549, 1533, 1533, 1549, 1550, 1534, 1534, 1550, 1551, 1535, 1535, 
    1551, 1552, 1536, 1537, 3313, 3314, 1538, 1538, 3314, 3315, 1539, 1539, 
    3315, 3316, 1540, 1540, 3316, 3317, 1541, 1541, 3317, 3318, 1542, 1542, 
    3318, 3319, 1543, 1543, 3319, 3320, 1544, 1544, 3320, 3321, 1545, 1545, 
    3321, 3322, 1546, 1546, 3322, 3323, 1547, 1547, 3323, 3324, 1548, 1548, 
    3324, 3325, 1549, 1549, 3325, 3326, 1550, 1550, 3326, 3327, 1551, 1551, 
    3327, 3328, 1552, 3297, 3313, 3314, 3298, 3298, 3314, 3315, 3299, 3299, 
    3315, 3316, 3300, 3300, 3316, 3317, 3301, 3301, 3317, 3318, 3302, 3302, 
    3318, 3319, 3303, 3303, 3319, 3320, 3304, 3304, 3320, 3321, 3305, 3305, 
    3321, 3322, 3306, 3306, 3322, 3323, 3307, 3307, 3323, 3324, 3308, 3308, 
    3324, 3325, 3309, 3309, 3325, 3326, 3310, 3310, 3326, 3327, 3311, 3311, 
    3327, 3328, 3312, 1537, 1553, 1554, 1538, 1538, 1554, 1555, 1539, 1539, 
    1555, 1556, 1540, 1540, 1556, 1557, 1541, 1541, 1557, 1558, 1542, 1542, 
    1558, 1559, 1543, 1543, 1559, 1560, 1544, 1544, 1560, 1561, 1545, 1545, 
    1561, 1562, 1546, 1546, 1562, 1563, 1547, 1547, 1563, 1564, 1548, 1548, 
    1564, 1565, 1549, 1549, 1565, 1566, 1550, 1550, 1566, 1567, 1551, 1551, 
    1567, 1568, 1552, 1553, 3329, 3330, 1554, 1554, 3330, 3331, 1555, 1555, 
    3331, 3332, 1556, 1556, 3332, 3333, 1557, 1557, 3333, 3334, 1558, 1558, 
    3334, 3335, 1559, 1559, 3335, 3336, 1560, 1560, 3336, 3337, 1561, 1561, 
    3337, 3338, 1562, 1562, 3338, 3339, 1563, 1563, 3339, 3340, 1564, 1564, 
    3340, 3341, 1565, 1565, 3341, 3342, 1566, 1566, 3342, 3343, 1567, 1567, 
    3343, 3344, 1568, 3313, 3329, 3330, 3314, 3314, 3330, 3331, 3315, 3315, 
    3331, 3332, 3316, 3316, 3332, 3333, 3317, 3317, 3333, 3334, 3318, 3318, 
    3334, 3335, 3319, 3319, 3335, 3336, 3320, 3320, 3336, 3337, 3321, 3321, 
    3337, 3338, 3322, 3322, 3338, 3339, 3323, 3323, 3339, 3340, 3324, 3324, 
    3340, 3341, 3325, 3325, 3341, 3342, 3326, 3326, 3342, 3343, 3327, 3327, 
    3343, 3344, 3328, 1553, 1569, 1570, 1554, 1554, 1570, 1571, 1555, 1555, 
    1571, 1572, 1556, 1556, 1572, 1573, 1557, 1557, 1573, 1574, 1558, 1558, 
    1574, 1575, 1559, 1559, 1575, 1576, 1560, 1560, 1576, 1577, 1561, 1561, 
    1577, 1578, 1562, 1562, 1578, 1579, 1563, 1563, 1579, 1580, 1564, 1564, 
    1580, 1581, 1565, 1565, 1581, 1582, 1566, 1566, 1582, 1583, 1567, 1567, 
    1583, 1584, 1568, 1569, 3345, 3346, 1570, 1570, 3346, 3347, 1571, 1571, 
    3347, 3348, 1572, 1572, 3348, 3349, 1573, 1573, 3349, 3350, 1574, 1574, 
    3350, 3351, 1575, 1575, 3351, 3352, 1576, 1576, 3352, 3353, 1577, 1577, 
    3353, 3354, 1578, 1578, 3354, 3355, 1579, 1579, 3355, 3356, 1580, 1580, 
    3356, 3357, 1581, 1581, 3357, 3358, 1582, 1582, 3358, 3359, 1583, 1583, 
    3359, 3360, 1584, 3329, 3345, 3346, 3330, 3330, 3346, 3347, 3331, 3331, 
    3347, 3348, 3332, 3332, 3348, 3349, 3333, 3333, 3349, 3350, 3334, 3334, 
    3350, 3351, 3335, 3335, 3351, 3352, 3336, 3336, 3352, 3353, 3337, 3337, 
    3353, 3354, 3338, 3338, 3354, 3355, 3339, 3339, 3355, 3356, 3340, 3340, 
    3356, 3357, 3341, 3341, 3357, 3358, 3342, 3342, 3358, 3359, 3343, 3343, 
    3359, 3360, 3344, 1569, 1585, 1586, 1570, 1570, 1586, 1587, 1571, 1571, 
    1587, 1588, 1572, 1572, 1588, 1589, 1573, 1573, 1589, 1590, 1574, 1574, 
    1590, 1591, 1575, 1575, 1591, 1592, 1576, 1576, 1592, 1593, 1577, 1577, 
    1593, 1594, 1578, 1578, 1594, 1595, 1579, 1579, 1595, 1596, 1580, 1580, 
    1596, 1597, 1581, 1581, 1597, 1598, 1582, 1582, 1598, 1599, 1583, 1583, 
    1599, 1600, 1584, 1585, 3361, 3362, 1586, 1586, 3362, 3363, 1587, 1587, 
    3363, 3364, 1588, 1588, 3364, 3365, 1589, 1589, 3365, 3366, 1590, 1590, 
    3366, 3367, 1591, 1591, 3367, 3368, 1592, 1592, 3368, 3369, 1593, 1593, 
    3369, 3370, 1594, 1594, 3370, 3371, 1595, 1595, 3371, 3372, 1596, 1596, 
    3372, 3373, 1597, 1597, 3373, 3374, 1598, 1598, 3374, 3375, 1599, 1599, 
    3375, 3376, 1600, 3345, 3361, 3362, 3346, 3346, 3362, 3363, 3347, 3347, 
    3363, 3364, 3348, 3348, 3364, 3365, 3349, 3349, 3365, 3366, 3350, 3350, 
    3366, 3367, 3351, 3351, 3367, 3368, 3352, 3352, 3368, 3369, 3353, 3353, 
    3369, 3370, 3354, 3354, 3370, 3371, 3355, 3355, 3371, 3372, 3356, 3356, 
    3372, 3373, 3357, 3357, 3373, 3374, 3358, 3358, 3374, 3375, 3359, 3359, 
    3375, 3376, 3360, 1585, 1601, 1602, 1586, 1586, 1602, 1603, 1587, 1587, 
    1603, 1604, 1588, 1588, 1604, 1605, 1589, 1589, 1605, 1606, 1590, 1590, 
    1606, 1607, 1591, 1591, 1607, 1608, 1592, 1592, 1608, 1609, 1593, 1593, 
    1609, 1610, 1594, 1594, 1610, 1611, 1595, 1595, 1611, 1612, 1596, 1596, 
    1612, 1613, 1597, 1597, 1613, 1614, 1598, 1598, 1614, 1615, 1599, 1599, 
    1615, 1616, 1600, 1601, 3377, 3378, 1602, 1602, 3378, 3379, 1603, 1603, 
    3379, 3380, 1604, 1604, 3380, 3381, 1605, 1605, 3381, 3382, 1606, 1606, 
    3382, 3383, 1607, 1607, 3383, 3384, 1608, 1608, 3384, 3385, 1609, 1609, 
    3385, 3386, 1610, 1610, 3386, 3387, 1611, 1611, 3387, 3388, 1612, 1612, 
    3388, 3389, 1613, 1613, 3389, 3390, 1614, 1614, 3390, 3391, 1615, 1615, 
    3391, 3392, 1616, 3361, 3377, 3378, 3362, 3362, 3378, 3379, 3363, 3363, 
    3379, 3380, 3364, 3364, 3380, 3381, 3365, 3365, 3381, 3382, 3366, 3366, 
    3382, 3383, 3367, 3367, 3383, 3384, 3368, 3368, 3384, 3385, 3369, 3369, 
    3385, 3386, 3370, 3370, 3386, 3387, 3371, 3371, 3387, 3388, 3372, 3372, 
    3388, 3389, 3373, 3373, 3389, 3390, 3374, 3374, 3390, 3391, 3375, 3375, 
    3391, 3392, 3376, 1601, 1617, 1618, 1602, 1602, 1618, 1619, 1603, 1603, 
    1619, 1620, 1604, 1604, 1620, 1621, 1605, 1605, 1621, 1622, 1606, 1606, 
    1622, 1623, 1607, 1607, 1623, 1624, 1608, 1608, 1624, 1625, 1609, 1609, 
    1625, 1626, 1610, 1610, 1626, 1627, 1611, 1611, 1627, 1628, 1612, 1612, 
    1628, 1629, 1613, 1613, 1629, 1630, 1614, 1614, 1630, 1631, 1615, 1615, 
    1631, 1632, 1616, 1617, 3393, 3394, 1618, 1618, 3394, 3395, 1619, 1619, 
    3395, 3396, 1620, 1620, 3396, 3397, 1621, 1621, 3397, 3398, 1622, 1622, 
    3398, 3399, 1623, 1623, 3399, 3400, 1624, 1624, 3400, 3401, 1625, 1625, 
    3401, 3402, 1626, 1626, 3402, 3403, 1627, 1627, 3403, 3404, 1628, 1628, 
    3404, 3405, 1629, 1629, 3405, 3406, 1630, 1630, 3406, 3407, 1631, 1631, 
    3407, 3408, 1632, 3377, 3393, 3394, 3378, 3378, 3394, 3395, 3379, 3379, 
    3395, 3396, 3380, 3380, 3396, 3397, 3381, 3381, 3397, 3398, 3382, 3382, 
    3398, 3399, 3383, 3383, 3399, 3400, 3384, 3384, 3400, 3401, 3385, 3385, 
    3401, 3402, 3386, 3386, 3402, 3403, 3387, 3387, 3403, 3404, 3388, 3388, 
    3404, 3405, 3389, 3389, 3405, 3406, 3390, 3390, 3406, 3407, 3391, 3391, 
    3407, 3408, 3392, 1617, 1633, 1634, 1618, 1618, 1634, 1635, 1619, 1619, 
    1635, 1636, 1620, 1620, 1636, 1637, 1621, 1621, 1637, 1638, 1622, 1622, 
    1638, 1639, 1623, 1623, 1639, 1640, 1624, 1624, 1640, 1641, 1625, 1625, 
    1641, 1642, 1626, 1626, 1642, 1643, 1627, 1627, 1643, 1644, 1628, 1628, 
    1644, 1645, 1629, 1629, 1645, 1646, 1630, 1630, 1646, 1647, 1631, 1631, 
    1647, 1648, 1632, 1633, 3409, 3410, 1634, 1634, 3410, 3411, 1635, 1635, 
    3411, 3412, 1636, 1636, 3412, 3413, 1637, 1637, 3413, 3414, 1638, 1638, 
    3414, 3415, 1639, 1639, 3415, 3416, 1640, 1640, 3416, 3417, 1641, 1641, 
    3417, 3418, 1642, 1642, 3418, 3419, 1643, 1643, 3419, 3420, 1644, 1644, 
    3420, 3421, 1645, 1645, 3421, 3422, 1646, 1646, 3422, 3423, 1647, 1647, 
    3423, 3424, 1648, 3393, 3409, 3410, 3394, 3394, 3410, 3411, 3395, 3395, 
    3411, 3412, 3396, 3396, 3412, 3413, 3397, 3397, 3413, 3414, 3398, 3398, 
    3414, 3415, 3399, 3399, 3415, 3416, 3400, 3400, 3416, 3417, 3401, 3401, 
    3417, 3418, 3402, 3402, 3418, 3419, 3403, 3403, 3419, 3420, 3404, 3404, 
    3420, 3421, 3405, 3405, 3421, 3422, 3406, 3406, 3422, 3423, 3407, 3407, 
    3423, 3424, 3408, 1633, 1649, 1650, 1634, 1634, 1650, 1651, 1635, 1635, 
    1651, 1652, 1636, 1636, 1652, 1653, 1637, 1637, 1653, 1654, 1638, 1638, 
    1654, 1655, 1639, 1639, 1655, 1656, 1640, 1640, 1656, 1657, 1641, 1641, 
    1657, 1658, 1642, 1642, 1658, 1659, 1643, 1643, 1659, 1660, 1644, 1644, 
    1660, 1661, 1645, 1645, 1661, 1662, 1646, 1646, 1662, 1663, 1647, 1647, 
    1663, 1664, 1648, 1649, 3425, 3426, 1650, 1650, 3426, 3427, 1651, 1651, 
    3427, 3428, 1652, 1652, 3428, 3429, 1653, 1653, 3429, 3430, 1654, 1654, 
    3430, 3431, 1655, 1655, 3431, 3432, 1656, 1656, 3432, 3433, 1657, 1657, 
    3433, 3434, 1658, 1658, 3434, 3435, 1659, 1659, 3435, 3436, 1660, 1660, 
    3436, 3437, 1661, 1661, 3437, 3438, 1662, 1662, 3438, 3439, 1663, 1663, 
    3439, 3440, 1664, 3409, 3425, 3426, 3410, 3410, 3426, 3427, 3411, 3411, 
    3427, 3428, 3412, 3412, 3428, 3429, 3413, 3413, 3429, 3430, 3414, 3414, 
    3430, 3431, 3415, 3415, 3431, 3432, 3416, 3416, 3432, 3433, 3417, 3417, 
    3433, 3434, 3418, 3418, 3434, 3435, 3419, 3419, 3435, 3436, 3420, 3420, 
    3436, 3437, 3421, 3421, 3437, 3438, 3422, 3422, 3438, 3439, 3423, 3423, 
    3439, 3440, 3424, 1649, 1665, 1666, 1650, 1650, 1666, 1667, 1651, 1651, 
    1667, 1668, 1652, 1652, 1668, 1669, 1653, 1653, 1669, 1670, 1654, 1654, 
    1670, 1671, 1655, 1655, 1671, 1672, 1656, 1656, 1672, 1673, 1657, 1657, 
    1673, 1674, 1658, 1658, 1674, 1675, 1659, 1659, 1675, 1676, 1660, 1660, 
    1676, 1677, 1661, 1661, 1677, 1678, 1662, 1662, 1678, 1679, 1663, 1663, 
    1679, 1680, 1664, 1665, 3441, 3442, 1666, 1666, 3442, 3443, 1667, 1667, 
    3443, 3444, 1668, 1668, 3444, 3445, 1669, 1669, 3445, 3446, 1670, 1670, 
    3446, 3447, 1671, 1671, 3447, 3448, 1672, 1672, 3448, 3449, 1673, 1673, 
    3449, 3450, 1674, 1674, 3450, 3451, 1675, 1675, 3451, 3452, 1676, 1676, 
    3452, 3453, 1677, 1677, 3453, 3454, 1678, 1678, 3454, 3455, 1679, 1679, 
    3455, 3456, 1680, 3425, 3441, 3442, 3426, 3426, 3442, 3443, 3427, 3427, 
    3443, 3444, 3428, 3428, 3444, 3445, 3429, 3429, 3445, 3446, 3430, 3430, 
    3446, 3447, 3431, 3431, 3447, 3448, 3432, 3432, 3448, 3449, 3433, 3433, 
    3449, 3450, 3434, 3434, 3450, 3451, 3435, 3435, 3451, 3452, 3436, 3436, 
    3452, 3453, 3437, 3437, 3453, 3454, 3438, 3438, 3454, 3455, 3439, 3439, 
    3455, 3456, 3440, 1665, 1681, 1682, 1666, 1666, 1682, 1683, 1667, 1667, 
    1683, 1684, 1668, 1668, 1684, 1685, 1669, 1669, 1685, 1686, 1670, 1670, 
    1686, 1687, 1671, 1671, 1687, 1688, 1672, 1672, 1688, 1689, 1673, 1673, 
    1689, 1690, 1674, 1674, 1690, 1691, 1675, 1675, 1691, 1692, 1676, 1676, 
    1692, 1693, 1677, 1677, 1693, 1694, 1678, 1678, 1694, 1695, 1679, 1679, 
    1695, 1696, 1680, 1681, 3457, 3458, 1682, 1682, 3458, 3459, 1683, 1683, 
    3459, 3460, 1684, 1684, 3460, 3461, 1685, 1685, 3461, 3462, 1686, 1686, 
    3462, 3463, 1687, 1687, 3463, 3464, 1688, 1688, 3464, 3465, 1689, 1689, 
    3465, 3466, 1690, 1690, 3466, 3467, 1691, 1691, 3467, 3468, 1692, 1692, 
    3468, 3469, 1693, 1693, 3469, 3470, 1694, 1694, 3470, 3471, 1695, 1695, 
    3471, 3472, 1696, 3441, 3457, 3458, 3442, 3442, 3458, 3459, 3443, 3443, 
    3459, 3460, 3444, 3444, 3460, 3461, 3445, 3445, 3461, 3462, 3446, 3446, 
    3462, 3463, 3447, 3447, 3463, 3464, 3448, 3448, 3464, 3465, 3449, 3449, 
    3465, 3466, 3450, 3450, 3466, 3467, 3451, 3451, 3467, 3468, 3452, 3452, 
    3468, 3469, 3453, 3453, 3469, 3470, 3454, 3454, 3470, 3471, 3455, 3455, 
    3471, 3472, 3456, 1681, 1697, 1698, 1682, 1682, 1698, 1699, 1683, 1683, 
    1699, 1700, 1684, 1684, 1700, 1701, 1685, 1685, 1701, 1702, 1686, 1686, 
    1702, 1703, 1687, 1687, 1703, 1704, 1688, 1688, 1704, 1705, 1689, 1689, 
    1705, 1706, 1690, 1690, 1706, 1707, 1691, 1691, 1707, 1708, 1692, 1692, 
    1708, 1709, 1693, 1693, 1709, 1710, 1694, 1694, 1710, 1711, 1695, 1695, 
    1711, 1712, 1696, 1697, 3473, 3474, 1698, 1698, 3474, 3475, 1699, 1699, 
    3475, 3476, 1700, 1700, 3476, 3477, 1701, 1701, 3477, 3478, 1702, 1702, 
    3478, 3479, 1703, 1703, 3479, 3480, 1704, 1704, 3480, 3481, 1705, 1705, 
    3481, 3482, 1706, 1706, 3482, 3483, 1707, 1707, 3483, 3484, 1708, 1708, 
    3484, 3485, 1709, 1709, 3485, 3486, 1710, 1710, 3486, 3487, 1711, 1711, 
    3487, 3488, 1712, 3457, 3473, 3474, 3458, 3458, 3474, 3475, 3459, 3459, 
    3475, 3476, 3460, 3460, 3476, 3477, 3461, 3461, 3477, 3478, 3462, 3462, 
    3478, 3479, 3463, 3463, 3479, 3480, 3464, 3464, 3480, 3481, 3465, 3465, 
    3481, 3482, 3466, 3466, 3482, 3483, 3467, 3467, 3483, 3484, 3468, 3468, 
    3484, 3485, 3469, 3469, 3485, 3486, 3470, 3470, 3486, 3487, 3471, 3471, 
    3487, 3488, 3472, 1697, 1713, 1714, 1698, 1698, 1714, 1715, 1699, 1699, 
    1715, 1716, 1700, 1700, 1716, 1717, 1701, 1701, 1717, 1718, 1702, 1702, 
    1718, 1719, 1703, 1703, 1719, 1720, 1704, 1704, 1720, 1721, 1705, 1705, 
    1721, 1722, 1706, 1706, 1722, 1723, 1707, 1707, 1723, 1724, 1708, 1708, 
    1724, 1725, 1709, 1709, 1725, 1726, 1710, 1710, 1726, 1727, 1711, 1711, 
    1727, 1728, 1712, 1713, 3489, 3490, 1714, 1714, 3490, 3491, 1715, 1715, 
    3491, 3492, 1716, 1716, 3492, 3493, 1717, 1717, 3493, 3494, 1718, 1718, 
    3494, 3495, 1719, 1719, 3495, 3496, 1720, 1720, 3496, 3497, 1721, 1721, 
    3497, 3498, 1722, 1722, 3498, 3499, 1723, 1723, 3499, 3500, 1724, 1724, 
    3500, 3501, 1725, 1725, 3501, 3502, 1726, 1726, 3502, 3503, 1727, 1727, 
    3503, 3504, 1728, 3473, 3489, 3490, 3474, 3474, 3490, 3491, 3475, 3475, 
    3491, 3492, 3476, 3476, 3492, 3493, 3477, 3477, 3493, 3494, 3478, 3478, 
    3494, 3495, 3479, 3479, 3495, 3496, 3480, 3480, 3496, 3497, 3481, 3481, 
    3497, 3498, 3482, 3482, 3498, 3499, 3483, 3483, 3499, 3500, 3484, 3484, 
    3500, 3501, 3485, 3485, 3501, 3502, 3486, 3486, 3502, 3503, 3487, 3487, 
    3503, 3504, 3488, 1713, 1729, 1730, 1714, 1714, 1730, 1731, 1715, 1715, 
    1731, 1732, 1716, 1716, 1732, 1733, 1717, 1717, 1733, 1734, 1718, 1718, 
    1734, 1735, 1719, 1719, 1735, 1736, 1720, 1720, 1736, 1737, 1721, 1721, 
    1737, 1738, 1722, 1722, 1738, 1739, 1723, 1723, 1739, 1740, 1724, 1724, 
    1740, 1741, 1725, 1725, 1741, 1742, 1726, 1726, 1742, 1743, 1727, 1727, 
    1743, 1744, 1728, 1729, 3505, 3506, 1730, 1730, 3506, 3507, 1731, 1731, 
    3507, 3508, 1732, 1732, 3508, 3509, 1733, 1733, 3509, 3510, 1734, 1734, 
    3510, 3511, 1735, 1735, 3511, 3512, 1736, 1736, 3512, 3513, 1737, 1737, 
    3513, 3514, 1738, 1738, 3514, 3515, 1739, 1739, 3515, 3516, 1740, 1740, 
    3516, 3517, 1741, 1741, 3517, 3518, 1742, 1742, 3518, 3519, 1743, 1743, 
    3519, 3520, 1744, 3489, 3505, 3506, 3490, 3490, 3506, 3507, 3491, 3491, 
    3507, 3508, 3492, 3492, 3508, 3509, 3493, 3493, 3509, 3510, 3494, 3494, 
    3510, 3511, 3495, 3495, 3511, 3512, 3496, 3496, 3512, 3513, 3497, 3497, 
    3513, 3514, 3498, 3498, 3514, 3515, 3499, 3499, 3515, 3516, 3500, 3500, 
    3516, 3517, 3501, 3501, 3517, 3518, 3502, 3502, 3518, 3519, 3503, 3503, 
    3519, 3520, 3504, 1729, 1745, 1746, 1730, 1730, 1746, 1747, 1731, 1731, 
    1747, 1748, 1732, 1732, 1748, 1749, 1733, 1733, 1749, 1750, 1734, 1734, 
    1750, 1751, 1735, 1735, 1751, 1752, 1736, 1736, 1752, 1753, 1737, 1737, 
    1753, 1754, 1738, 1738, 1754, 1755, 1739, 1739, 1755, 1756, 1740, 1740, 
    1756, 1757, 1741, 1741, 1757, 1758, 1742, 1742, 1758, 1759, 1743, 1743, 
    1759, 1760, 1744, 1745, 3521, 3522, 1746, 1746, 3522, 3523, 1747, 1747, 
    3523, 3524, 1748, 1748, 3524, 3525, 1749, 1749, 3525, 3526, 1750, 1750, 
    3526, 3527, 1751, 1751, 3527, 3528, 1752, 1752, 3528, 3529, 1753, 1753, 
    3529, 3530, 1754, 1754, 3530, 3531, 1755, 1755, 3531, 3532, 1756, 1756, 
    3532, 3533, 1757, 1757, 3533, 3534, 1758, 1758, 3534, 3535, 1759, 1759, 
    3535, 3536, 1760, 3505, 3521, 3522, 3506, 3506, 3522, 3523, 3507, 3507, 
    3523, 3524, 3508, 3508, 3524, 3525, 3509, 3509, 3525, 3526, 3510, 3510, 
    3526, 3527, 3511, 3511, 3527, 3528, 3512, 3512, 3528, 3529, 3513, 3513, 
    3529, 3530, 3514, 3514, 3530, 3531, 3515, 3515, 3531, 3532, 3516, 3516, 
    3532, 3533, 3517, 3517, 3533, 3534, 3518, 3518, 3534, 3535, 3519, 3519, 
    3535, 3536, 3520, 1745, 1761, 1762, 1746, 1746, 1762, 1763, 1747, 1747, 
    1763, 1764, 1748, 1748, 1764, 1765, 1749, 1749, 1765, 1766, 1750, 1750, 
    1766, 1767, 1751, 1751, 1767, 1768, 1752, 1752, 1768, 1769, 1753, 1753, 
    1769, 1770, 1754, 1754, 1770, 1771, 1755, 1755, 1771, 1772, 1756, 1756, 
    1772, 1773, 1757, 1757, 1773, 1774, 1758, 1758, 1774, 1775, 1759, 1759, 
    1775, 1776, 1760, 1761, 3537, 3538, 1762, 1762, 3538, 3539, 1763, 1763, 
    3539, 3540, 1764, 1764, 3540, 3541, 1765, 1765, 3541, 3542, 1766, 1766, 
    3542, 3543, 1767, 1767, 3543, 3544, 1768, 1768, 3544, 3545, 1769, 1769, 
    3545, 3546, 1770, 1770, 3546, 3547, 1771, 1771, 3547, 3548, 1772, 1772, 
    3548, 3549, 1773, 1773, 3549, 3550, 1774, 1774, 3550, 3551, 1775, 1775, 
    3551, 3552, 1776, 3521, 3537, 3538, 3522, 3522, 3538, 3539, 3523, 3523, 
    3539, 3540, 3524, 3524, 3540, 3541, 3525, 3525, 3541, 3542, 3526, 3526, 
    3542, 3543, 3527, 3527, 3543, 3544, 3528, 3528, 3544, 3545, 3529, 3529, 
    3545, 3546, 3530, 3530, 3546, 3547, 3531, 3531, 3547, 3548, 3532, 3532, 
    3548, 3549, 3533, 3533, 3549, 3550, 3534, 3534, 3550, 3551, 3535, 3535, 
    3551, 3552, 3536 ;

 fbepecnt1 = 4, 4, 4, 4, 4, 4, 4, 4, 4, 4, 4, 4, 4, 4, 4, 4, 4, 4, 4, 4, 4, 
    4, 4, 4, 4, 4, 4, 4, 4, 4, 4, 4, 4, 4, 4, 4, 4, 4, 4, 4, 4, 4, 4, 4, 4, 
    4, 4, 4, 4, 4, 4, 4, 4, 4, 4, 4, 4, 4, 4, 4, 4, 4, 4, 4, 4, 4, 4, 4, 4, 
    4, 4, 4, 4, 4, 4, 4, 4, 4, 4, 4, 4, 4, 4, 4, 4, 4, 4, 4, 4, 4, 4, 4, 4, 
    4, 4, 4, 4, 4, 4, 4, 4, 4, 4, 4, 4, 4, 4, 4, 4, 4, 4, 4, 4, 4, 4, 4, 4, 
    4, 4, 4, 4, 4, 4, 4, 4, 4, 4, 4, 4, 4, 4, 4, 4, 4, 4, 4, 4, 4, 4, 4, 4, 
    4, 4, 4, 4, 4, 4, 4, 4, 4, 4, 4, 4, 4, 4, 4, 4, 4, 4, 4, 4, 4, 4, 4, 4, 
    4, 4, 4, 4, 4, 4, 4, 4, 4, 4, 4, 4, 4, 4, 4, 4, 4, 4, 4, 4, 4, 4, 4, 4, 
    4, 4, 4, 4, 4, 4, 4, 4, 4, 4, 4, 4, 4, 4, 4, 4, 4, 4, 4, 4, 4, 4, 4, 4, 
    4, 4, 4, 4, 4, 4, 4, 4, 4, 4, 4, 4, 4, 4, 4, 4, 4, 4, 4, 4, 4, 4, 4, 4, 
    4, 4, 4, 4, 4, 4, 4, 4, 4, 4, 4, 4, 4, 4, 4, 4, 4, 4, 4, 4, 4, 4, 4, 4, 
    4, 4, 4, 4, 4, 4, 4, 4, 4, 4, 4, 4, 4, 4, 4, 4, 4, 4, 4, 4, 4, 4, 4, 4, 
    4, 4, 4, 4, 4, 4, 4, 4, 4, 4, 4, 4, 4, 4, 4, 4, 4, 4, 4, 4, 4, 4, 4, 4, 
    4, 4, 4, 4, 4, 4, 4, 4, 4, 4, 4, 4, 4, 4, 4, 4, 4, 4, 4, 4, 4, 4, 4, 4, 
    4, 4, 4, 4, 4, 4, 4, 4, 4, 4, 4, 4, 4, 4, 4, 4, 4, 4, 4, 4, 4, 4, 4, 4, 
    4, 4, 4, 4, 4, 4, 4, 4, 4, 4, 4, 4, 4, 4, 4, 4, 4, 4, 4, 4, 4, 4, 4, 4, 
    4, 4, 4, 4, 4, 4, 4, 4, 4, 4, 4, 4, 4, 4, 4, 4, 4, 4, 4, 4, 4, 4, 4, 4, 
    4, 4, 4, 4, 4, 4, 4, 4, 4, 4, 4, 4, 4, 4, 4, 4, 4, 4, 4, 4, 4, 4, 4, 4, 
    4, 4, 4, 4, 4, 4, 4, 4, 4, 4, 4, 4, 4, 4, 4, 4, 4, 4, 4, 4, 4, 4, 4, 4, 
    4, 4, 4, 4, 4, 4, 4, 4, 4, 4, 4, 4, 4, 4, 4, 4, 4, 4, 4, 4, 4, 4, 4, 4, 
    4, 4, 4, 4, 4, 4, 4, 4, 4, 4, 4, 4, 4, 4, 4, 4, 4, 4, 4, 4, 4, 4, 4, 4, 
    4, 4, 4, 4, 4, 4, 4, 4, 4, 4, 4, 4, 4, 4, 4, 4, 4, 4, 4, 4, 4, 4, 4, 4, 
    4, 4, 4, 4, 4, 4, 4, 4, 4, 4, 4, 4, 4, 4, 4, 4, 4, 4, 4, 4, 4, 4, 4, 4, 
    4, 4, 4, 4, 4, 4, 4, 4, 4, 4, 4, 4, 4, 4, 4, 4, 4, 4, 4, 4, 4, 4, 4, 4, 
    4, 4, 4, 4, 4, 4, 4, 4, 4, 4, 4, 4, 4, 4, 4, 4, 4, 4, 4, 4, 4, 4, 4, 4, 
    4, 4, 4, 4, 4, 4, 4, 4, 4, 4, 4, 4, 4, 4, 4, 4, 4, 4, 4, 4, 4, 4, 4, 4, 
    4, 4, 4, 4, 4, 4, 4, 4, 4, 4, 4, 4, 4, 4, 4, 4, 4, 4, 4, 4, 4, 4, 4, 4, 
    4, 4, 4, 4, 4, 4, 4, 4, 4, 4, 4, 4, 4, 4, 4, 4, 4, 4, 4, 4, 4, 4, 4, 4, 
    4, 4, 4, 4, 4, 4, 4, 4, 4, 4, 4, 4, 4, 4, 4, 4, 4, 4, 4, 4, 4, 4, 4, 4, 
    4, 4, 4, 4, 4, 4, 4, 4, 4, 4, 4, 4, 4, 4, 4, 4, 4, 4, 4, 4, 4, 4, 4, 4, 
    4, 4, 4, 4, 4, 4, 4, 4, 4, 4, 4, 4, 4, 4, 4, 4, 4, 4, 4, 4, 4, 4, 4, 4, 
    4, 4, 4, 4, 4, 4, 4, 4, 4, 4, 4, 4, 4, 4, 4, 4, 4, 4, 4, 4, 4, 4, 4, 4, 
    4, 4, 4, 4, 4, 4, 4, 4, 4, 4, 4, 4, 4, 4, 4, 4, 4, 4, 4, 4, 4, 4, 4, 4, 
    4, 4, 4, 4, 4, 4, 4, 4, 4, 4, 4, 4, 4, 4, 4, 4, 4, 4, 4, 4, 4, 4, 4, 4, 
    4, 4, 4, 4, 4, 4, 4, 4, 4, 4, 4, 4, 4, 4, 4, 4, 4, 4, 4, 4, 4, 4, 4, 4, 
    4, 4, 4, 4, 4, 4, 4, 4, 4, 4, 4, 4, 4, 4, 4, 4, 4, 4, 4, 4, 4, 4, 4, 4, 
    4, 4, 4, 4, 4, 4, 4, 4, 4, 4, 4, 4, 4, 4, 4, 4, 4, 4, 4, 4, 4, 4, 4, 4, 
    4, 4, 4, 4, 4, 4, 4, 4, 4, 4, 4, 4, 4, 4, 4, 4, 4, 4, 4, 4, 4, 4, 4, 4, 
    4, 4, 4, 4, 4, 4, 4, 4, 4, 4, 4, 4, 4, 4, 4, 4, 4, 4, 4, 4, 4, 4, 4, 4, 
    4, 4, 4, 4, 4, 4, 4, 4, 4, 4, 4, 4, 4, 4, 4, 4, 4, 4, 4, 4, 4, 4, 4, 4, 
    4, 4, 4, 4, 4, 4, 4, 4, 4, 4, 4, 4, 4, 4, 4, 4, 4, 4, 4, 4, 4, 4, 4, 4, 
    4, 4, 4, 4, 4, 4, 4, 4, 4, 4, 4, 4, 4, 4, 4, 4, 4, 4, 4, 4, 4, 4, 4, 4, 
    4, 4, 4, 4, 4, 4, 4, 4, 4, 4, 4, 4, 4, 4, 4, 4, 4, 4, 4, 4, 4, 4, 4, 4, 
    4, 4, 4, 4, 4, 4, 4, 4, 4, 4, 4, 4, 4, 4, 4, 4, 4, 4, 4, 4, 4, 4, 4, 4, 
    4, 4, 4, 4, 4, 4, 4, 4, 4, 4, 4, 4, 4, 4, 4, 4, 4, 4, 4, 4, 4, 4, 4, 4, 
    4, 4, 4, 4, 4, 4, 4, 4, 4, 4, 4, 4, 4, 4, 4, 4, 4, 4, 4, 4, 4, 4, 4, 4, 
    4, 4, 4, 4, 4, 4, 4, 4, 4, 4, 4, 4, 4, 4, 4, 4, 4, 4, 4, 4, 4, 4, 4, 4, 
    4, 4, 4, 4, 4, 4, 4, 4, 4, 4, 4, 4, 4, 4, 4, 4, 4, 4, 4, 4, 4, 4, 4, 4, 
    4, 4, 4, 4, 4, 4, 4, 4, 4, 4, 4, 4, 4, 4, 4, 4, 4, 4, 4, 4, 4, 4, 4, 4, 
    4, 4, 4, 4, 4, 4, 4, 4, 4, 4, 4, 4, 4, 4, 4, 4, 4, 4, 4, 4, 4, 4, 4, 4, 
    4, 4, 4, 4, 4, 4, 4, 4, 4, 4, 4, 4, 4, 4, 4, 4, 4, 4, 4, 4, 4, 4, 4, 4, 
    4, 4, 4, 4, 4, 4, 4, 4, 4, 4, 4, 4, 4, 4, 4, 4, 4, 4, 4, 4, 4, 4, 4, 4, 
    4, 4, 4, 4, 4, 4, 4, 4, 4, 4, 4, 4, 4, 4, 4, 4, 4, 4, 4, 4, 4, 4, 4, 4, 
    4, 4, 4, 4, 4, 4, 4, 4, 4, 4, 4, 4, 4, 4, 4, 4, 4, 4, 4, 4, 4, 4, 4, 4, 
    4, 4, 4, 4, 4, 4, 4, 4, 4, 4, 4, 4, 4, 4, 4, 4, 4, 4, 4, 4, 4, 4, 4, 4, 
    4, 4, 4, 4, 4, 4, 4, 4, 4, 4, 4, 4, 4, 4, 4, 4, 4, 4, 4, 4, 4, 4, 4, 4, 
    4, 4, 4, 4, 4, 4, 4, 4, 4, 4, 4, 4, 4, 4, 4, 4, 4, 4, 4, 4, 4, 4, 4, 4, 
    4, 4, 4, 4, 4, 4, 4, 4, 4, 4, 4, 4, 4, 4, 4, 4, 4, 4, 4, 4, 4, 4, 4, 4, 
    4, 4, 4, 4, 4, 4, 4, 4, 4, 4, 4, 4, 4, 4, 4, 4, 4, 4, 4, 4, 4, 4, 4, 4, 
    4, 4, 4, 4, 4, 4, 4, 4, 4, 4, 4, 4, 4, 4, 4, 4, 4, 4, 4, 4, 4, 4, 4, 4, 
    4, 4, 4, 4, 4, 4, 4, 4, 4, 4, 4, 4, 4, 4, 4, 4, 4, 4, 4, 4, 4, 4, 4, 4, 
    4, 4, 4, 4, 4, 4, 4, 4, 4, 4, 4, 4, 4, 4, 4, 4, 4, 4, 4, 4, 4, 4, 4, 4, 
    4, 4, 4, 4, 4, 4, 4, 4, 4, 4, 4, 4, 4, 4, 4, 4, 4, 4, 4, 4, 4, 4, 4, 4, 
    4, 4, 4, 4, 4, 4, 4, 4, 4, 4, 4, 4, 4, 4, 4, 4, 4, 4, 4, 4, 4, 4, 4, 4, 
    4, 4, 4, 4, 4, 4, 4, 4, 4, 4, 4, 4, 4, 4, 4, 4, 4, 4, 4, 4, 4, 4, 4, 4, 
    4, 4, 4, 4, 4, 4, 4, 4, 4, 4, 4, 4, 4, 4, 4, 4, 4, 4, 4, 4, 4, 4, 4, 4, 
    4, 4, 4, 4, 4, 4, 4, 4, 4, 4, 4, 4, 4, 4, 4, 4, 4, 4, 4, 4, 4, 4, 4, 4, 
    4, 4, 4, 4, 4, 4, 4, 4, 4, 4, 4, 4, 4, 4, 4, 4, 4, 4, 4, 4, 4, 4, 4, 4, 
    4, 4, 4, 4, 4, 4, 4, 4, 4, 4, 4, 4, 4, 4, 4, 4, 4, 4, 4, 4, 4, 4, 4, 4, 
    4, 4, 4, 4, 4, 4, 4, 4, 4, 4, 4, 4, 4, 4, 4, 4, 4, 4, 4, 4, 4, 4, 4, 4, 
    4, 4, 4, 4, 4, 4, 4, 4, 4, 4, 4, 4, 4, 4, 4, 4, 4, 4, 4, 4, 4, 4, 4, 4, 
    4, 4, 4, 4, 4, 4, 4, 4, 4, 4, 4, 4, 4, 4, 4, 4, 4, 4, 4, 4, 4, 4, 4, 4, 
    4, 4, 4, 4, 4, 4, 4, 4, 4, 4, 4, 4, 4, 4, 4, 4, 4, 4, 4, 4, 4, 4, 4, 4, 
    4, 4, 4, 4, 4, 4, 4, 4, 4, 4, 4, 4, 4, 4, 4, 4, 4, 4, 4, 4, 4, 4, 4, 4, 
    4, 4, 4, 4, 4, 4, 4, 4, 4, 4, 4, 4, 4, 4, 4, 4, 4, 4, 4, 4, 4, 4, 4, 4, 
    4, 4, 4, 4, 4, 4, 4, 4, 4, 4, 4, 4, 4, 4, 4, 4, 4, 4, 4, 4, 4, 4, 4, 4, 
    4, 4, 4, 4, 4, 4, 4, 4, 4, 4, 4, 4, 4, 4, 4, 4, 4, 4, 4, 4, 4, 4, 4, 4, 
    4, 4, 4, 4, 4, 4, 4, 4, 4, 4, 4, 4, 4, 4, 4, 4, 4, 4, 4, 4, 4, 4, 4, 4, 
    4, 4, 4, 4, 4, 4, 4, 4, 4, 4, 4, 4, 4, 4, 4, 4, 4, 4, 4, 4, 4, 4, 4, 4, 
    4, 4, 4, 4, 4, 4, 4, 4, 4, 4, 4, 4, 4, 4, 4, 4, 4, 4, 4, 4, 4, 4, 4, 4, 
    4, 4, 4, 4, 4, 4, 4, 4, 4, 4, 4, 4, 4, 4, 4, 4, 4, 4, 4, 4, 4, 4, 4, 4, 
    4, 4, 4, 4, 4, 4, 4, 4, 4, 4, 4, 4, 4, 4, 4, 4, 4, 4, 4, 4, 4, 4, 4, 4, 
    4, 4, 4, 4, 4, 4, 4, 4, 4, 4, 4, 4, 4, 4, 4, 4, 4, 4, 4, 4, 4, 4, 4, 4, 
    4, 4, 4, 4, 4, 4, 4, 4, 4, 4, 4, 4, 4, 4, 4, 4, 4, 4, 4, 4, 4, 4, 4, 4, 
    4, 4, 4, 4, 4, 4, 4, 4, 4, 4, 4, 4, 4, 4, 4, 4, 4, 4, 4, 4, 4, 4, 4, 4, 
    4, 4, 4, 4, 4, 4, 4, 4, 4, 4, 4, 4, 4, 4, 4, 4, 4, 4, 4, 4, 4, 4, 4, 4, 
    4, 4, 4, 4, 4, 4, 4, 4, 4, 4, 4, 4, 4, 4, 4, 4, 4, 4, 4, 4, 4, 4, 4, 4, 
    4, 4, 4, 4, 4, 4, 4, 4, 4, 4, 4, 4, 4, 4, 4, 4, 4, 4, 4, 4, 4, 4, 4, 4, 
    4, 4, 4, 4, 4, 4, 4, 4, 4, 4, 4, 4, 4, 4, 4, 4, 4, 4, 4, 4, 4, 4, 4, 4, 
    4, 4, 4, 4, 4, 4, 4, 4, 4, 4, 4, 4, 4, 4, 4, 4, 4, 4, 4, 4, 4, 4, 4, 4, 
    4, 4, 4, 4, 4, 4, 4, 4, 4, 4, 4, 4, 4, 4, 4, 4, 4, 4, 4, 4, 4, 4, 4, 4, 
    4, 4, 4, 4, 4, 4, 4, 4, 4, 4, 4, 4, 4, 4, 4, 4, 4, 4, 4, 4, 4, 4, 4, 4, 
    4, 4, 4, 4, 4, 4, 4, 4, 4, 4, 4, 4, 4, 4, 4, 4, 4, 4, 4, 4, 4, 4, 4, 4, 
    4, 4, 4, 4, 4, 4, 4, 4, 4, 4, 4, 4, 4, 4, 4, 4, 4, 4, 4, 4, 4, 4, 4, 4, 
    4, 4, 4, 4, 4, 4, 4, 4, 4, 4, 4, 4, 4, 4, 4, 4, 4, 4, 4, 4, 4, 4, 4, 4, 
    4, 4, 4, 4, 4, 4, 4, 4, 4, 4, 4, 4, 4, 4, 4, 4, 4, 4, 4, 4, 4, 4, 4, 4, 
    4, 4, 4, 4, 4, 4, 4, 4, 4, 4, 4, 4, 4, 4, 4, 4, 4, 4, 4, 4, 4, 4, 4, 4, 
    4, 4, 4, 4, 4, 4, 4, 4, 4, 4, 4, 4, 4, 4, 4, 4, 4, 4, 4, 4, 4, 4, 4, 4, 
    4, 4, 4, 4, 4, 4, 4, 4, 4, 4, 4, 4, 4, 4, 4, 4, 4, 4, 4, 4, 4, 4, 4, 4, 
    4, 4, 4, 4, 4, 4, 4, 4, 4, 4, 4, 4, 4, 4, 4, 4, 4, 4, 4, 4, 4, 4, 4, 4, 
    4, 4, 4, 4, 4, 4, 4, 4, 4, 4, 4, 4, 4, 4, 4, 4, 4, 4, 4, 4, 4, 4, 4, 4, 
    4, 4, 4, 4, 4, 4, 4, 4, 4, 4, 4, 4, 4, 4, 4, 4, 4, 4, 4, 4, 4, 4, 4, 4, 
    4, 4, 4, 4, 4, 4, 4, 4, 4, 4, 4, 4, 4, 4, 4, 4, 4, 4, 4, 4, 4, 4, 4, 4, 
    4, 4, 4, 4, 4, 4, 4, 4, 4, 4, 4, 4, 4, 4, 4, 4, 4, 4, 4, 4, 4, 4, 4, 4, 
    4, 4, 4, 4, 4, 4, 4, 4, 4, 4, 4, 4, 4, 4, 4, 4, 4, 4, 4, 4, 4, 4, 4, 4, 
    4, 4, 4, 4, 4, 4, 4, 4, 4, 4, 4, 4, 4, 4, 4, 4, 4, 4, 4, 4, 4, 4, 4, 4, 
    4, 4, 4, 4, 4, 4, 4, 4, 4, 4, 4, 4, 4, 4, 4, 4, 4, 4, 4, 4, 4, 4, 4, 4, 
    4, 4, 4, 4, 4, 4, 4, 4, 4, 4, 4, 4, 4, 4, 4, 4, 4, 4, 4, 4, 4, 4, 4, 4, 
    4, 4, 4, 4, 4, 4, 4, 4, 4, 4, 4, 4, 4, 4, 4, 4, 4, 4, 4, 4, 4, 4, 4, 4, 
    4, 4, 4, 4, 4, 4, 4, 4, 4, 4, 4, 4, 4, 4, 4, 4, 4, 4, 4, 4, 4, 4, 4, 4, 
    4, 4, 4, 4, 4, 4, 4, 4, 4, 4, 4, 4, 4, 4, 4, 4, 4, 4, 4, 4, 4, 4, 4, 4, 
    4, 4, 4, 4, 4, 4, 4, 4, 4, 4, 4, 4, 4, 4, 4, 4, 4, 4, 4, 4, 4, 4, 4, 4, 
    4, 4, 4, 4, 4, 4, 4, 4, 4, 4, 4, 4, 4, 4, 4, 4, 4, 4, 4, 4, 4, 4, 4, 4, 
    4, 4, 4, 4, 4, 4, 4, 4, 4, 4, 4, 4, 4, 4, 4, 4, 4, 4, 4, 4, 4, 4, 4, 4, 
    4, 4, 4, 4, 4, 4, 4, 4, 4, 4, 4, 4, 4, 4, 4, 4, 4, 4, 4, 4, 4, 4, 4, 4, 
    4, 4, 4, 4, 4, 4, 4, 4, 4, 4, 4, 4, 4, 4, 4, 4, 4, 4, 4, 4, 4, 4, 4, 4, 
    4, 4, 4, 4, 4, 4, 4, 4, 4, 4, 4, 4, 4, 4, 4, 4, 4, 4, 4, 4, 4, 4, 4, 4, 
    4, 4, 4, 4, 4, 4, 4, 4, 4, 4, 4, 4, 4, 4, 4, 4, 4, 4, 4, 4, 4, 4, 4, 4, 
    4, 4, 4, 4, 4, 4, 4, 4, 4, 4, 4, 4, 4, 4, 4, 4, 4, 4, 4, 4, 4, 4, 4, 4, 
    4, 4, 4, 4, 4, 4, 4, 4, 4, 4, 4, 4, 4, 4, 4, 4, 4, 4, 4, 4, 4, 4, 4, 4, 
    4, 4, 4, 4, 4, 4, 4, 4, 4, 4, 4, 4, 4, 4, 4, 4, 4, 4, 4, 4, 4, 4, 4, 4, 
    4, 4, 4, 4, 4, 4, 4, 4, 4, 4, 4, 4, 4, 4, 4, 4, 4, 4, 4, 4, 4, 4, 4, 4, 
    4, 4, 4, 4, 4, 4, 4, 4, 4, 4, 4, 4, 4, 4, 4, 4, 4, 4, 4, 4, 4, 4, 4, 4, 
    4, 4, 4, 4, 4, 4, 4, 4, 4, 4, 4, 4, 4, 4, 4, 4, 4, 4, 4, 4, 4, 4, 4, 4, 
    4, 4, 4, 4, 4, 4, 4, 4, 4, 4, 4, 4, 4, 4, 4, 4, 4, 4, 4, 4, 4, 4, 4, 4, 
    4, 4, 4, 4, 4, 4, 4, 4, 4, 4, 4, 4, 4, 4, 4, 4, 4, 4, 4, 4, 4, 4, 4, 4, 
    4, 4, 4, 4, 4, 4, 4, 4, 4, 4, 4, 4, 4, 4, 4, 4, 4, 4, 4, 4, 4, 4, 4, 4, 
    4, 4, 4, 4, 4, 4, 4, 4, 4, 4, 4, 4, 4, 4, 4, 4, 4, 4, 4, 4, 4, 4, 4, 4, 
    4, 4, 4, 4, 4, 4, 4, 4, 4, 4, 4, 4, 4, 4, 4, 4, 4, 4, 4, 4, 4, 4, 4, 4, 
    4, 4, 4, 4, 4, 4, 4, 4, 4, 4, 4, 4, 4, 4, 4, 4, 4, 4, 4, 4, 4, 4, 4, 4, 
    4, 4, 4, 4, 4, 4, 4, 4, 4, 4, 4, 4, 4, 4, 4, 4, 4, 4, 4, 4, 4, 4, 4, 4, 
    4, 4, 4, 4, 4, 4, 4, 4, 4, 4, 4, 4, 4, 4, 4, 4, 4, 4, 4, 4, 4, 4, 4, 4, 
    4, 4, 4, 4, 4, 4, 4, 4, 4, 4, 4, 4, 4, 4, 4, 4, 4, 4, 4, 4, 4, 4, 4, 4, 
    4, 4, 4, 4, 4, 4, 4, 4, 4, 4, 4, 4, 4, 4, 4, 4, 4, 4, 4, 4, 4, 4, 4, 4, 
    4, 4, 4, 4, 4, 4, 4, 4, 4, 4, 4, 4, 4, 4, 4, 4, 4, 4, 4, 4, 4, 4, 4, 4, 
    4, 4, 4, 4, 4, 4, 4, 4, 4, 4, 4, 4, 4, 4, 4, 4, 4, 4, 4, 4, 4, 4, 4, 4, 
    4, 4, 4, 4, 4, 4, 4, 4, 4, 4, 4, 4, 4, 4, 4, 4, 4, 4, 4, 4, 4, 4, 4, 4, 
    4, 4, 4, 4, 4, 4, 4, 4, 4, 4, 4, 4, 4, 4, 4, 4, 4, 4, 4, 4, 4, 4, 4, 4, 
    4, 4, 4, 4, 4, 4, 4, 4, 4, 4, 4, 4, 4, 4, 4, 4, 4, 4, 4, 4, 4, 4, 4, 4, 
    4, 4, 4, 4, 4, 4, 4, 4, 4, 4, 4, 4, 4, 4, 4, 4, 4, 4, 4, 4, 4, 4, 4, 4, 
    4, 4, 4, 4, 4, 4, 4, 4, 4, 4, 4, 4, 4, 4, 4, 4, 4, 4, 4, 4, 4, 4, 4, 4, 
    4, 4, 4, 4, 4, 4, 4, 4, 4, 4, 4, 4, 4, 4, 4, 4, 4, 4, 4, 4, 4, 4, 4, 4, 
    4, 4, 4, 4, 4, 4, 4, 4, 4, 4, 4, 4, 4, 4, 4, 4, 4, 4, 4, 4, 4, 4, 4, 4, 
    4, 4, 4, 4, 4, 4, 4, 4, 4, 4, 4, 4, 4, 4, 4, 4, 4, 4, 4, 4, 4, 4, 4, 4, 
    4, 4, 4, 4, 4, 4, 4, 4, 4, 4, 4, 4, 4, 4, 4, 4, 4, 4, 4, 4, 4, 4, 4, 4, 
    4, 4, 4, 4, 4, 4, 4, 4, 4, 4, 4, 4, 4, 4, 4, 4, 4, 4, 4, 4, 4, 4, 4, 4, 
    4, 4, 4, 4, 4, 4, 4, 4, 4, 4, 4, 4, 4, 4, 4, 4, 4, 4, 4, 4, 4, 4, 4, 4, 
    4, 4, 4, 4, 4, 4, 4, 4, 4, 4, 4, 4, 4, 4, 4, 4, 4, 4, 4, 4, 4, 4, 4, 4, 
    4, 4, 4, 4, 4, 4, 4, 4, 4, 4, 4, 4, 4, 4, 4, 4, 4, 4, 4, 4, 4, 4, 4, 4, 
    4, 4, 4, 4, 4, 4, 4, 4, 4, 4, 4, 4, 4, 4, 4, 4, 4, 4, 4, 4, 4, 4, 4, 4, 
    4, 4, 4, 4, 4, 4, 4, 4, 4, 4, 4, 4, 4, 4, 4, 4, 4, 4, 4, 4, 4, 4, 4, 4, 
    4, 4, 4, 4, 4, 4, 4, 4, 4, 4, 4, 4, 4, 4, 4, 4, 4, 4, 4, 4, 4, 4, 4, 4, 
    4, 4, 4, 4, 4, 4, 4, 4, 4, 4, 4, 4, 4, 4, 4, 4, 4, 4, 4, 4, 4, 4, 4, 4, 
    4, 4, 4, 4, 4, 4, 4, 4, 4, 4, 4, 4, 4, 4, 4, 4, 4, 4, 4, 4, 4, 4, 4, 4, 
    4, 4, 4, 4, 4, 4, 4, 4, 4, 4, 4, 4, 4, 4, 4, 4, 4, 4, 4, 4, 4, 4, 4, 4, 
    4, 4, 4, 4, 4, 4, 4, 4, 4, 4, 4, 4, 4, 4, 4, 4, 4, 4, 4, 4, 4, 4, 4, 4, 
    4, 4, 4, 4, 4, 4, 4, 4, 4, 4, 4, 4, 4, 4, 4, 4, 4, 4, 4, 4, 4, 4, 4, 4, 
    4, 4, 4, 4, 4, 4, 4, 4, 4, 4, 4, 4, 4, 4, 4, 4, 4, 4, 4, 4, 4, 4, 4, 4, 
    4, 4, 4, 4, 4, 4, 4, 4, 4, 4, 4, 4, 4, 4, 4, 4, 4, 4, 4, 4, 4, 4, 4, 4, 
    4, 4, 4, 4, 4, 4, 4, 4, 4, 4, 4, 4, 4, 4, 4, 4, 4, 4, 4, 4, 4, 4, 4, 4, 
    4, 4, 4, 4, 4, 4, 4, 4, 4, 4, 4, 4, 4, 4, 4, 4, 4, 4, 4, 4, 4, 4, 4, 4, 
    4, 4, 4, 4, 4, 4, 4, 4, 4, 4, 4, 4, 4, 4, 4, 4, 4, 4, 4, 4, 4, 4, 4, 4, 
    4, 4, 4, 4, 4, 4, 4, 4, 4, 4, 4, 4, 4, 4, 4, 4, 4, 4, 4, 4, 4, 4, 4, 4, 
    4, 4, 4, 4, 4, 4, 4, 4, 4, 4, 4, 4, 4, 4, 4, 4, 4, 4, 4, 4, 4, 4, 4, 4, 
    4, 4, 4, 4, 4, 4, 4, 4, 4, 4, 4, 4, 4, 4, 4, 4, 4, 4, 4, 4, 4, 4, 4, 4, 
    4, 4, 4, 4, 4, 4, 4, 4, 4, 4, 4, 4, 4, 4, 4, 4, 4, 4, 4, 4, 4, 4, 4, 4, 
    4, 4, 4, 4, 4, 4, 4, 4, 4, 4, 4, 4, 4, 4, 4, 4, 4, 4, 4, 4, 4, 4, 4, 4, 
    4, 4, 4, 4, 4, 4, 4, 4, 4, 4, 4, 4, 4, 4, 4, 4, 4, 4, 4, 4, 4, 4, 4, 4, 
    4, 4, 4, 4, 4, 4, 4, 4, 4, 4, 4, 4, 4, 4, 4, 4, 4, 4, 4, 4, 4, 4, 4, 4, 
    4, 4, 4, 4, 4, 4, 4, 4, 4, 4, 4, 4, 4, 4, 4, 4, 4, 4, 4, 4, 4, 4, 4, 4, 
    4, 4, 4, 4, 4, 4, 4, 4, 4, 4, 4, 4, 4, 4, 4, 4, 4, 4, 4, 4, 4, 4, 4, 4, 
    4, 4, 4, 4, 4, 4, 4, 4, 4, 4, 4, 4, 4, 4, 4, 4, 4, 4, 4, 4, 4, 4, 4, 4, 
    4, 4, 4, 4, 4, 4, 4, 4, 4, 4, 4, 4, 4, 4, 4, 4, 4, 4, 4, 4, 4, 4, 4, 4, 
    4, 4, 4, 4, 4, 4, 4, 4, 4, 4, 4, 4, 4, 4, 4, 4, 4, 4, 4, 4, 4, 4, 4, 4, 
    4, 4, 4, 4, 4, 4, 4, 4, 4, 4, 4, 4, 4, 4, 4, 4, 4, 4, 4, 4, 4, 4, 4, 4, 
    4, 4, 4, 4, 4, 4, 4, 4, 4, 4, 4, 4, 4, 4, 4, 4, 4, 4, 4, 4, 4, 4, 4, 4, 
    4, 4, 4, 4, 4, 4, 4, 4, 4, 4, 4, 4, 4, 4, 4, 4, 4, 4, 4, 4, 4, 4, 4, 4, 
    4, 4, 4, 4, 4, 4, 4, 4, 4, 4, 4, 4, 4, 4, 4, 4, 4, 4, 4, 4, 4, 4, 4, 4, 
    4, 4, 4, 4, 4, 4, 4, 4, 4, 4, 4, 4, 4, 4, 4, 4, 4, 4, 4, 4, 4, 4, 4, 4, 
    4, 4, 4, 4, 4, 4, 4, 4, 4, 4, 4, 4, 4, 4, 4, 4, 4, 4, 4, 4, 4, 4, 4, 4, 
    4, 4, 4, 4, 4, 4, 4, 4, 4, 4, 4, 4, 4, 4, 4, 4, 4, 4, 4, 4, 4, 4, 4, 4, 
    4, 4, 4, 4, 4, 4, 4, 4, 4, 4, 4, 4, 4, 4, 4, 4, 4, 4, 4, 4, 4, 4, 4, 4, 
    4, 4, 4, 4, 4, 4, 4, 4, 4, 4, 4, 4, 4, 4, 4, 4, 4, 4, 4, 4, 4, 4, 4, 4, 
    4, 4, 4, 4, 4, 4, 4, 4, 4, 4, 4, 4, 4, 4, 4, 4, 4, 4, 4, 4, 4, 4, 4, 4, 
    4, 4, 4, 4, 4, 4, 4, 4, 4, 4, 4, 4, 4, 4, 4, 4, 4, 4, 4, 4, 4, 4, 4, 4, 
    4, 4, 4, 4, 4, 4, 4, 4, 4, 4, 4, 4, 4, 4, 4, 4, 4, 4, 4, 4, 4, 4, 4, 4, 
    4, 4, 4, 4, 4, 4, 4, 4, 4, 4, 4, 4, 4, 4, 4, 4, 4, 4, 4, 4, 4, 4, 4, 4, 
    4, 4, 4, 4, 4, 4, 4, 4, 4, 4, 4, 4, 4, 4, 4, 4, 4, 4, 4, 4, 4, 4, 4, 4, 
    4, 4, 4, 4, 4, 4, 4, 4, 4, 4, 4, 4, 4, 4, 4, 4, 4, 4, 4, 4, 4, 4, 4, 4, 
    4, 4, 4, 4, 4, 4, 4, 4, 4, 4, 4, 4, 4, 4, 4, 4, 4, 4, 4, 4, 4, 4, 4, 4, 
    4, 4, 4, 4, 4, 4, 4, 4, 4, 4, 4, 4, 4, 4, 4, 4, 4, 4, 4, 4, 4, 4, 4, 4, 
    4, 4, 4, 4, 4, 4, 4, 4, 4, 4, 4, 4, 4, 4, 4, 4, 4, 4, 4, 4, 4, 4, 4, 4, 
    4, 4, 4, 4, 4, 4, 4, 4, 4, 4, 4, 4, 4, 4, 4, 4, 4, 4, 4, 4, 4, 4, 4, 4, 
    4, 4, 4, 4, 4, 4, 4, 4, 4, 4, 4, 4, 4, 4, 4, 4, 4, 4, 4, 4, 4, 4, 4, 4, 
    4, 4, 4, 4, 4, 4, 4, 4, 4, 4, 4, 4, 4, 4, 4, 4, 4, 4, 4, 4, 4, 4, 4, 4, 
    4, 4, 4, 4, 4, 4, 4, 4, 4, 4, 4, 4, 4, 4, 4, 4, 4, 4, 4, 4, 4, 4, 4, 4, 
    4, 4, 4, 4, 4, 4, 4, 4, 4, 4, 4, 4, 4, 4, 4, 4, 4, 4, 4, 4, 4, 4, 4, 4, 
    4, 4, 4, 4, 4, 4, 4, 4, 4, 4, 4, 4, 4, 4, 4, 4, 4, 4, 4, 4, 4, 4, 4, 4, 
    4, 4, 4, 4, 4, 4, 4, 4, 4, 4, 4, 4, 4, 4, 4, 4, 4, 4, 4, 4, 4, 4, 4, 4, 
    4, 4, 4, 4, 4, 4, 4, 4, 4, 4, 4, 4, 4, 4, 4, 4, 4, 4, 4, 4, 4, 4, 4, 4, 
    4, 4, 4, 4, 4, 4, 4, 4, 4, 4, 4, 4, 4, 4, 4, 4, 4, 4, 4, 4, 4, 4, 4, 4, 
    4, 4, 4, 4, 4, 4, 4, 4, 4, 4, 4, 4, 4, 4, 4, 4, 4, 4, 4, 4, 4, 4, 4, 4, 
    4, 4, 4, 4, 4, 4, 4, 4, 4, 4, 4, 4, 4, 4, 4, 4, 4, 4, 4, 4, 4, 4, 4, 4, 
    4, 4, 4, 4, 4, 4, 4, 4, 4, 4, 4, 4, 4, 4, 4, 4, 4, 4, 4, 4, 4, 4, 4, 4, 
    4, 4, 4, 4, 4, 4, 4, 4, 4, 4, 4, 4, 4, 4, 4, 4, 4, 4, 4, 4, 4, 4, 4, 4, 
    4, 4, 4, 4, 4, 4, 4, 4, 4, 4, 4, 4, 4, 4, 4, 4, 4, 4, 4, 4, 4, 4, 4, 4, 
    4, 4, 4, 4, 4, 4, 4, 4, 4, 4, 4, 4, 4, 4, 4, 4, 4, 4, 4, 4, 4, 4, 4, 4, 
    4, 4, 4, 4, 4, 4, 4, 4, 4, 4, 4, 4, 4, 4, 4, 4, 4, 4, 4, 4, 4, 4, 4, 4, 
    4, 4, 4, 4, 4, 4, 4, 4, 4, 4, 4, 4, 4, 4, 4, 4, 4, 4, 4, 4, 4, 4, 4, 4, 
    4, 4, 4, 4, 4, 4, 4, 4, 4, 4, 4, 4, 4, 4, 4, 4, 4, 4, 4, 4, 4, 4, 4, 4, 
    4, 4, 4, 4, 4, 4, 4, 4, 4, 4, 4, 4, 4, 4, 4, 4, 4, 4, 4, 4, 4, 4, 4, 4, 
    4, 4, 4, 4, 4, 4, 4, 4, 4, 4, 4, 4, 4, 4, 4, 4, 4, 4, 4, 4, 4, 4, 4, 4, 
    4, 4, 4, 4, 4, 4, 4, 4, 4, 4, 4, 4, 4, 4, 4, 4, 4, 4, 4, 4, 4, 4, 4, 4, 
    4, 4, 4, 4, 4, 4, 4, 4, 4, 4, 4, 4, 4, 4, 4, 4, 4, 4, 4, 4, 4, 4, 4, 4, 
    4, 4, 4, 4, 4, 4, 4, 4, 4, 4, 4, 4, 4, 4, 4, 4, 4, 4, 4, 4, 4, 4, 4, 4, 
    4, 4, 4, 4, 4, 4, 4, 4, 4, 4, 4, 4, 4, 4, 4, 4, 4, 4, 4, 4, 4, 4, 4, 4, 
    4, 4, 4, 4, 4, 4, 4, 4, 4, 4, 4, 4, 4, 4, 4, 4, 4, 4, 4, 4, 4, 4, 4, 4, 
    4, 4, 4, 4, 4, 4, 4, 4, 4, 4, 4, 4, 4, 4, 4, 4, 4, 4, 4, 4, 4, 4, 4, 4, 
    4, 4, 4, 4, 4, 4, 4, 4, 4, 4, 4, 4, 4, 4, 4, 4, 4, 4, 4, 4, 4, 4, 4, 4, 
    4, 4, 4, 4, 4, 4, 4, 4, 4, 4, 4, 4, 4, 4, 4, 4, 4, 4, 4, 4, 4, 4, 4, 4, 
    4, 4, 4, 4, 4, 4, 4, 4, 4, 4, 4, 4, 4, 4, 4, 4, 4, 4, 4, 4, 4, 4, 4, 4, 
    4, 4, 4, 4, 4, 4, 4, 4, 4, 4, 4, 4, 4, 4, 4, 4, 4, 4, 4, 4, 4, 4, 4, 4, 
    4, 4, 4, 4, 4, 4, 4, 4, 4, 4, 4, 4, 4, 4, 4, 4, 4, 4, 4, 4, 4, 4, 4, 4, 
    4, 4, 4, 4, 4, 4, 4, 4, 4, 4, 4, 4, 4, 4, 4, 4, 4, 4, 4, 4, 4, 4, 4, 4, 
    4, 4, 4, 4, 4, 4, 4, 4, 4, 4, 4, 4, 4, 4, 4, 4, 4, 4, 4, 4, 4, 4, 4, 4, 
    4, 4, 4, 4, 4, 4, 4, 4, 4, 4, 4, 4, 4, 4, 4, 4, 4, 4, 4, 4, 4, 4, 4, 4, 
    4, 4, 4, 4, 4, 4, 4, 4, 4, 4, 4, 4, 4, 4, 4, 4, 4, 4, 4, 4, 4, 4, 4, 4, 
    4, 4, 4, 4, 4, 4, 4, 4, 4, 4, 4, 4, 4, 4, 4, 4, 4, 4, 4, 4, 4, 4, 4, 4, 
    4, 4, 4, 4, 4, 4, 4, 4, 4, 4, 4, 4, 4, 4, 4, 4, 4, 4, 4, 4, 4, 4, 4, 4, 
    4, 4, 4, 4, 4, 4, 4, 4, 4, 4, 4, 4, 4, 4, 4, 4, 4, 4, 4, 4, 4, 4, 4, 4, 
    4, 4, 4, 4, 4, 4, 4, 4, 4, 4, 4, 4, 4, 4, 4, 4, 4, 4, 4, 4, 4, 4, 4, 4, 
    4, 4, 4, 4, 4, 4, 4, 4, 4, 4, 4, 4, 4, 4, 4, 4, 4, 4, 4, 4, 4, 4, 4, 4, 
    4, 4, 4, 4, 4, 4, 4, 4, 4, 4, 4, 4, 4, 4, 4, 4, 4, 4, 4, 4, 4, 4, 4, 4, 
    4, 4, 4, 4, 4, 4, 4, 4, 4, 4, 4, 4, 4, 4, 4, 4, 4, 4, 4, 4, 4, 4, 4, 4, 
    4, 4, 4, 4, 4, 4, 4, 4, 4, 4, 4, 4, 4, 4, 4, 4, 4, 4, 4, 4, 4, 4, 4, 4, 
    4, 4, 4, 4, 4, 4, 4, 4, 4, 4, 4, 4, 4, 4, 4, 4, 4, 4, 4, 4, 4, 4, 4, 4, 
    4, 4, 4, 4, 4, 4, 4, 4, 4, 4, 4, 4, 4, 4, 4, 4, 4, 4, 4, 4, 4, 4, 4, 4, 
    4, 4, 4, 4, 4, 4, 4, 4, 4, 4, 4, 4, 4, 4, 4, 4, 4, 4, 4, 4, 4, 4, 4, 4, 
    4, 4, 4, 4, 4, 4, 4, 4, 4, 4, 4, 4, 4, 4, 4, 4, 4, 4, 4, 4, 4, 4, 4, 4, 
    4, 4, 4, 4, 4, 4, 4, 4, 4, 4, 4, 4, 4, 4, 4, 4, 4, 4, 4, 4, 4, 4, 4, 4, 
    4, 4, 4, 4, 4, 4, 4, 4, 4, 4, 4, 4, 4, 4, 4, 4, 4, 4, 4, 4, 4, 4, 4, 4, 
    4, 4, 4, 4, 4, 4, 4, 4, 4, 4, 4, 4, 4, 4, 4, 4, 4, 4, 4, 4, 4, 4, 4, 4, 
    4, 4, 4, 4, 4, 4, 4, 4, 4, 4, 4, 4, 4, 4, 4, 4, 4, 4, 4, 4, 4, 4, 4, 4, 
    4, 4, 4, 4, 4, 4, 4, 4, 4, 4, 4, 4, 4, 4, 4, 4, 4, 4, 4, 4, 4, 4, 4, 4, 
    4, 4, 4, 4, 4, 4, 4, 4, 4, 4, 4, 4, 4, 4, 4, 4, 4, 4, 4, 4, 4, 4, 4, 4, 
    4, 4, 4, 4, 4, 4, 4, 4, 4, 4, 4, 4, 4, 4, 4, 4, 4, 4, 4, 4, 4, 4, 4, 4, 
    4, 4, 4, 4, 4, 4, 4, 4, 4, 4, 4, 4, 4, 4, 4, 4, 4, 4, 4, 4, 4, 4, 4, 4, 
    4, 4, 4, 4, 4, 4, 4, 4, 4, 4, 4, 4, 4, 4, 4, 4, 4, 4, 4, 4, 4, 4, 4, 4, 
    4, 4, 4, 4, 4, 4, 4, 4, 4, 4, 4, 4, 4, 4, 4, 4, 4, 4, 4, 4, 4, 4, 4, 4, 
    4, 4, 4, 4, 4, 4, 4, 4, 4, 4, 4, 4, 4, 4, 4, 4, 4, 4, 4, 4, 4, 4, 4, 4, 
    4, 4, 4, 4, 4, 4, 4, 4, 4, 4, 4, 4, 4, 4, 4, 4, 4, 4, 4, 4, 4, 4, 4, 4, 
    4, 4, 4, 4, 4, 4, 4, 4, 4, 4, 4, 4, 4, 4, 4, 4, 4, 4, 4, 4, 4, 4, 4, 4, 
    4, 4, 4, 4, 4, 4, 4, 4, 4, 4, 4, 4, 4, 4, 4, 4, 4, 4, 4, 4, 4, 4, 4, 4, 
    4, 4, 4, 4, 4, 4, 4, 4, 4, 4, 4, 4, 4, 4, 4, 4, 4, 4, 4, 4, 4, 4, 4, 4, 
    4, 4, 4, 4, 4, 4, 4, 4, 4, 4, 4, 4, 4, 4, 4, 4, 4, 4, 4, 4, 4, 4, 4, 4, 
    4, 4, 4, 4, 4, 4, 4, 4, 4, 4, 4, 4, 4, 4, 4, 4, 4, 4, 4, 4, 4, 4, 4, 4, 
    4, 4, 4, 4, 4, 4, 4, 4, 4, 4, 4, 4, 4, 4, 4, 4, 4, 4, 4, 4, 4, 4, 4, 4, 
    4, 4, 4, 4, 4, 4, 4, 4, 4, 4, 4, 4, 4, 4, 4, 4, 4, 4, 4, 4, 4, 4, 4, 4, 
    4, 4, 4, 4, 4, 4, 4, 4, 4, 4, 4, 4, 4, 4, 4, 4, 4, 4, 4, 4, 4, 4, 4, 4, 
    4, 4, 4, 4, 4, 4, 4, 4, 4, 4, 4, 4, 4, 4, 4, 4, 4, 4, 4, 4, 4, 4, 4, 4, 
    4, 4, 4, 4, 4, 4, 4, 4, 4, 4, 4, 4, 4, 4, 4, 4, 4, 4, 4, 4, 4, 4, 4, 4, 
    4, 4, 4, 4, 4, 4, 4, 4, 4, 4, 4, 4, 4, 4, 4, 4, 4, 4, 4, 4, 4, 4, 4, 4, 
    4, 4, 4, 4, 4, 4, 4, 4, 4, 4, 4, 4, 4, 4, 4, 4, 4, 4, 4, 4, 4, 4, 4, 4, 
    4, 4, 4, 4, 4, 4, 4, 4, 4, 4, 4, 4, 4, 4, 4, 4, 4, 4, 4, 4, 4, 4, 4, 4, 
    4, 4, 4, 4, 4, 4, 4, 4, 4, 4, 4, 4, 4, 4, 4, 4, 4, 4, 4, 4, 4, 4, 4, 4, 
    4, 4, 4, 4, 4, 4, 4, 4, 4, 4, 4, 4, 4, 4, 4, 4, 4, 4, 4, 4, 4, 4, 4, 4, 
    4, 4, 4, 4, 4, 4, 4, 4, 4, 4, 4, 4, 4, 4, 4, 4, 4, 4, 4, 4, 4, 4, 4, 4, 
    4, 4, 4, 4, 4, 4, 4, 4, 4, 4, 4, 4, 4, 4, 4, 4, 4, 4, 4, 4, 4, 4, 4, 4, 
    4, 4, 4, 4, 4, 4, 4, 4, 4, 4, 4, 4, 4, 4, 4, 4, 4, 4, 4, 4, 4, 4, 4, 4, 
    4, 4, 4, 4, 4, 4, 4, 4, 4, 4, 4, 4, 4, 4, 4, 4, 4, 4, 4, 4, 4, 4, 4, 4, 
    4, 4, 4, 4, 4, 4, 4, 4, 4, 4, 4, 4, 4, 4, 4, 4, 4, 4, 4, 4, 4, 4, 4, 4, 
    4, 4, 4, 4, 4, 4, 4, 4, 4, 4, 4, 4, 4, 4, 4, 4, 4, 4, 4, 4, 4, 4, 4, 4, 
    4, 4, 4, 4, 4, 4, 4, 4, 4, 4, 4, 4, 4, 4, 4, 4, 4, 4, 4, 4, 4, 4, 4, 4, 
    4, 4, 4, 4, 4, 4, 4, 4, 4, 4, 4, 4, 4, 4, 4, 4, 4, 4, 4, 4, 4, 4, 4, 4, 
    4, 4, 4, 4, 4, 4, 4, 4, 4, 4, 4, 4, 4, 4, 4, 4, 4, 4, 4, 4, 4, 4, 4, 4, 
    4, 4, 4, 4, 4, 4, 4, 4, 4, 4, 4, 4, 4, 4, 4, 4, 4, 4, 4, 4, 4, 4, 4, 4, 
    4, 4, 4, 4, 4, 4, 4, 4, 4, 4, 4, 4, 4, 4, 4, 4, 4, 4, 4, 4, 4, 4, 4, 4, 
    4, 4, 4, 4, 4, 4, 4, 4, 4, 4, 4, 4, 4, 4, 4, 4, 4, 4, 4, 4, 4, 4, 4, 4, 
    4, 4, 4, 4, 4, 4, 4, 4, 4, 4, 4, 4, 4, 4, 4, 4, 4, 4, 4, 4, 4, 4, 4, 4, 
    4, 4, 4, 4, 4, 4, 4, 4, 4, 4, 4, 4, 4, 4, 4, 4, 4, 4, 4, 4, 4, 4, 4, 4, 
    4, 4, 4, 4, 4, 4, 4, 4 ;

 facconn1 = 1, 2, 1761, 1776, 1791, 1806, 17, 18, 1821, 1836, 1851, 1776, 33, 
    34, 1866, 1881, 1896, 1836, 49, 50, 1911, 1926, 1941, 1881, 65, 66, 1956, 
    1971, 1986, 1926, 81, 82, 2001, 2016, 2031, 1971, 97, 98, 2046, 2061, 
    2076, 2016, 113, 114, 2091, 2106, 2121, 2061, 129, 130, 2136, 2151, 2166, 
    2106, 145, 146, 2181, 2196, 2211, 2151, 161, 162, 2226, 2241, 2256, 2196, 
    177, 178, 2271, 2286, 2301, 2241, 193, 194, 2316, 2331, 2346, 2286, 209, 
    210, 2361, 2376, 2391, 2331, 225, 226, 2406, 2421, 2436, 2376, 241, 242, 
    2451, 2466, 2481, 2421, 257, 258, 2496, 2511, 2526, 2466, 273, 274, 2541, 
    2556, 2571, 2511, 289, 290, 2586, 2601, 2616, 2556, 305, 306, 2631, 2646, 
    2661, 2601, 321, 322, 2676, 2691, 2706, 2646, 337, 338, 2721, 2736, 2751, 
    2691, 353, 354, 2766, 2781, 2796, 2736, 369, 370, 2811, 2826, 2841, 2781, 
    385, 386, 2856, 2871, 2886, 2826, 401, 402, 2901, 2916, 2931, 2871, 417, 
    418, 2946, 2961, 2976, 2916, 433, 434, 2991, 3006, 3021, 2961, 449, 450, 
    3036, 3051, 3066, 3006, 465, 466, 3081, 3096, 3111, 3051, 481, 482, 3126, 
    3141, 3156, 3096, 497, 498, 3171, 3186, 3201, 3141, 513, 514, 3216, 3231, 
    3246, 3186, 529, 530, 3261, 3276, 3291, 3231, 545, 546, 3306, 3321, 3336, 
    3276, 561, 562, 3351, 3366, 3381, 3321, 577, 578, 3396, 3411, 3426, 3366, 
    593, 594, 3441, 3456, 3471, 3411, 609, 610, 3486, 3501, 3516, 3456, 625, 
    626, 3531, 3546, 3561, 3501, 641, 642, 3576, 3591, 3606, 3546, 657, 658, 
    3621, 3636, 3651, 3591, 673, 674, 3666, 3681, 3696, 3636, 689, 690, 3711, 
    3726, 3741, 3681, 705, 706, 3756, 3771, 3786, 3726, 721, 722, 3801, 3816, 
    3831, 3771, 737, 738, 3846, 3861, 3876, 3816, 753, 754, 3891, 3906, 3921, 
    3861, 769, 770, 3936, 3951, 3966, 3906, 785, 786, 3981, 3996, 4011, 3951, 
    801, 802, 4026, 4041, 4056, 3996, 817, 818, 4071, 4086, 4101, 4041, 833, 
    834, 4116, 4131, 4146, 4086, 849, 850, 4161, 4176, 4191, 4131, 865, 866, 
    4206, 4221, 4236, 4176, 881, 882, 4251, 4266, 4281, 4221, 897, 898, 4296, 
    4311, 4326, 4266, 913, 914, 4341, 4356, 4371, 4311, 929, 930, 4386, 4401, 
    4416, 4356, 945, 946, 4431, 4446, 4461, 4401, 961, 962, 4476, 4491, 4506, 
    4446, 977, 978, 4521, 4536, 4551, 4491, 993, 994, 4566, 4581, 4596, 4536, 
    1009, 1010, 4611, 4626, 4641, 4581, 1025, 1026, 4656, 4671, 4686, 4626, 
    1041, 1042, 4701, 4716, 4731, 4671, 1057, 1058, 4746, 4761, 4776, 4716, 
    1073, 1074, 4791, 4806, 4821, 4761, 1089, 1090, 4836, 4851, 4866, 4806, 
    1105, 1106, 4881, 4896, 4911, 4851, 1121, 1122, 4926, 4941, 4956, 4896, 
    1137, 1138, 4971, 4986, 5001, 4941, 1153, 1154, 5016, 5031, 5046, 4986, 
    1169, 1170, 5061, 5076, 5091, 5031, 1185, 1186, 5106, 5121, 5136, 5076, 
    1201, 1202, 5151, 5166, 5181, 5121, 1217, 1218, 5196, 5211, 5226, 5166, 
    1233, 1234, 5241, 5256, 5271, 5211, 1249, 1250, 5286, 5301, 5316, 5256, 
    1265, 1266, 5331, 5346, 5361, 5301, 1281, 1282, 5376, 5391, 5406, 5346, 
    1297, 1298, 5421, 5436, 5451, 5391, 1313, 1314, 5466, 5481, 5496, 5436, 
    1329, 1330, 5511, 5526, 5541, 5481, 1345, 1346, 5556, 5571, 5586, 5526, 
    1361, 1362, 5601, 5616, 5631, 5571, 1377, 1378, 5646, 5661, 5676, 5616, 
    1393, 1394, 5691, 5706, 5721, 5661, 1409, 1410, 5736, 5751, 5766, 5706, 
    1425, 1426, 5781, 5796, 5811, 5751, 1441, 1442, 5826, 5841, 5856, 5796, 
    1457, 1458, 5871, 5886, 5901, 5841, 1473, 1474, 5916, 5931, 5946, 5886, 
    1489, 1490, 5961, 5976, 5991, 5931, 1505, 1506, 6006, 6021, 6036, 5976, 
    1521, 1522, 6051, 6066, 6081, 6021, 1537, 1538, 6096, 6111, 6126, 6066, 
    1553, 1554, 6141, 6156, 6171, 6111, 1569, 1570, 6186, 6201, 6216, 6156, 
    1585, 1586, 6231, 6246, 6261, 6201, 1601, 1602, 6276, 6291, 6306, 6246, 
    1617, 1618, 6321, 6336, 6351, 6291, 1633, 1634, 6366, 6381, 6396, 6336, 
    1649, 1650, 6411, 6426, 6441, 6381, 1665, 1666, 6456, 6471, 6486, 6426, 
    1681, 1682, 6501, 6516, 6531, 6471, 1697, 1698, 6546, 6561, 6576, 6516, 
    1713, 1714, 6591, 6606, 6621, 6561, 1729, 1730, 6636, 6651, 6666, 6606, 
    1745, 1746, 6681, 6696, 6711, 6651 ;

 ebepecnt1 = 6, 6, 6, 6, 6, 6, 6, 6, 6, 6, 6, 6, 6, 6, 6, 6, 6, 6, 6, 6, 6, 
    6, 6, 6, 6, 6, 6, 6, 6, 6, 6, 6, 6, 6, 6, 6, 6, 6, 6, 6, 6, 6, 6, 6, 6, 
    6, 6, 6, 6, 6, 6, 6, 6, 6, 6, 6, 6, 6, 6, 6, 6, 6, 6, 6, 6, 6, 6, 6, 6, 
    6, 6, 6, 6, 6, 6, 6, 6, 6, 6, 6, 6, 6, 6, 6, 6, 6, 6, 6, 6, 6, 6, 6, 6, 
    6, 6, 6, 6, 6, 6, 6, 6, 6, 6, 6, 6, 6, 6, 6, 6, 6 ;

 facconn2 = 2, 3, 1762, 1777, 1792, 1807, 18, 19, 1822, 1837, 1852, 1777, 34, 
    35, 1867, 1882, 1897, 1837, 50, 51, 1912, 1927, 1942, 1882, 66, 67, 1957, 
    1972, 1987, 1927, 82, 83, 2002, 2017, 2032, 1972, 98, 99, 2047, 2062, 
    2077, 2017, 114, 115, 2092, 2107, 2122, 2062, 130, 131, 2137, 2152, 2167, 
    2107, 146, 147, 2182, 2197, 2212, 2152, 162, 163, 2227, 2242, 2257, 2197, 
    178, 179, 2272, 2287, 2302, 2242, 194, 195, 2317, 2332, 2347, 2287, 210, 
    211, 2362, 2377, 2392, 2332, 226, 227, 2407, 2422, 2437, 2377, 242, 243, 
    2452, 2467, 2482, 2422, 258, 259, 2497, 2512, 2527, 2467, 274, 275, 2542, 
    2557, 2572, 2512, 290, 291, 2587, 2602, 2617, 2557, 306, 307, 2632, 2647, 
    2662, 2602, 322, 323, 2677, 2692, 2707, 2647, 338, 339, 2722, 2737, 2752, 
    2692, 354, 355, 2767, 2782, 2797, 2737, 370, 371, 2812, 2827, 2842, 2782, 
    386, 387, 2857, 2872, 2887, 2827, 402, 403, 2902, 2917, 2932, 2872, 418, 
    419, 2947, 2962, 2977, 2917, 434, 435, 2992, 3007, 3022, 2962, 450, 451, 
    3037, 3052, 3067, 3007, 466, 467, 3082, 3097, 3112, 3052, 482, 483, 3127, 
    3142, 3157, 3097, 498, 499, 3172, 3187, 3202, 3142, 514, 515, 3217, 3232, 
    3247, 3187, 530, 531, 3262, 3277, 3292, 3232, 546, 547, 3307, 3322, 3337, 
    3277, 562, 563, 3352, 3367, 3382, 3322, 578, 579, 3397, 3412, 3427, 3367, 
    594, 595, 3442, 3457, 3472, 3412, 610, 611, 3487, 3502, 3517, 3457, 626, 
    627, 3532, 3547, 3562, 3502, 642, 643, 3577, 3592, 3607, 3547, 658, 659, 
    3622, 3637, 3652, 3592, 674, 675, 3667, 3682, 3697, 3637, 690, 691, 3712, 
    3727, 3742, 3682, 706, 707, 3757, 3772, 3787, 3727, 722, 723, 3802, 3817, 
    3832, 3772, 738, 739, 3847, 3862, 3877, 3817, 754, 755, 3892, 3907, 3922, 
    3862, 770, 771, 3937, 3952, 3967, 3907, 786, 787, 3982, 3997, 4012, 3952, 
    802, 803, 4027, 4042, 4057, 3997, 818, 819, 4072, 4087, 4102, 4042, 834, 
    835, 4117, 4132, 4147, 4087, 850, 851, 4162, 4177, 4192, 4132, 866, 867, 
    4207, 4222, 4237, 4177, 882, 883, 4252, 4267, 4282, 4222, 898, 899, 4297, 
    4312, 4327, 4267, 914, 915, 4342, 4357, 4372, 4312, 930, 931, 4387, 4402, 
    4417, 4357, 946, 947, 4432, 4447, 4462, 4402, 962, 963, 4477, 4492, 4507, 
    4447, 978, 979, 4522, 4537, 4552, 4492, 994, 995, 4567, 4582, 4597, 4537, 
    1010, 1011, 4612, 4627, 4642, 4582, 1026, 1027, 4657, 4672, 4687, 4627, 
    1042, 1043, 4702, 4717, 4732, 4672, 1058, 1059, 4747, 4762, 4777, 4717, 
    1074, 1075, 4792, 4807, 4822, 4762, 1090, 1091, 4837, 4852, 4867, 4807, 
    1106, 1107, 4882, 4897, 4912, 4852, 1122, 1123, 4927, 4942, 4957, 4897, 
    1138, 1139, 4972, 4987, 5002, 4942, 1154, 1155, 5017, 5032, 5047, 4987, 
    1170, 1171, 5062, 5077, 5092, 5032, 1186, 1187, 5107, 5122, 5137, 5077, 
    1202, 1203, 5152, 5167, 5182, 5122, 1218, 1219, 5197, 5212, 5227, 5167, 
    1234, 1235, 5242, 5257, 5272, 5212, 1250, 1251, 5287, 5302, 5317, 5257, 
    1266, 1267, 5332, 5347, 5362, 5302, 1282, 1283, 5377, 5392, 5407, 5347, 
    1298, 1299, 5422, 5437, 5452, 5392, 1314, 1315, 5467, 5482, 5497, 5437, 
    1330, 1331, 5512, 5527, 5542, 5482, 1346, 1347, 5557, 5572, 5587, 5527, 
    1362, 1363, 5602, 5617, 5632, 5572, 1378, 1379, 5647, 5662, 5677, 5617, 
    1394, 1395, 5692, 5707, 5722, 5662, 1410, 1411, 5737, 5752, 5767, 5707, 
    1426, 1427, 5782, 5797, 5812, 5752, 1442, 1443, 5827, 5842, 5857, 5797, 
    1458, 1459, 5872, 5887, 5902, 5842, 1474, 1475, 5917, 5932, 5947, 5887, 
    1490, 1491, 5962, 5977, 5992, 5932, 1506, 1507, 6007, 6022, 6037, 5977, 
    1522, 1523, 6052, 6067, 6082, 6022, 1538, 1539, 6097, 6112, 6127, 6067, 
    1554, 1555, 6142, 6157, 6172, 6112, 1570, 1571, 6187, 6202, 6217, 6157, 
    1586, 1587, 6232, 6247, 6262, 6202, 1602, 1603, 6277, 6292, 6307, 6247, 
    1618, 1619, 6322, 6337, 6352, 6292, 1634, 1635, 6367, 6382, 6397, 6337, 
    1650, 1651, 6412, 6427, 6442, 6382, 1666, 1667, 6457, 6472, 6487, 6427, 
    1682, 1683, 6502, 6517, 6532, 6472, 1698, 1699, 6547, 6562, 6577, 6517, 
    1714, 1715, 6592, 6607, 6622, 6562, 1730, 1731, 6637, 6652, 6667, 6607, 
    1746, 1747, 6682, 6697, 6712, 6652 ;

 ebepecnt2 = 6, 6, 6, 6, 6, 6, 6, 6, 6, 6, 6, 6, 6, 6, 6, 6, 6, 6, 6, 6, 6, 
    6, 6, 6, 6, 6, 6, 6, 6, 6, 6, 6, 6, 6, 6, 6, 6, 6, 6, 6, 6, 6, 6, 6, 6, 
    6, 6, 6, 6, 6, 6, 6, 6, 6, 6, 6, 6, 6, 6, 6, 6, 6, 6, 6, 6, 6, 6, 6, 6, 
    6, 6, 6, 6, 6, 6, 6, 6, 6, 6, 6, 6, 6, 6, 6, 6, 6, 6, 6, 6, 6, 6, 6, 6, 
    6, 6, 6, 6, 6, 6, 6, 6, 6, 6, 6, 6, 6, 6, 6, 6, 6 ;

 facconn3 = 3, 4, 1763, 1778, 1793, 1808, 19, 20, 1823, 1838, 1853, 1778, 35, 
    36, 1868, 1883, 1898, 1838, 51, 52, 1913, 1928, 1943, 1883, 67, 68, 1958, 
    1973, 1988, 1928, 83, 84, 2003, 2018, 2033, 1973, 99, 100, 2048, 2063, 
    2078, 2018, 115, 116, 2093, 2108, 2123, 2063, 131, 132, 2138, 2153, 2168, 
    2108, 147, 148, 2183, 2198, 2213, 2153, 163, 164, 2228, 2243, 2258, 2198, 
    179, 180, 2273, 2288, 2303, 2243, 195, 196, 2318, 2333, 2348, 2288, 211, 
    212, 2363, 2378, 2393, 2333, 227, 228, 2408, 2423, 2438, 2378, 243, 244, 
    2453, 2468, 2483, 2423, 259, 260, 2498, 2513, 2528, 2468, 275, 276, 2543, 
    2558, 2573, 2513, 291, 292, 2588, 2603, 2618, 2558, 307, 308, 2633, 2648, 
    2663, 2603, 323, 324, 2678, 2693, 2708, 2648, 339, 340, 2723, 2738, 2753, 
    2693, 355, 356, 2768, 2783, 2798, 2738, 371, 372, 2813, 2828, 2843, 2783, 
    387, 388, 2858, 2873, 2888, 2828, 403, 404, 2903, 2918, 2933, 2873, 419, 
    420, 2948, 2963, 2978, 2918, 435, 436, 2993, 3008, 3023, 2963, 451, 452, 
    3038, 3053, 3068, 3008, 467, 468, 3083, 3098, 3113, 3053, 483, 484, 3128, 
    3143, 3158, 3098, 499, 500, 3173, 3188, 3203, 3143, 515, 516, 3218, 3233, 
    3248, 3188, 531, 532, 3263, 3278, 3293, 3233, 547, 548, 3308, 3323, 3338, 
    3278, 563, 564, 3353, 3368, 3383, 3323, 579, 580, 3398, 3413, 3428, 3368, 
    595, 596, 3443, 3458, 3473, 3413, 611, 612, 3488, 3503, 3518, 3458, 627, 
    628, 3533, 3548, 3563, 3503, 643, 644, 3578, 3593, 3608, 3548, 659, 660, 
    3623, 3638, 3653, 3593, 675, 676, 3668, 3683, 3698, 3638, 691, 692, 3713, 
    3728, 3743, 3683, 707, 708, 3758, 3773, 3788, 3728, 723, 724, 3803, 3818, 
    3833, 3773, 739, 740, 3848, 3863, 3878, 3818, 755, 756, 3893, 3908, 3923, 
    3863, 771, 772, 3938, 3953, 3968, 3908, 787, 788, 3983, 3998, 4013, 3953, 
    803, 804, 4028, 4043, 4058, 3998, 819, 820, 4073, 4088, 4103, 4043, 835, 
    836, 4118, 4133, 4148, 4088, 851, 852, 4163, 4178, 4193, 4133, 867, 868, 
    4208, 4223, 4238, 4178, 883, 884, 4253, 4268, 4283, 4223, 899, 900, 4298, 
    4313, 4328, 4268, 915, 916, 4343, 4358, 4373, 4313, 931, 932, 4388, 4403, 
    4418, 4358, 947, 948, 4433, 4448, 4463, 4403, 963, 964, 4478, 4493, 4508, 
    4448, 979, 980, 4523, 4538, 4553, 4493, 995, 996, 4568, 4583, 4598, 4538, 
    1011, 1012, 4613, 4628, 4643, 4583, 1027, 1028, 4658, 4673, 4688, 4628, 
    1043, 1044, 4703, 4718, 4733, 4673, 1059, 1060, 4748, 4763, 4778, 4718, 
    1075, 1076, 4793, 4808, 4823, 4763, 1091, 1092, 4838, 4853, 4868, 4808, 
    1107, 1108, 4883, 4898, 4913, 4853, 1123, 1124, 4928, 4943, 4958, 4898, 
    1139, 1140, 4973, 4988, 5003, 4943, 1155, 1156, 5018, 5033, 5048, 4988, 
    1171, 1172, 5063, 5078, 5093, 5033, 1187, 1188, 5108, 5123, 5138, 5078, 
    1203, 1204, 5153, 5168, 5183, 5123, 1219, 1220, 5198, 5213, 5228, 5168, 
    1235, 1236, 5243, 5258, 5273, 5213, 1251, 1252, 5288, 5303, 5318, 5258, 
    1267, 1268, 5333, 5348, 5363, 5303, 1283, 1284, 5378, 5393, 5408, 5348, 
    1299, 1300, 5423, 5438, 5453, 5393, 1315, 1316, 5468, 5483, 5498, 5438, 
    1331, 1332, 5513, 5528, 5543, 5483, 1347, 1348, 5558, 5573, 5588, 5528, 
    1363, 1364, 5603, 5618, 5633, 5573, 1379, 1380, 5648, 5663, 5678, 5618, 
    1395, 1396, 5693, 5708, 5723, 5663, 1411, 1412, 5738, 5753, 5768, 5708, 
    1427, 1428, 5783, 5798, 5813, 5753, 1443, 1444, 5828, 5843, 5858, 5798, 
    1459, 1460, 5873, 5888, 5903, 5843, 1475, 1476, 5918, 5933, 5948, 5888, 
    1491, 1492, 5963, 5978, 5993, 5933, 1507, 1508, 6008, 6023, 6038, 5978, 
    1523, 1524, 6053, 6068, 6083, 6023, 1539, 1540, 6098, 6113, 6128, 6068, 
    1555, 1556, 6143, 6158, 6173, 6113, 1571, 1572, 6188, 6203, 6218, 6158, 
    1587, 1588, 6233, 6248, 6263, 6203, 1603, 1604, 6278, 6293, 6308, 6248, 
    1619, 1620, 6323, 6338, 6353, 6293, 1635, 1636, 6368, 6383, 6398, 6338, 
    1651, 1652, 6413, 6428, 6443, 6383, 1667, 1668, 6458, 6473, 6488, 6428, 
    1683, 1684, 6503, 6518, 6533, 6473, 1699, 1700, 6548, 6563, 6578, 6518, 
    1715, 1716, 6593, 6608, 6623, 6563, 1731, 1732, 6638, 6653, 6668, 6608, 
    1747, 1748, 6683, 6698, 6713, 6653 ;

 ebepecnt3 = 6, 6, 6, 6, 6, 6, 6, 6, 6, 6, 6, 6, 6, 6, 6, 6, 6, 6, 6, 6, 6, 
    6, 6, 6, 6, 6, 6, 6, 6, 6, 6, 6, 6, 6, 6, 6, 6, 6, 6, 6, 6, 6, 6, 6, 6, 
    6, 6, 6, 6, 6, 6, 6, 6, 6, 6, 6, 6, 6, 6, 6, 6, 6, 6, 6, 6, 6, 6, 6, 6, 
    6, 6, 6, 6, 6, 6, 6, 6, 6, 6, 6, 6, 6, 6, 6, 6, 6, 6, 6, 6, 6, 6, 6, 6, 
    6, 6, 6, 6, 6, 6, 6, 6, 6, 6, 6, 6, 6, 6, 6, 6, 6 ;

 facconn4 = 4, 5, 1764, 1779, 1794, 1809, 20, 21, 1824, 1839, 1854, 1779, 36, 
    37, 1869, 1884, 1899, 1839, 52, 53, 1914, 1929, 1944, 1884, 68, 69, 1959, 
    1974, 1989, 1929, 84, 85, 2004, 2019, 2034, 1974, 100, 101, 2049, 2064, 
    2079, 2019, 116, 117, 2094, 2109, 2124, 2064, 132, 133, 2139, 2154, 2169, 
    2109, 148, 149, 2184, 2199, 2214, 2154, 164, 165, 2229, 2244, 2259, 2199, 
    180, 181, 2274, 2289, 2304, 2244, 196, 197, 2319, 2334, 2349, 2289, 212, 
    213, 2364, 2379, 2394, 2334, 228, 229, 2409, 2424, 2439, 2379, 244, 245, 
    2454, 2469, 2484, 2424, 260, 261, 2499, 2514, 2529, 2469, 276, 277, 2544, 
    2559, 2574, 2514, 292, 293, 2589, 2604, 2619, 2559, 308, 309, 2634, 2649, 
    2664, 2604, 324, 325, 2679, 2694, 2709, 2649, 340, 341, 2724, 2739, 2754, 
    2694, 356, 357, 2769, 2784, 2799, 2739, 372, 373, 2814, 2829, 2844, 2784, 
    388, 389, 2859, 2874, 2889, 2829, 404, 405, 2904, 2919, 2934, 2874, 420, 
    421, 2949, 2964, 2979, 2919, 436, 437, 2994, 3009, 3024, 2964, 452, 453, 
    3039, 3054, 3069, 3009, 468, 469, 3084, 3099, 3114, 3054, 484, 485, 3129, 
    3144, 3159, 3099, 500, 501, 3174, 3189, 3204, 3144, 516, 517, 3219, 3234, 
    3249, 3189, 532, 533, 3264, 3279, 3294, 3234, 548, 549, 3309, 3324, 3339, 
    3279, 564, 565, 3354, 3369, 3384, 3324, 580, 581, 3399, 3414, 3429, 3369, 
    596, 597, 3444, 3459, 3474, 3414, 612, 613, 3489, 3504, 3519, 3459, 628, 
    629, 3534, 3549, 3564, 3504, 644, 645, 3579, 3594, 3609, 3549, 660, 661, 
    3624, 3639, 3654, 3594, 676, 677, 3669, 3684, 3699, 3639, 692, 693, 3714, 
    3729, 3744, 3684, 708, 709, 3759, 3774, 3789, 3729, 724, 725, 3804, 3819, 
    3834, 3774, 740, 741, 3849, 3864, 3879, 3819, 756, 757, 3894, 3909, 3924, 
    3864, 772, 773, 3939, 3954, 3969, 3909, 788, 789, 3984, 3999, 4014, 3954, 
    804, 805, 4029, 4044, 4059, 3999, 820, 821, 4074, 4089, 4104, 4044, 836, 
    837, 4119, 4134, 4149, 4089, 852, 853, 4164, 4179, 4194, 4134, 868, 869, 
    4209, 4224, 4239, 4179, 884, 885, 4254, 4269, 4284, 4224, 900, 901, 4299, 
    4314, 4329, 4269, 916, 917, 4344, 4359, 4374, 4314, 932, 933, 4389, 4404, 
    4419, 4359, 948, 949, 4434, 4449, 4464, 4404, 964, 965, 4479, 4494, 4509, 
    4449, 980, 981, 4524, 4539, 4554, 4494, 996, 997, 4569, 4584, 4599, 4539, 
    1012, 1013, 4614, 4629, 4644, 4584, 1028, 1029, 4659, 4674, 4689, 4629, 
    1044, 1045, 4704, 4719, 4734, 4674, 1060, 1061, 4749, 4764, 4779, 4719, 
    1076, 1077, 4794, 4809, 4824, 4764, 1092, 1093, 4839, 4854, 4869, 4809, 
    1108, 1109, 4884, 4899, 4914, 4854, 1124, 1125, 4929, 4944, 4959, 4899, 
    1140, 1141, 4974, 4989, 5004, 4944, 1156, 1157, 5019, 5034, 5049, 4989, 
    1172, 1173, 5064, 5079, 5094, 5034, 1188, 1189, 5109, 5124, 5139, 5079, 
    1204, 1205, 5154, 5169, 5184, 5124, 1220, 1221, 5199, 5214, 5229, 5169, 
    1236, 1237, 5244, 5259, 5274, 5214, 1252, 1253, 5289, 5304, 5319, 5259, 
    1268, 1269, 5334, 5349, 5364, 5304, 1284, 1285, 5379, 5394, 5409, 5349, 
    1300, 1301, 5424, 5439, 5454, 5394, 1316, 1317, 5469, 5484, 5499, 5439, 
    1332, 1333, 5514, 5529, 5544, 5484, 1348, 1349, 5559, 5574, 5589, 5529, 
    1364, 1365, 5604, 5619, 5634, 5574, 1380, 1381, 5649, 5664, 5679, 5619, 
    1396, 1397, 5694, 5709, 5724, 5664, 1412, 1413, 5739, 5754, 5769, 5709, 
    1428, 1429, 5784, 5799, 5814, 5754, 1444, 1445, 5829, 5844, 5859, 5799, 
    1460, 1461, 5874, 5889, 5904, 5844, 1476, 1477, 5919, 5934, 5949, 5889, 
    1492, 1493, 5964, 5979, 5994, 5934, 1508, 1509, 6009, 6024, 6039, 5979, 
    1524, 1525, 6054, 6069, 6084, 6024, 1540, 1541, 6099, 6114, 6129, 6069, 
    1556, 1557, 6144, 6159, 6174, 6114, 1572, 1573, 6189, 6204, 6219, 6159, 
    1588, 1589, 6234, 6249, 6264, 6204, 1604, 1605, 6279, 6294, 6309, 6249, 
    1620, 1621, 6324, 6339, 6354, 6294, 1636, 1637, 6369, 6384, 6399, 6339, 
    1652, 1653, 6414, 6429, 6444, 6384, 1668, 1669, 6459, 6474, 6489, 6429, 
    1684, 1685, 6504, 6519, 6534, 6474, 1700, 1701, 6549, 6564, 6579, 6519, 
    1716, 1717, 6594, 6609, 6624, 6564, 1732, 1733, 6639, 6654, 6669, 6609, 
    1748, 1749, 6684, 6699, 6714, 6654 ;

 ebepecnt4 = 6, 6, 6, 6, 6, 6, 6, 6, 6, 6, 6, 6, 6, 6, 6, 6, 6, 6, 6, 6, 6, 
    6, 6, 6, 6, 6, 6, 6, 6, 6, 6, 6, 6, 6, 6, 6, 6, 6, 6, 6, 6, 6, 6, 6, 6, 
    6, 6, 6, 6, 6, 6, 6, 6, 6, 6, 6, 6, 6, 6, 6, 6, 6, 6, 6, 6, 6, 6, 6, 6, 
    6, 6, 6, 6, 6, 6, 6, 6, 6, 6, 6, 6, 6, 6, 6, 6, 6, 6, 6, 6, 6, 6, 6, 6, 
    6, 6, 6, 6, 6, 6, 6, 6, 6, 6, 6, 6, 6, 6, 6, 6, 6 ;

 facconn5 = 5, 6, 1765, 1780, 1795, 1810, 21, 22, 1825, 1840, 1855, 1780, 37, 
    38, 1870, 1885, 1900, 1840, 53, 54, 1915, 1930, 1945, 1885, 69, 70, 1960, 
    1975, 1990, 1930, 85, 86, 2005, 2020, 2035, 1975, 101, 102, 2050, 2065, 
    2080, 2020, 117, 118, 2095, 2110, 2125, 2065, 133, 134, 2140, 2155, 2170, 
    2110, 149, 150, 2185, 2200, 2215, 2155, 165, 166, 2230, 2245, 2260, 2200, 
    181, 182, 2275, 2290, 2305, 2245, 197, 198, 2320, 2335, 2350, 2290, 213, 
    214, 2365, 2380, 2395, 2335, 229, 230, 2410, 2425, 2440, 2380, 245, 246, 
    2455, 2470, 2485, 2425, 261, 262, 2500, 2515, 2530, 2470, 277, 278, 2545, 
    2560, 2575, 2515, 293, 294, 2590, 2605, 2620, 2560, 309, 310, 2635, 2650, 
    2665, 2605, 325, 326, 2680, 2695, 2710, 2650, 341, 342, 2725, 2740, 2755, 
    2695, 357, 358, 2770, 2785, 2800, 2740, 373, 374, 2815, 2830, 2845, 2785, 
    389, 390, 2860, 2875, 2890, 2830, 405, 406, 2905, 2920, 2935, 2875, 421, 
    422, 2950, 2965, 2980, 2920, 437, 438, 2995, 3010, 3025, 2965, 453, 454, 
    3040, 3055, 3070, 3010, 469, 470, 3085, 3100, 3115, 3055, 485, 486, 3130, 
    3145, 3160, 3100, 501, 502, 3175, 3190, 3205, 3145, 517, 518, 3220, 3235, 
    3250, 3190, 533, 534, 3265, 3280, 3295, 3235, 549, 550, 3310, 3325, 3340, 
    3280, 565, 566, 3355, 3370, 3385, 3325, 581, 582, 3400, 3415, 3430, 3370, 
    597, 598, 3445, 3460, 3475, 3415, 613, 614, 3490, 3505, 3520, 3460, 629, 
    630, 3535, 3550, 3565, 3505, 645, 646, 3580, 3595, 3610, 3550, 661, 662, 
    3625, 3640, 3655, 3595, 677, 678, 3670, 3685, 3700, 3640, 693, 694, 3715, 
    3730, 3745, 3685, 709, 710, 3760, 3775, 3790, 3730, 725, 726, 3805, 3820, 
    3835, 3775, 741, 742, 3850, 3865, 3880, 3820, 757, 758, 3895, 3910, 3925, 
    3865, 773, 774, 3940, 3955, 3970, 3910, 789, 790, 3985, 4000, 4015, 3955, 
    805, 806, 4030, 4045, 4060, 4000, 821, 822, 4075, 4090, 4105, 4045, 837, 
    838, 4120, 4135, 4150, 4090, 853, 854, 4165, 4180, 4195, 4135, 869, 870, 
    4210, 4225, 4240, 4180, 885, 886, 4255, 4270, 4285, 4225, 901, 902, 4300, 
    4315, 4330, 4270, 917, 918, 4345, 4360, 4375, 4315, 933, 934, 4390, 4405, 
    4420, 4360, 949, 950, 4435, 4450, 4465, 4405, 965, 966, 4480, 4495, 4510, 
    4450, 981, 982, 4525, 4540, 4555, 4495, 997, 998, 4570, 4585, 4600, 4540, 
    1013, 1014, 4615, 4630, 4645, 4585, 1029, 1030, 4660, 4675, 4690, 4630, 
    1045, 1046, 4705, 4720, 4735, 4675, 1061, 1062, 4750, 4765, 4780, 4720, 
    1077, 1078, 4795, 4810, 4825, 4765, 1093, 1094, 4840, 4855, 4870, 4810, 
    1109, 1110, 4885, 4900, 4915, 4855, 1125, 1126, 4930, 4945, 4960, 4900, 
    1141, 1142, 4975, 4990, 5005, 4945, 1157, 1158, 5020, 5035, 5050, 4990, 
    1173, 1174, 5065, 5080, 5095, 5035, 1189, 1190, 5110, 5125, 5140, 5080, 
    1205, 1206, 5155, 5170, 5185, 5125, 1221, 1222, 5200, 5215, 5230, 5170, 
    1237, 1238, 5245, 5260, 5275, 5215, 1253, 1254, 5290, 5305, 5320, 5260, 
    1269, 1270, 5335, 5350, 5365, 5305, 1285, 1286, 5380, 5395, 5410, 5350, 
    1301, 1302, 5425, 5440, 5455, 5395, 1317, 1318, 5470, 5485, 5500, 5440, 
    1333, 1334, 5515, 5530, 5545, 5485, 1349, 1350, 5560, 5575, 5590, 5530, 
    1365, 1366, 5605, 5620, 5635, 5575, 1381, 1382, 5650, 5665, 5680, 5620, 
    1397, 1398, 5695, 5710, 5725, 5665, 1413, 1414, 5740, 5755, 5770, 5710, 
    1429, 1430, 5785, 5800, 5815, 5755, 1445, 1446, 5830, 5845, 5860, 5800, 
    1461, 1462, 5875, 5890, 5905, 5845, 1477, 1478, 5920, 5935, 5950, 5890, 
    1493, 1494, 5965, 5980, 5995, 5935, 1509, 1510, 6010, 6025, 6040, 5980, 
    1525, 1526, 6055, 6070, 6085, 6025, 1541, 1542, 6100, 6115, 6130, 6070, 
    1557, 1558, 6145, 6160, 6175, 6115, 1573, 1574, 6190, 6205, 6220, 6160, 
    1589, 1590, 6235, 6250, 6265, 6205, 1605, 1606, 6280, 6295, 6310, 6250, 
    1621, 1622, 6325, 6340, 6355, 6295, 1637, 1638, 6370, 6385, 6400, 6340, 
    1653, 1654, 6415, 6430, 6445, 6385, 1669, 1670, 6460, 6475, 6490, 6430, 
    1685, 1686, 6505, 6520, 6535, 6475, 1701, 1702, 6550, 6565, 6580, 6520, 
    1717, 1718, 6595, 6610, 6625, 6565, 1733, 1734, 6640, 6655, 6670, 6610, 
    1749, 1750, 6685, 6700, 6715, 6655 ;

 ebepecnt5 = 6, 6, 6, 6, 6, 6, 6, 6, 6, 6, 6, 6, 6, 6, 6, 6, 6, 6, 6, 6, 6, 
    6, 6, 6, 6, 6, 6, 6, 6, 6, 6, 6, 6, 6, 6, 6, 6, 6, 6, 6, 6, 6, 6, 6, 6, 
    6, 6, 6, 6, 6, 6, 6, 6, 6, 6, 6, 6, 6, 6, 6, 6, 6, 6, 6, 6, 6, 6, 6, 6, 
    6, 6, 6, 6, 6, 6, 6, 6, 6, 6, 6, 6, 6, 6, 6, 6, 6, 6, 6, 6, 6, 6, 6, 6, 
    6, 6, 6, 6, 6, 6, 6, 6, 6, 6, 6, 6, 6, 6, 6, 6, 6 ;

 facconn6 = 6, 7, 1766, 1781, 1796, 1811, 22, 23, 1826, 1841, 1856, 1781, 38, 
    39, 1871, 1886, 1901, 1841, 54, 55, 1916, 1931, 1946, 1886, 70, 71, 1961, 
    1976, 1991, 1931, 86, 87, 2006, 2021, 2036, 1976, 102, 103, 2051, 2066, 
    2081, 2021, 118, 119, 2096, 2111, 2126, 2066, 134, 135, 2141, 2156, 2171, 
    2111, 150, 151, 2186, 2201, 2216, 2156, 166, 167, 2231, 2246, 2261, 2201, 
    182, 183, 2276, 2291, 2306, 2246, 198, 199, 2321, 2336, 2351, 2291, 214, 
    215, 2366, 2381, 2396, 2336, 230, 231, 2411, 2426, 2441, 2381, 246, 247, 
    2456, 2471, 2486, 2426, 262, 263, 2501, 2516, 2531, 2471, 278, 279, 2546, 
    2561, 2576, 2516, 294, 295, 2591, 2606, 2621, 2561, 310, 311, 2636, 2651, 
    2666, 2606, 326, 327, 2681, 2696, 2711, 2651, 342, 343, 2726, 2741, 2756, 
    2696, 358, 359, 2771, 2786, 2801, 2741, 374, 375, 2816, 2831, 2846, 2786, 
    390, 391, 2861, 2876, 2891, 2831, 406, 407, 2906, 2921, 2936, 2876, 422, 
    423, 2951, 2966, 2981, 2921, 438, 439, 2996, 3011, 3026, 2966, 454, 455, 
    3041, 3056, 3071, 3011, 470, 471, 3086, 3101, 3116, 3056, 486, 487, 3131, 
    3146, 3161, 3101, 502, 503, 3176, 3191, 3206, 3146, 518, 519, 3221, 3236, 
    3251, 3191, 534, 535, 3266, 3281, 3296, 3236, 550, 551, 3311, 3326, 3341, 
    3281, 566, 567, 3356, 3371, 3386, 3326, 582, 583, 3401, 3416, 3431, 3371, 
    598, 599, 3446, 3461, 3476, 3416, 614, 615, 3491, 3506, 3521, 3461, 630, 
    631, 3536, 3551, 3566, 3506, 646, 647, 3581, 3596, 3611, 3551, 662, 663, 
    3626, 3641, 3656, 3596, 678, 679, 3671, 3686, 3701, 3641, 694, 695, 3716, 
    3731, 3746, 3686, 710, 711, 3761, 3776, 3791, 3731, 726, 727, 3806, 3821, 
    3836, 3776, 742, 743, 3851, 3866, 3881, 3821, 758, 759, 3896, 3911, 3926, 
    3866, 774, 775, 3941, 3956, 3971, 3911, 790, 791, 3986, 4001, 4016, 3956, 
    806, 807, 4031, 4046, 4061, 4001, 822, 823, 4076, 4091, 4106, 4046, 838, 
    839, 4121, 4136, 4151, 4091, 854, 855, 4166, 4181, 4196, 4136, 870, 871, 
    4211, 4226, 4241, 4181, 886, 887, 4256, 4271, 4286, 4226, 902, 903, 4301, 
    4316, 4331, 4271, 918, 919, 4346, 4361, 4376, 4316, 934, 935, 4391, 4406, 
    4421, 4361, 950, 951, 4436, 4451, 4466, 4406, 966, 967, 4481, 4496, 4511, 
    4451, 982, 983, 4526, 4541, 4556, 4496, 998, 999, 4571, 4586, 4601, 4541, 
    1014, 1015, 4616, 4631, 4646, 4586, 1030, 1031, 4661, 4676, 4691, 4631, 
    1046, 1047, 4706, 4721, 4736, 4676, 1062, 1063, 4751, 4766, 4781, 4721, 
    1078, 1079, 4796, 4811, 4826, 4766, 1094, 1095, 4841, 4856, 4871, 4811, 
    1110, 1111, 4886, 4901, 4916, 4856, 1126, 1127, 4931, 4946, 4961, 4901, 
    1142, 1143, 4976, 4991, 5006, 4946, 1158, 1159, 5021, 5036, 5051, 4991, 
    1174, 1175, 5066, 5081, 5096, 5036, 1190, 1191, 5111, 5126, 5141, 5081, 
    1206, 1207, 5156, 5171, 5186, 5126, 1222, 1223, 5201, 5216, 5231, 5171, 
    1238, 1239, 5246, 5261, 5276, 5216, 1254, 1255, 5291, 5306, 5321, 5261, 
    1270, 1271, 5336, 5351, 5366, 5306, 1286, 1287, 5381, 5396, 5411, 5351, 
    1302, 1303, 5426, 5441, 5456, 5396, 1318, 1319, 5471, 5486, 5501, 5441, 
    1334, 1335, 5516, 5531, 5546, 5486, 1350, 1351, 5561, 5576, 5591, 5531, 
    1366, 1367, 5606, 5621, 5636, 5576, 1382, 1383, 5651, 5666, 5681, 5621, 
    1398, 1399, 5696, 5711, 5726, 5666, 1414, 1415, 5741, 5756, 5771, 5711, 
    1430, 1431, 5786, 5801, 5816, 5756, 1446, 1447, 5831, 5846, 5861, 5801, 
    1462, 1463, 5876, 5891, 5906, 5846, 1478, 1479, 5921, 5936, 5951, 5891, 
    1494, 1495, 5966, 5981, 5996, 5936, 1510, 1511, 6011, 6026, 6041, 5981, 
    1526, 1527, 6056, 6071, 6086, 6026, 1542, 1543, 6101, 6116, 6131, 6071, 
    1558, 1559, 6146, 6161, 6176, 6116, 1574, 1575, 6191, 6206, 6221, 6161, 
    1590, 1591, 6236, 6251, 6266, 6206, 1606, 1607, 6281, 6296, 6311, 6251, 
    1622, 1623, 6326, 6341, 6356, 6296, 1638, 1639, 6371, 6386, 6401, 6341, 
    1654, 1655, 6416, 6431, 6446, 6386, 1670, 1671, 6461, 6476, 6491, 6431, 
    1686, 1687, 6506, 6521, 6536, 6476, 1702, 1703, 6551, 6566, 6581, 6521, 
    1718, 1719, 6596, 6611, 6626, 6566, 1734, 1735, 6641, 6656, 6671, 6611, 
    1750, 1751, 6686, 6701, 6716, 6656 ;

 ebepecnt6 = 6, 6, 6, 6, 6, 6, 6, 6, 6, 6, 6, 6, 6, 6, 6, 6, 6, 6, 6, 6, 6, 
    6, 6, 6, 6, 6, 6, 6, 6, 6, 6, 6, 6, 6, 6, 6, 6, 6, 6, 6, 6, 6, 6, 6, 6, 
    6, 6, 6, 6, 6, 6, 6, 6, 6, 6, 6, 6, 6, 6, 6, 6, 6, 6, 6, 6, 6, 6, 6, 6, 
    6, 6, 6, 6, 6, 6, 6, 6, 6, 6, 6, 6, 6, 6, 6, 6, 6, 6, 6, 6, 6, 6, 6, 6, 
    6, 6, 6, 6, 6, 6, 6, 6, 6, 6, 6, 6, 6, 6, 6, 6, 6 ;

 facconn7 = 7, 8, 1767, 1782, 1797, 1812, 23, 24, 1827, 1842, 1857, 1782, 39, 
    40, 1872, 1887, 1902, 1842, 55, 56, 1917, 1932, 1947, 1887, 71, 72, 1962, 
    1977, 1992, 1932, 87, 88, 2007, 2022, 2037, 1977, 103, 104, 2052, 2067, 
    2082, 2022, 119, 120, 2097, 2112, 2127, 2067, 135, 136, 2142, 2157, 2172, 
    2112, 151, 152, 2187, 2202, 2217, 2157, 167, 168, 2232, 2247, 2262, 2202, 
    183, 184, 2277, 2292, 2307, 2247, 199, 200, 2322, 2337, 2352, 2292, 215, 
    216, 2367, 2382, 2397, 2337, 231, 232, 2412, 2427, 2442, 2382, 247, 248, 
    2457, 2472, 2487, 2427, 263, 264, 2502, 2517, 2532, 2472, 279, 280, 2547, 
    2562, 2577, 2517, 295, 296, 2592, 2607, 2622, 2562, 311, 312, 2637, 2652, 
    2667, 2607, 327, 328, 2682, 2697, 2712, 2652, 343, 344, 2727, 2742, 2757, 
    2697, 359, 360, 2772, 2787, 2802, 2742, 375, 376, 2817, 2832, 2847, 2787, 
    391, 392, 2862, 2877, 2892, 2832, 407, 408, 2907, 2922, 2937, 2877, 423, 
    424, 2952, 2967, 2982, 2922, 439, 440, 2997, 3012, 3027, 2967, 455, 456, 
    3042, 3057, 3072, 3012, 471, 472, 3087, 3102, 3117, 3057, 487, 488, 3132, 
    3147, 3162, 3102, 503, 504, 3177, 3192, 3207, 3147, 519, 520, 3222, 3237, 
    3252, 3192, 535, 536, 3267, 3282, 3297, 3237, 551, 552, 3312, 3327, 3342, 
    3282, 567, 568, 3357, 3372, 3387, 3327, 583, 584, 3402, 3417, 3432, 3372, 
    599, 600, 3447, 3462, 3477, 3417, 615, 616, 3492, 3507, 3522, 3462, 631, 
    632, 3537, 3552, 3567, 3507, 647, 648, 3582, 3597, 3612, 3552, 663, 664, 
    3627, 3642, 3657, 3597, 679, 680, 3672, 3687, 3702, 3642, 695, 696, 3717, 
    3732, 3747, 3687, 711, 712, 3762, 3777, 3792, 3732, 727, 728, 3807, 3822, 
    3837, 3777, 743, 744, 3852, 3867, 3882, 3822, 759, 760, 3897, 3912, 3927, 
    3867, 775, 776, 3942, 3957, 3972, 3912, 791, 792, 3987, 4002, 4017, 3957, 
    807, 808, 4032, 4047, 4062, 4002, 823, 824, 4077, 4092, 4107, 4047, 839, 
    840, 4122, 4137, 4152, 4092, 855, 856, 4167, 4182, 4197, 4137, 871, 872, 
    4212, 4227, 4242, 4182, 887, 888, 4257, 4272, 4287, 4227, 903, 904, 4302, 
    4317, 4332, 4272, 919, 920, 4347, 4362, 4377, 4317, 935, 936, 4392, 4407, 
    4422, 4362, 951, 952, 4437, 4452, 4467, 4407, 967, 968, 4482, 4497, 4512, 
    4452, 983, 984, 4527, 4542, 4557, 4497, 999, 1000, 4572, 4587, 4602, 
    4542, 1015, 1016, 4617, 4632, 4647, 4587, 1031, 1032, 4662, 4677, 4692, 
    4632, 1047, 1048, 4707, 4722, 4737, 4677, 1063, 1064, 4752, 4767, 4782, 
    4722, 1079, 1080, 4797, 4812, 4827, 4767, 1095, 1096, 4842, 4857, 4872, 
    4812, 1111, 1112, 4887, 4902, 4917, 4857, 1127, 1128, 4932, 4947, 4962, 
    4902, 1143, 1144, 4977, 4992, 5007, 4947, 1159, 1160, 5022, 5037, 5052, 
    4992, 1175, 1176, 5067, 5082, 5097, 5037, 1191, 1192, 5112, 5127, 5142, 
    5082, 1207, 1208, 5157, 5172, 5187, 5127, 1223, 1224, 5202, 5217, 5232, 
    5172, 1239, 1240, 5247, 5262, 5277, 5217, 1255, 1256, 5292, 5307, 5322, 
    5262, 1271, 1272, 5337, 5352, 5367, 5307, 1287, 1288, 5382, 5397, 5412, 
    5352, 1303, 1304, 5427, 5442, 5457, 5397, 1319, 1320, 5472, 5487, 5502, 
    5442, 1335, 1336, 5517, 5532, 5547, 5487, 1351, 1352, 5562, 5577, 5592, 
    5532, 1367, 1368, 5607, 5622, 5637, 5577, 1383, 1384, 5652, 5667, 5682, 
    5622, 1399, 1400, 5697, 5712, 5727, 5667, 1415, 1416, 5742, 5757, 5772, 
    5712, 1431, 1432, 5787, 5802, 5817, 5757, 1447, 1448, 5832, 5847, 5862, 
    5802, 1463, 1464, 5877, 5892, 5907, 5847, 1479, 1480, 5922, 5937, 5952, 
    5892, 1495, 1496, 5967, 5982, 5997, 5937, 1511, 1512, 6012, 6027, 6042, 
    5982, 1527, 1528, 6057, 6072, 6087, 6027, 1543, 1544, 6102, 6117, 6132, 
    6072, 1559, 1560, 6147, 6162, 6177, 6117, 1575, 1576, 6192, 6207, 6222, 
    6162, 1591, 1592, 6237, 6252, 6267, 6207, 1607, 1608, 6282, 6297, 6312, 
    6252, 1623, 1624, 6327, 6342, 6357, 6297, 1639, 1640, 6372, 6387, 6402, 
    6342, 1655, 1656, 6417, 6432, 6447, 6387, 1671, 1672, 6462, 6477, 6492, 
    6432, 1687, 1688, 6507, 6522, 6537, 6477, 1703, 1704, 6552, 6567, 6582, 
    6522, 1719, 1720, 6597, 6612, 6627, 6567, 1735, 1736, 6642, 6657, 6672, 
    6612, 1751, 1752, 6687, 6702, 6717, 6657 ;

 ebepecnt7 = 6, 6, 6, 6, 6, 6, 6, 6, 6, 6, 6, 6, 6, 6, 6, 6, 6, 6, 6, 6, 6, 
    6, 6, 6, 6, 6, 6, 6, 6, 6, 6, 6, 6, 6, 6, 6, 6, 6, 6, 6, 6, 6, 6, 6, 6, 
    6, 6, 6, 6, 6, 6, 6, 6, 6, 6, 6, 6, 6, 6, 6, 6, 6, 6, 6, 6, 6, 6, 6, 6, 
    6, 6, 6, 6, 6, 6, 6, 6, 6, 6, 6, 6, 6, 6, 6, 6, 6, 6, 6, 6, 6, 6, 6, 6, 
    6, 6, 6, 6, 6, 6, 6, 6, 6, 6, 6, 6, 6, 6, 6, 6, 6 ;

 facconn8 = 8, 9, 1768, 1783, 1798, 1813, 24, 25, 1828, 1843, 1858, 1783, 40, 
    41, 1873, 1888, 1903, 1843, 56, 57, 1918, 1933, 1948, 1888, 72, 73, 1963, 
    1978, 1993, 1933, 88, 89, 2008, 2023, 2038, 1978, 104, 105, 2053, 2068, 
    2083, 2023, 120, 121, 2098, 2113, 2128, 2068, 136, 137, 2143, 2158, 2173, 
    2113, 152, 153, 2188, 2203, 2218, 2158, 168, 169, 2233, 2248, 2263, 2203, 
    184, 185, 2278, 2293, 2308, 2248, 200, 201, 2323, 2338, 2353, 2293, 216, 
    217, 2368, 2383, 2398, 2338, 232, 233, 2413, 2428, 2443, 2383, 248, 249, 
    2458, 2473, 2488, 2428, 264, 265, 2503, 2518, 2533, 2473, 280, 281, 2548, 
    2563, 2578, 2518, 296, 297, 2593, 2608, 2623, 2563, 312, 313, 2638, 2653, 
    2668, 2608, 328, 329, 2683, 2698, 2713, 2653, 344, 345, 2728, 2743, 2758, 
    2698, 360, 361, 2773, 2788, 2803, 2743, 376, 377, 2818, 2833, 2848, 2788, 
    392, 393, 2863, 2878, 2893, 2833, 408, 409, 2908, 2923, 2938, 2878, 424, 
    425, 2953, 2968, 2983, 2923, 440, 441, 2998, 3013, 3028, 2968, 456, 457, 
    3043, 3058, 3073, 3013, 472, 473, 3088, 3103, 3118, 3058, 488, 489, 3133, 
    3148, 3163, 3103, 504, 505, 3178, 3193, 3208, 3148, 520, 521, 3223, 3238, 
    3253, 3193, 536, 537, 3268, 3283, 3298, 3238, 552, 553, 3313, 3328, 3343, 
    3283, 568, 569, 3358, 3373, 3388, 3328, 584, 585, 3403, 3418, 3433, 3373, 
    600, 601, 3448, 3463, 3478, 3418, 616, 617, 3493, 3508, 3523, 3463, 632, 
    633, 3538, 3553, 3568, 3508, 648, 649, 3583, 3598, 3613, 3553, 664, 665, 
    3628, 3643, 3658, 3598, 680, 681, 3673, 3688, 3703, 3643, 696, 697, 3718, 
    3733, 3748, 3688, 712, 713, 3763, 3778, 3793, 3733, 728, 729, 3808, 3823, 
    3838, 3778, 744, 745, 3853, 3868, 3883, 3823, 760, 761, 3898, 3913, 3928, 
    3868, 776, 777, 3943, 3958, 3973, 3913, 792, 793, 3988, 4003, 4018, 3958, 
    808, 809, 4033, 4048, 4063, 4003, 824, 825, 4078, 4093, 4108, 4048, 840, 
    841, 4123, 4138, 4153, 4093, 856, 857, 4168, 4183, 4198, 4138, 872, 873, 
    4213, 4228, 4243, 4183, 888, 889, 4258, 4273, 4288, 4228, 904, 905, 4303, 
    4318, 4333, 4273, 920, 921, 4348, 4363, 4378, 4318, 936, 937, 4393, 4408, 
    4423, 4363, 952, 953, 4438, 4453, 4468, 4408, 968, 969, 4483, 4498, 4513, 
    4453, 984, 985, 4528, 4543, 4558, 4498, 1000, 1001, 4573, 4588, 4603, 
    4543, 1016, 1017, 4618, 4633, 4648, 4588, 1032, 1033, 4663, 4678, 4693, 
    4633, 1048, 1049, 4708, 4723, 4738, 4678, 1064, 1065, 4753, 4768, 4783, 
    4723, 1080, 1081, 4798, 4813, 4828, 4768, 1096, 1097, 4843, 4858, 4873, 
    4813, 1112, 1113, 4888, 4903, 4918, 4858, 1128, 1129, 4933, 4948, 4963, 
    4903, 1144, 1145, 4978, 4993, 5008, 4948, 1160, 1161, 5023, 5038, 5053, 
    4993, 1176, 1177, 5068, 5083, 5098, 5038, 1192, 1193, 5113, 5128, 5143, 
    5083, 1208, 1209, 5158, 5173, 5188, 5128, 1224, 1225, 5203, 5218, 5233, 
    5173, 1240, 1241, 5248, 5263, 5278, 5218, 1256, 1257, 5293, 5308, 5323, 
    5263, 1272, 1273, 5338, 5353, 5368, 5308, 1288, 1289, 5383, 5398, 5413, 
    5353, 1304, 1305, 5428, 5443, 5458, 5398, 1320, 1321, 5473, 5488, 5503, 
    5443, 1336, 1337, 5518, 5533, 5548, 5488, 1352, 1353, 5563, 5578, 5593, 
    5533, 1368, 1369, 5608, 5623, 5638, 5578, 1384, 1385, 5653, 5668, 5683, 
    5623, 1400, 1401, 5698, 5713, 5728, 5668, 1416, 1417, 5743, 5758, 5773, 
    5713, 1432, 1433, 5788, 5803, 5818, 5758, 1448, 1449, 5833, 5848, 5863, 
    5803, 1464, 1465, 5878, 5893, 5908, 5848, 1480, 1481, 5923, 5938, 5953, 
    5893, 1496, 1497, 5968, 5983, 5998, 5938, 1512, 1513, 6013, 6028, 6043, 
    5983, 1528, 1529, 6058, 6073, 6088, 6028, 1544, 1545, 6103, 6118, 6133, 
    6073, 1560, 1561, 6148, 6163, 6178, 6118, 1576, 1577, 6193, 6208, 6223, 
    6163, 1592, 1593, 6238, 6253, 6268, 6208, 1608, 1609, 6283, 6298, 6313, 
    6253, 1624, 1625, 6328, 6343, 6358, 6298, 1640, 1641, 6373, 6388, 6403, 
    6343, 1656, 1657, 6418, 6433, 6448, 6388, 1672, 1673, 6463, 6478, 6493, 
    6433, 1688, 1689, 6508, 6523, 6538, 6478, 1704, 1705, 6553, 6568, 6583, 
    6523, 1720, 1721, 6598, 6613, 6628, 6568, 1736, 1737, 6643, 6658, 6673, 
    6613, 1752, 1753, 6688, 6703, 6718, 6658 ;

 ebepecnt8 = 6, 6, 6, 6, 6, 6, 6, 6, 6, 6, 6, 6, 6, 6, 6, 6, 6, 6, 6, 6, 6, 
    6, 6, 6, 6, 6, 6, 6, 6, 6, 6, 6, 6, 6, 6, 6, 6, 6, 6, 6, 6, 6, 6, 6, 6, 
    6, 6, 6, 6, 6, 6, 6, 6, 6, 6, 6, 6, 6, 6, 6, 6, 6, 6, 6, 6, 6, 6, 6, 6, 
    6, 6, 6, 6, 6, 6, 6, 6, 6, 6, 6, 6, 6, 6, 6, 6, 6, 6, 6, 6, 6, 6, 6, 6, 
    6, 6, 6, 6, 6, 6, 6, 6, 6, 6, 6, 6, 6, 6, 6, 6, 6 ;

 facconn9 = 9, 10, 1769, 1784, 1799, 1814, 25, 26, 1829, 1844, 1859, 1784, 
    41, 42, 1874, 1889, 1904, 1844, 57, 58, 1919, 1934, 1949, 1889, 73, 74, 
    1964, 1979, 1994, 1934, 89, 90, 2009, 2024, 2039, 1979, 105, 106, 2054, 
    2069, 2084, 2024, 121, 122, 2099, 2114, 2129, 2069, 137, 138, 2144, 2159, 
    2174, 2114, 153, 154, 2189, 2204, 2219, 2159, 169, 170, 2234, 2249, 2264, 
    2204, 185, 186, 2279, 2294, 2309, 2249, 201, 202, 2324, 2339, 2354, 2294, 
    217, 218, 2369, 2384, 2399, 2339, 233, 234, 2414, 2429, 2444, 2384, 249, 
    250, 2459, 2474, 2489, 2429, 265, 266, 2504, 2519, 2534, 2474, 281, 282, 
    2549, 2564, 2579, 2519, 297, 298, 2594, 2609, 2624, 2564, 313, 314, 2639, 
    2654, 2669, 2609, 329, 330, 2684, 2699, 2714, 2654, 345, 346, 2729, 2744, 
    2759, 2699, 361, 362, 2774, 2789, 2804, 2744, 377, 378, 2819, 2834, 2849, 
    2789, 393, 394, 2864, 2879, 2894, 2834, 409, 410, 2909, 2924, 2939, 2879, 
    425, 426, 2954, 2969, 2984, 2924, 441, 442, 2999, 3014, 3029, 2969, 457, 
    458, 3044, 3059, 3074, 3014, 473, 474, 3089, 3104, 3119, 3059, 489, 490, 
    3134, 3149, 3164, 3104, 505, 506, 3179, 3194, 3209, 3149, 521, 522, 3224, 
    3239, 3254, 3194, 537, 538, 3269, 3284, 3299, 3239, 553, 554, 3314, 3329, 
    3344, 3284, 569, 570, 3359, 3374, 3389, 3329, 585, 586, 3404, 3419, 3434, 
    3374, 601, 602, 3449, 3464, 3479, 3419, 617, 618, 3494, 3509, 3524, 3464, 
    633, 634, 3539, 3554, 3569, 3509, 649, 650, 3584, 3599, 3614, 3554, 665, 
    666, 3629, 3644, 3659, 3599, 681, 682, 3674, 3689, 3704, 3644, 697, 698, 
    3719, 3734, 3749, 3689, 713, 714, 3764, 3779, 3794, 3734, 729, 730, 3809, 
    3824, 3839, 3779, 745, 746, 3854, 3869, 3884, 3824, 761, 762, 3899, 3914, 
    3929, 3869, 777, 778, 3944, 3959, 3974, 3914, 793, 794, 3989, 4004, 4019, 
    3959, 809, 810, 4034, 4049, 4064, 4004, 825, 826, 4079, 4094, 4109, 4049, 
    841, 842, 4124, 4139, 4154, 4094, 857, 858, 4169, 4184, 4199, 4139, 873, 
    874, 4214, 4229, 4244, 4184, 889, 890, 4259, 4274, 4289, 4229, 905, 906, 
    4304, 4319, 4334, 4274, 921, 922, 4349, 4364, 4379, 4319, 937, 938, 4394, 
    4409, 4424, 4364, 953, 954, 4439, 4454, 4469, 4409, 969, 970, 4484, 4499, 
    4514, 4454, 985, 986, 4529, 4544, 4559, 4499, 1001, 1002, 4574, 4589, 
    4604, 4544, 1017, 1018, 4619, 4634, 4649, 4589, 1033, 1034, 4664, 4679, 
    4694, 4634, 1049, 1050, 4709, 4724, 4739, 4679, 1065, 1066, 4754, 4769, 
    4784, 4724, 1081, 1082, 4799, 4814, 4829, 4769, 1097, 1098, 4844, 4859, 
    4874, 4814, 1113, 1114, 4889, 4904, 4919, 4859, 1129, 1130, 4934, 4949, 
    4964, 4904, 1145, 1146, 4979, 4994, 5009, 4949, 1161, 1162, 5024, 5039, 
    5054, 4994, 1177, 1178, 5069, 5084, 5099, 5039, 1193, 1194, 5114, 5129, 
    5144, 5084, 1209, 1210, 5159, 5174, 5189, 5129, 1225, 1226, 5204, 5219, 
    5234, 5174, 1241, 1242, 5249, 5264, 5279, 5219, 1257, 1258, 5294, 5309, 
    5324, 5264, 1273, 1274, 5339, 5354, 5369, 5309, 1289, 1290, 5384, 5399, 
    5414, 5354, 1305, 1306, 5429, 5444, 5459, 5399, 1321, 1322, 5474, 5489, 
    5504, 5444, 1337, 1338, 5519, 5534, 5549, 5489, 1353, 1354, 5564, 5579, 
    5594, 5534, 1369, 1370, 5609, 5624, 5639, 5579, 1385, 1386, 5654, 5669, 
    5684, 5624, 1401, 1402, 5699, 5714, 5729, 5669, 1417, 1418, 5744, 5759, 
    5774, 5714, 1433, 1434, 5789, 5804, 5819, 5759, 1449, 1450, 5834, 5849, 
    5864, 5804, 1465, 1466, 5879, 5894, 5909, 5849, 1481, 1482, 5924, 5939, 
    5954, 5894, 1497, 1498, 5969, 5984, 5999, 5939, 1513, 1514, 6014, 6029, 
    6044, 5984, 1529, 1530, 6059, 6074, 6089, 6029, 1545, 1546, 6104, 6119, 
    6134, 6074, 1561, 1562, 6149, 6164, 6179, 6119, 1577, 1578, 6194, 6209, 
    6224, 6164, 1593, 1594, 6239, 6254, 6269, 6209, 1609, 1610, 6284, 6299, 
    6314, 6254, 1625, 1626, 6329, 6344, 6359, 6299, 1641, 1642, 6374, 6389, 
    6404, 6344, 1657, 1658, 6419, 6434, 6449, 6389, 1673, 1674, 6464, 6479, 
    6494, 6434, 1689, 1690, 6509, 6524, 6539, 6479, 1705, 1706, 6554, 6569, 
    6584, 6524, 1721, 1722, 6599, 6614, 6629, 6569, 1737, 1738, 6644, 6659, 
    6674, 6614, 1753, 1754, 6689, 6704, 6719, 6659 ;

 ebepecnt9 = 6, 6, 6, 6, 6, 6, 6, 6, 6, 6, 6, 6, 6, 6, 6, 6, 6, 6, 6, 6, 6, 
    6, 6, 6, 6, 6, 6, 6, 6, 6, 6, 6, 6, 6, 6, 6, 6, 6, 6, 6, 6, 6, 6, 6, 6, 
    6, 6, 6, 6, 6, 6, 6, 6, 6, 6, 6, 6, 6, 6, 6, 6, 6, 6, 6, 6, 6, 6, 6, 6, 
    6, 6, 6, 6, 6, 6, 6, 6, 6, 6, 6, 6, 6, 6, 6, 6, 6, 6, 6, 6, 6, 6, 6, 6, 
    6, 6, 6, 6, 6, 6, 6, 6, 6, 6, 6, 6, 6, 6, 6, 6, 6 ;

 facconn10 = 10, 11, 1770, 1785, 1800, 1815, 26, 27, 1830, 1845, 1860, 1785, 
    42, 43, 1875, 1890, 1905, 1845, 58, 59, 1920, 1935, 1950, 1890, 74, 75, 
    1965, 1980, 1995, 1935, 90, 91, 2010, 2025, 2040, 1980, 106, 107, 2055, 
    2070, 2085, 2025, 122, 123, 2100, 2115, 2130, 2070, 138, 139, 2145, 2160, 
    2175, 2115, 154, 155, 2190, 2205, 2220, 2160, 170, 171, 2235, 2250, 2265, 
    2205, 186, 187, 2280, 2295, 2310, 2250, 202, 203, 2325, 2340, 2355, 2295, 
    218, 219, 2370, 2385, 2400, 2340, 234, 235, 2415, 2430, 2445, 2385, 250, 
    251, 2460, 2475, 2490, 2430, 266, 267, 2505, 2520, 2535, 2475, 282, 283, 
    2550, 2565, 2580, 2520, 298, 299, 2595, 2610, 2625, 2565, 314, 315, 2640, 
    2655, 2670, 2610, 330, 331, 2685, 2700, 2715, 2655, 346, 347, 2730, 2745, 
    2760, 2700, 362, 363, 2775, 2790, 2805, 2745, 378, 379, 2820, 2835, 2850, 
    2790, 394, 395, 2865, 2880, 2895, 2835, 410, 411, 2910, 2925, 2940, 2880, 
    426, 427, 2955, 2970, 2985, 2925, 442, 443, 3000, 3015, 3030, 2970, 458, 
    459, 3045, 3060, 3075, 3015, 474, 475, 3090, 3105, 3120, 3060, 490, 491, 
    3135, 3150, 3165, 3105, 506, 507, 3180, 3195, 3210, 3150, 522, 523, 3225, 
    3240, 3255, 3195, 538, 539, 3270, 3285, 3300, 3240, 554, 555, 3315, 3330, 
    3345, 3285, 570, 571, 3360, 3375, 3390, 3330, 586, 587, 3405, 3420, 3435, 
    3375, 602, 603, 3450, 3465, 3480, 3420, 618, 619, 3495, 3510, 3525, 3465, 
    634, 635, 3540, 3555, 3570, 3510, 650, 651, 3585, 3600, 3615, 3555, 666, 
    667, 3630, 3645, 3660, 3600, 682, 683, 3675, 3690, 3705, 3645, 698, 699, 
    3720, 3735, 3750, 3690, 714, 715, 3765, 3780, 3795, 3735, 730, 731, 3810, 
    3825, 3840, 3780, 746, 747, 3855, 3870, 3885, 3825, 762, 763, 3900, 3915, 
    3930, 3870, 778, 779, 3945, 3960, 3975, 3915, 794, 795, 3990, 4005, 4020, 
    3960, 810, 811, 4035, 4050, 4065, 4005, 826, 827, 4080, 4095, 4110, 4050, 
    842, 843, 4125, 4140, 4155, 4095, 858, 859, 4170, 4185, 4200, 4140, 874, 
    875, 4215, 4230, 4245, 4185, 890, 891, 4260, 4275, 4290, 4230, 906, 907, 
    4305, 4320, 4335, 4275, 922, 923, 4350, 4365, 4380, 4320, 938, 939, 4395, 
    4410, 4425, 4365, 954, 955, 4440, 4455, 4470, 4410, 970, 971, 4485, 4500, 
    4515, 4455, 986, 987, 4530, 4545, 4560, 4500, 1002, 1003, 4575, 4590, 
    4605, 4545, 1018, 1019, 4620, 4635, 4650, 4590, 1034, 1035, 4665, 4680, 
    4695, 4635, 1050, 1051, 4710, 4725, 4740, 4680, 1066, 1067, 4755, 4770, 
    4785, 4725, 1082, 1083, 4800, 4815, 4830, 4770, 1098, 1099, 4845, 4860, 
    4875, 4815, 1114, 1115, 4890, 4905, 4920, 4860, 1130, 1131, 4935, 4950, 
    4965, 4905, 1146, 1147, 4980, 4995, 5010, 4950, 1162, 1163, 5025, 5040, 
    5055, 4995, 1178, 1179, 5070, 5085, 5100, 5040, 1194, 1195, 5115, 5130, 
    5145, 5085, 1210, 1211, 5160, 5175, 5190, 5130, 1226, 1227, 5205, 5220, 
    5235, 5175, 1242, 1243, 5250, 5265, 5280, 5220, 1258, 1259, 5295, 5310, 
    5325, 5265, 1274, 1275, 5340, 5355, 5370, 5310, 1290, 1291, 5385, 5400, 
    5415, 5355, 1306, 1307, 5430, 5445, 5460, 5400, 1322, 1323, 5475, 5490, 
    5505, 5445, 1338, 1339, 5520, 5535, 5550, 5490, 1354, 1355, 5565, 5580, 
    5595, 5535, 1370, 1371, 5610, 5625, 5640, 5580, 1386, 1387, 5655, 5670, 
    5685, 5625, 1402, 1403, 5700, 5715, 5730, 5670, 1418, 1419, 5745, 5760, 
    5775, 5715, 1434, 1435, 5790, 5805, 5820, 5760, 1450, 1451, 5835, 5850, 
    5865, 5805, 1466, 1467, 5880, 5895, 5910, 5850, 1482, 1483, 5925, 5940, 
    5955, 5895, 1498, 1499, 5970, 5985, 6000, 5940, 1514, 1515, 6015, 6030, 
    6045, 5985, 1530, 1531, 6060, 6075, 6090, 6030, 1546, 1547, 6105, 6120, 
    6135, 6075, 1562, 1563, 6150, 6165, 6180, 6120, 1578, 1579, 6195, 6210, 
    6225, 6165, 1594, 1595, 6240, 6255, 6270, 6210, 1610, 1611, 6285, 6300, 
    6315, 6255, 1626, 1627, 6330, 6345, 6360, 6300, 1642, 1643, 6375, 6390, 
    6405, 6345, 1658, 1659, 6420, 6435, 6450, 6390, 1674, 1675, 6465, 6480, 
    6495, 6435, 1690, 1691, 6510, 6525, 6540, 6480, 1706, 1707, 6555, 6570, 
    6585, 6525, 1722, 1723, 6600, 6615, 6630, 6570, 1738, 1739, 6645, 6660, 
    6675, 6615, 1754, 1755, 6690, 6705, 6720, 6660 ;

 ebepecnt10 = 6, 6, 6, 6, 6, 6, 6, 6, 6, 6, 6, 6, 6, 6, 6, 6, 6, 6, 6, 6, 6, 
    6, 6, 6, 6, 6, 6, 6, 6, 6, 6, 6, 6, 6, 6, 6, 6, 6, 6, 6, 6, 6, 6, 6, 6, 
    6, 6, 6, 6, 6, 6, 6, 6, 6, 6, 6, 6, 6, 6, 6, 6, 6, 6, 6, 6, 6, 6, 6, 6, 
    6, 6, 6, 6, 6, 6, 6, 6, 6, 6, 6, 6, 6, 6, 6, 6, 6, 6, 6, 6, 6, 6, 6, 6, 
    6, 6, 6, 6, 6, 6, 6, 6, 6, 6, 6, 6, 6, 6, 6, 6, 6 ;

 facconn11 = 11, 12, 1771, 1786, 1801, 1816, 12, 13, 1772, 1787, 1802, 1817, 
    13, 14, 1773, 1788, 1803, 1818, 14, 15, 1774, 1789, 1804, 1819, 15, 16, 
    1775, 1790, 1805, 1820, 27, 28, 1831, 1846, 1861, 1786, 28, 29, 1832, 
    1847, 1862, 1787, 29, 30, 1833, 1848, 1863, 1788, 30, 31, 1834, 1849, 
    1864, 1789, 31, 32, 1835, 1850, 1865, 1790, 43, 44, 1876, 1891, 1906, 
    1846, 44, 45, 1877, 1892, 1907, 1847, 45, 46, 1878, 1893, 1908, 1848, 46, 
    47, 1879, 1894, 1909, 1849, 47, 48, 1880, 1895, 1910, 1850, 59, 60, 1921, 
    1936, 1951, 1891, 60, 61, 1922, 1937, 1952, 1892, 61, 62, 1923, 1938, 
    1953, 1893, 62, 63, 1924, 1939, 1954, 1894, 63, 64, 1925, 1940, 1955, 
    1895, 75, 76, 1966, 1981, 1996, 1936, 76, 77, 1967, 1982, 1997, 1937, 77, 
    78, 1968, 1983, 1998, 1938, 78, 79, 1969, 1984, 1999, 1939, 79, 80, 1970, 
    1985, 2000, 1940, 91, 92, 2011, 2026, 2041, 1981, 92, 93, 2012, 2027, 
    2042, 1982, 93, 94, 2013, 2028, 2043, 1983, 94, 95, 2014, 2029, 2044, 
    1984, 95, 96, 2015, 2030, 2045, 1985, 107, 108, 2056, 2071, 2086, 2026, 
    108, 109, 2057, 2072, 2087, 2027, 109, 110, 2058, 2073, 2088, 2028, 110, 
    111, 2059, 2074, 2089, 2029, 111, 112, 2060, 2075, 2090, 2030, 123, 124, 
    2101, 2116, 2131, 2071, 124, 125, 2102, 2117, 2132, 2072, 125, 126, 2103, 
    2118, 2133, 2073, 126, 127, 2104, 2119, 2134, 2074, 127, 128, 2105, 2120, 
    2135, 2075, 139, 140, 2146, 2161, 2176, 2116, 140, 141, 2147, 2162, 2177, 
    2117, 141, 142, 2148, 2163, 2178, 2118, 142, 143, 2149, 2164, 2179, 2119, 
    143, 144, 2150, 2165, 2180, 2120, 155, 156, 2191, 2206, 2221, 2161, 156, 
    157, 2192, 2207, 2222, 2162, 157, 158, 2193, 2208, 2223, 2163, 158, 159, 
    2194, 2209, 2224, 2164, 159, 160, 2195, 2210, 2225, 2165, 171, 172, 2236, 
    2251, 2266, 2206, 172, 173, 2237, 2252, 2267, 2207, 173, 174, 2238, 2253, 
    2268, 2208, 174, 175, 2239, 2254, 2269, 2209, 175, 176, 2240, 2255, 2270, 
    2210, 187, 188, 2281, 2296, 2311, 2251, 188, 189, 2282, 2297, 2312, 2252, 
    189, 190, 2283, 2298, 2313, 2253, 190, 191, 2284, 2299, 2314, 2254, 191, 
    192, 2285, 2300, 2315, 2255, 203, 204, 2326, 2341, 2356, 2296, 204, 205, 
    2327, 2342, 2357, 2297, 205, 206, 2328, 2343, 2358, 2298, 206, 207, 2329, 
    2344, 2359, 2299, 207, 208, 2330, 2345, 2360, 2300, 219, 220, 2371, 2386, 
    2401, 2341, 220, 221, 2372, 2387, 2402, 2342, 221, 222, 2373, 2388, 2403, 
    2343, 222, 223, 2374, 2389, 2404, 2344, 223, 224, 2375, 2390, 2405, 2345, 
    235, 236, 2416, 2431, 2446, 2386, 236, 237, 2417, 2432, 2447, 2387, 237, 
    238, 2418, 2433, 2448, 2388, 238, 239, 2419, 2434, 2449, 2389, 239, 240, 
    2420, 2435, 2450, 2390, 251, 252, 2461, 2476, 2491, 2431, 252, 253, 2462, 
    2477, 2492, 2432, 253, 254, 2463, 2478, 2493, 2433, 254, 255, 2464, 2479, 
    2494, 2434, 255, 256, 2465, 2480, 2495, 2435, 267, 268, 2506, 2521, 2536, 
    2476, 268, 269, 2507, 2522, 2537, 2477, 269, 270, 2508, 2523, 2538, 2478, 
    270, 271, 2509, 2524, 2539, 2479, 271, 272, 2510, 2525, 2540, 2480, 283, 
    284, 2551, 2566, 2581, 2521, 284, 285, 2552, 2567, 2582, 2522, 285, 286, 
    2553, 2568, 2583, 2523, 286, 287, 2554, 2569, 2584, 2524, 287, 288, 2555, 
    2570, 2585, 2525, 299, 300, 2596, 2611, 2626, 2566, 300, 301, 2597, 2612, 
    2627, 2567, 301, 302, 2598, 2613, 2628, 2568, 302, 303, 2599, 2614, 2629, 
    2569, 303, 304, 2600, 2615, 2630, 2570, 315, 316, 2641, 2656, 2671, 2611, 
    316, 317, 2642, 2657, 2672, 2612, 317, 318, 2643, 2658, 2673, 2613, 318, 
    319, 2644, 2659, 2674, 2614, 319, 320, 2645, 2660, 2675, 2615, 331, 332, 
    2686, 2701, 2716, 2656, 332, 333, 2687, 2702, 2717, 2657, 333, 334, 2688, 
    2703, 2718, 2658, 334, 335, 2689, 2704, 2719, 2659, 335, 336, 2690, 2705, 
    2720, 2660, 347, 348, 2731, 2746, 2761, 2701, 348, 349, 2732, 2747, 2762, 
    2702, 349, 350, 2733, 2748, 2763, 2703, 350, 351, 2734, 2749, 2764, 2704, 
    351, 352, 2735, 2750, 2765, 2705, 363, 364, 2776, 2791, 2806, 2746, 364, 
    365, 2777, 2792, 2807, 2747, 365, 366, 2778, 2793, 2808, 2748, 366, 367, 
    2779, 2794, 2809, 2749, 367, 368, 2780, 2795, 2810, 2750, 379, 380, 2821, 
    2836, 2851, 2791, 380, 381, 2822, 2837, 2852, 2792, 381, 382, 2823, 2838, 
    2853, 2793, 382, 383, 2824, 2839, 2854, 2794, 383, 384, 2825, 2840, 2855, 
    2795, 395, 396, 2866, 2881, 2896, 2836, 396, 397, 2867, 2882, 2897, 2837, 
    397, 398, 2868, 2883, 2898, 2838, 398, 399, 2869, 2884, 2899, 2839, 399, 
    400, 2870, 2885, 2900, 2840, 411, 412, 2911, 2926, 2941, 2881, 412, 413, 
    2912, 2927, 2942, 2882, 413, 414, 2913, 2928, 2943, 2883, 414, 415, 2914, 
    2929, 2944, 2884, 415, 416, 2915, 2930, 2945, 2885, 427, 428, 2956, 2971, 
    2986, 2926, 428, 429, 2957, 2972, 2987, 2927, 429, 430, 2958, 2973, 2988, 
    2928, 430, 431, 2959, 2974, 2989, 2929, 431, 432, 2960, 2975, 2990, 2930, 
    443, 444, 3001, 3016, 3031, 2971, 444, 445, 3002, 3017, 3032, 2972, 445, 
    446, 3003, 3018, 3033, 2973, 446, 447, 3004, 3019, 3034, 2974, 447, 448, 
    3005, 3020, 3035, 2975, 459, 460, 3046, 3061, 3076, 3016, 460, 461, 3047, 
    3062, 3077, 3017, 461, 462, 3048, 3063, 3078, 3018, 462, 463, 3049, 3064, 
    3079, 3019, 463, 464, 3050, 3065, 3080, 3020, 475, 476, 3091, 3106, 3121, 
    3061, 476, 477, 3092, 3107, 3122, 3062, 477, 478, 3093, 3108, 3123, 3063, 
    478, 479, 3094, 3109, 3124, 3064, 479, 480, 3095, 3110, 3125, 3065, 491, 
    492, 3136, 3151, 3166, 3106, 492, 493, 3137, 3152, 3167, 3107, 493, 494, 
    3138, 3153, 3168, 3108, 494, 495, 3139, 3154, 3169, 3109, 495, 496, 3140, 
    3155, 3170, 3110, 507, 508, 3181, 3196, 3211, 3151, 508, 509, 3182, 3197, 
    3212, 3152, 509, 510, 3183, 3198, 3213, 3153, 510, 511, 3184, 3199, 3214, 
    3154, 511, 512, 3185, 3200, 3215, 3155, 523, 524, 3226, 3241, 3256, 3196, 
    524, 525, 3227, 3242, 3257, 3197, 525, 526, 3228, 3243, 3258, 3198, 526, 
    527, 3229, 3244, 3259, 3199, 527, 528, 3230, 3245, 3260, 3200, 539, 540, 
    3271, 3286, 3301, 3241, 540, 541, 3272, 3287, 3302, 3242, 541, 542, 3273, 
    3288, 3303, 3243, 542, 543, 3274, 3289, 3304, 3244, 543, 544, 3275, 3290, 
    3305, 3245, 555, 556, 3316, 3331, 3346, 3286, 556, 557, 3317, 3332, 3347, 
    3287, 557, 558, 3318, 3333, 3348, 3288, 558, 559, 3319, 3334, 3349, 3289, 
    559, 560, 3320, 3335, 3350, 3290, 571, 572, 3361, 3376, 3391, 3331, 572, 
    573, 3362, 3377, 3392, 3332, 573, 574, 3363, 3378, 3393, 3333, 574, 575, 
    3364, 3379, 3394, 3334, 575, 576, 3365, 3380, 3395, 3335, 587, 588, 3406, 
    3421, 3436, 3376, 588, 589, 3407, 3422, 3437, 3377, 589, 590, 3408, 3423, 
    3438, 3378, 590, 591, 3409, 3424, 3439, 3379, 591, 592, 3410, 3425, 3440, 
    3380, 603, 604, 3451, 3466, 3481, 3421, 604, 605, 3452, 3467, 3482, 3422, 
    605, 606, 3453, 3468, 3483, 3423, 606, 607, 3454, 3469, 3484, 3424, 607, 
    608, 3455, 3470, 3485, 3425, 619, 620, 3496, 3511, 3526, 3466, 620, 621, 
    3497, 3512, 3527, 3467, 621, 622, 3498, 3513, 3528, 3468, 622, 623, 3499, 
    3514, 3529, 3469, 623, 624, 3500, 3515, 3530, 3470, 635, 636, 3541, 3556, 
    3571, 3511, 636, 637, 3542, 3557, 3572, 3512, 637, 638, 3543, 3558, 3573, 
    3513, 638, 639, 3544, 3559, 3574, 3514, 639, 640, 3545, 3560, 3575, 3515, 
    651, 652, 3586, 3601, 3616, 3556, 652, 653, 3587, 3602, 3617, 3557, 653, 
    654, 3588, 3603, 3618, 3558, 654, 655, 3589, 3604, 3619, 3559, 655, 656, 
    3590, 3605, 3620, 3560, 667, 668, 3631, 3646, 3661, 3601, 668, 669, 3632, 
    3647, 3662, 3602, 669, 670, 3633, 3648, 3663, 3603, 670, 671, 3634, 3649, 
    3664, 3604, 671, 672, 3635, 3650, 3665, 3605, 683, 684, 3676, 3691, 3706, 
    3646, 684, 685, 3677, 3692, 3707, 3647, 685, 686, 3678, 3693, 3708, 3648, 
    686, 687, 3679, 3694, 3709, 3649, 687, 688, 3680, 3695, 3710, 3650, 699, 
    700, 3721, 3736, 3751, 3691, 700, 701, 3722, 3737, 3752, 3692, 701, 702, 
    3723, 3738, 3753, 3693, 702, 703, 3724, 3739, 3754, 3694, 703, 704, 3725, 
    3740, 3755, 3695, 715, 716, 3766, 3781, 3796, 3736, 716, 717, 3767, 3782, 
    3797, 3737, 717, 718, 3768, 3783, 3798, 3738, 718, 719, 3769, 3784, 3799, 
    3739, 719, 720, 3770, 3785, 3800, 3740, 731, 732, 3811, 3826, 3841, 3781, 
    732, 733, 3812, 3827, 3842, 3782, 733, 734, 3813, 3828, 3843, 3783, 734, 
    735, 3814, 3829, 3844, 3784, 735, 736, 3815, 3830, 3845, 3785, 747, 748, 
    3856, 3871, 3886, 3826, 748, 749, 3857, 3872, 3887, 3827, 749, 750, 3858, 
    3873, 3888, 3828, 750, 751, 3859, 3874, 3889, 3829, 751, 752, 3860, 3875, 
    3890, 3830, 763, 764, 3901, 3916, 3931, 3871, 764, 765, 3902, 3917, 3932, 
    3872, 765, 766, 3903, 3918, 3933, 3873, 766, 767, 3904, 3919, 3934, 3874, 
    767, 768, 3905, 3920, 3935, 3875, 779, 780, 3946, 3961, 3976, 3916, 780, 
    781, 3947, 3962, 3977, 3917, 781, 782, 3948, 3963, 3978, 3918, 782, 783, 
    3949, 3964, 3979, 3919, 783, 784, 3950, 3965, 3980, 3920, 795, 796, 3991, 
    4006, 4021, 3961, 796, 797, 3992, 4007, 4022, 3962, 797, 798, 3993, 4008, 
    4023, 3963, 798, 799, 3994, 4009, 4024, 3964, 799, 800, 3995, 4010, 4025, 
    3965, 811, 812, 4036, 4051, 4066, 4006, 812, 813, 4037, 4052, 4067, 4007, 
    813, 814, 4038, 4053, 4068, 4008, 814, 815, 4039, 4054, 4069, 4009, 815, 
    816, 4040, 4055, 4070, 4010, 827, 828, 4081, 4096, 4111, 4051, 828, 829, 
    4082, 4097, 4112, 4052, 829, 830, 4083, 4098, 4113, 4053, 830, 831, 4084, 
    4099, 4114, 4054, 831, 832, 4085, 4100, 4115, 4055, 843, 844, 4126, 4141, 
    4156, 4096, 844, 845, 4127, 4142, 4157, 4097, 845, 846, 4128, 4143, 4158, 
    4098, 846, 847, 4129, 4144, 4159, 4099, 847, 848, 4130, 4145, 4160, 4100, 
    859, 860, 4171, 4186, 4201, 4141, 860, 861, 4172, 4187, 4202, 4142, 861, 
    862, 4173, 4188, 4203, 4143, 862, 863, 4174, 4189, 4204, 4144, 863, 864, 
    4175, 4190, 4205, 4145, 875, 876, 4216, 4231, 4246, 4186, 876, 877, 4217, 
    4232, 4247, 4187, 877, 878, 4218, 4233, 4248, 4188, 878, 879, 4219, 4234, 
    4249, 4189, 879, 880, 4220, 4235, 4250, 4190, 891, 892, 4261, 4276, 4291, 
    4231, 892, 893, 4262, 4277, 4292, 4232, 893, 894, 4263, 4278, 4293, 4233, 
    894, 895, 4264, 4279, 4294, 4234, 895, 896, 4265, 4280, 4295, 4235, 907, 
    908, 4306, 4321, 4336, 4276, 908, 909, 4307, 4322, 4337, 4277, 909, 910, 
    4308, 4323, 4338, 4278, 910, 911, 4309, 4324, 4339, 4279, 911, 912, 4310, 
    4325, 4340, 4280, 923, 924, 4351, 4366, 4381, 4321, 924, 925, 4352, 4367, 
    4382, 4322, 925, 926, 4353, 4368, 4383, 4323, 926, 927, 4354, 4369, 4384, 
    4324, 927, 928, 4355, 4370, 4385, 4325, 939, 940, 4396, 4411, 4426, 4366, 
    940, 941, 4397, 4412, 4427, 4367, 941, 942, 4398, 4413, 4428, 4368, 942, 
    943, 4399, 4414, 4429, 4369, 943, 944, 4400, 4415, 4430, 4370, 955, 956, 
    4441, 4456, 4471, 4411, 956, 957, 4442, 4457, 4472, 4412, 957, 958, 4443, 
    4458, 4473, 4413, 958, 959, 4444, 4459, 4474, 4414, 959, 960, 4445, 4460, 
    4475, 4415, 971, 972, 4486, 4501, 4516, 4456, 972, 973, 4487, 4502, 4517, 
    4457, 973, 974, 4488, 4503, 4518, 4458, 974, 975, 4489, 4504, 4519, 4459, 
    975, 976, 4490, 4505, 4520, 4460, 987, 988, 4531, 4546, 4561, 4501, 988, 
    989, 4532, 4547, 4562, 4502, 989, 990, 4533, 4548, 4563, 4503, 990, 991, 
    4534, 4549, 4564, 4504, 991, 992, 4535, 4550, 4565, 4505, 1003, 1004, 
    4576, 4591, 4606, 4546, 1004, 1005, 4577, 4592, 4607, 4547, 1005, 1006, 
    4578, 4593, 4608, 4548, 1006, 1007, 4579, 4594, 4609, 4549, 1007, 1008, 
    4580, 4595, 4610, 4550, 1019, 1020, 4621, 4636, 4651, 4591, 1020, 1021, 
    4622, 4637, 4652, 4592, 1021, 1022, 4623, 4638, 4653, 4593, 1022, 1023, 
    4624, 4639, 4654, 4594, 1023, 1024, 4625, 4640, 4655, 4595, 1035, 1036, 
    4666, 4681, 4696, 4636, 1036, 1037, 4667, 4682, 4697, 4637, 1037, 1038, 
    4668, 4683, 4698, 4638, 1038, 1039, 4669, 4684, 4699, 4639, 1039, 1040, 
    4670, 4685, 4700, 4640, 1051, 1052, 4711, 4726, 4741, 4681, 1052, 1053, 
    4712, 4727, 4742, 4682, 1053, 1054, 4713, 4728, 4743, 4683, 1054, 1055, 
    4714, 4729, 4744, 4684, 1055, 1056, 4715, 4730, 4745, 4685, 1067, 1068, 
    4756, 4771, 4786, 4726, 1068, 1069, 4757, 4772, 4787, 4727, 1069, 1070, 
    4758, 4773, 4788, 4728, 1070, 1071, 4759, 4774, 4789, 4729, 1071, 1072, 
    4760, 4775, 4790, 4730, 1083, 1084, 4801, 4816, 4831, 4771, 1084, 1085, 
    4802, 4817, 4832, 4772, 1085, 1086, 4803, 4818, 4833, 4773, 1086, 1087, 
    4804, 4819, 4834, 4774, 1087, 1088, 4805, 4820, 4835, 4775, 1099, 1100, 
    4846, 4861, 4876, 4816, 1100, 1101, 4847, 4862, 4877, 4817, 1101, 1102, 
    4848, 4863, 4878, 4818, 1102, 1103, 4849, 4864, 4879, 4819, 1103, 1104, 
    4850, 4865, 4880, 4820, 1115, 1116, 4891, 4906, 4921, 4861, 1116, 1117, 
    4892, 4907, 4922, 4862, 1117, 1118, 4893, 4908, 4923, 4863, 1118, 1119, 
    4894, 4909, 4924, 4864, 1119, 1120, 4895, 4910, 4925, 4865, 1131, 1132, 
    4936, 4951, 4966, 4906, 1132, 1133, 4937, 4952, 4967, 4907, 1133, 1134, 
    4938, 4953, 4968, 4908, 1134, 1135, 4939, 4954, 4969, 4909, 1135, 1136, 
    4940, 4955, 4970, 4910, 1147, 1148, 4981, 4996, 5011, 4951, 1148, 1149, 
    4982, 4997, 5012, 4952, 1149, 1150, 4983, 4998, 5013, 4953, 1150, 1151, 
    4984, 4999, 5014, 4954, 1151, 1152, 4985, 5000, 5015, 4955, 1163, 1164, 
    5026, 5041, 5056, 4996, 1164, 1165, 5027, 5042, 5057, 4997, 1165, 1166, 
    5028, 5043, 5058, 4998, 1166, 1167, 5029, 5044, 5059, 4999, 1167, 1168, 
    5030, 5045, 5060, 5000, 1179, 1180, 5071, 5086, 5101, 5041, 1180, 1181, 
    5072, 5087, 5102, 5042, 1181, 1182, 5073, 5088, 5103, 5043, 1182, 1183, 
    5074, 5089, 5104, 5044, 1183, 1184, 5075, 5090, 5105, 5045, 1195, 1196, 
    5116, 5131, 5146, 5086, 1196, 1197, 5117, 5132, 5147, 5087, 1197, 1198, 
    5118, 5133, 5148, 5088, 1198, 1199, 5119, 5134, 5149, 5089, 1199, 1200, 
    5120, 5135, 5150, 5090, 1211, 1212, 5161, 5176, 5191, 5131, 1212, 1213, 
    5162, 5177, 5192, 5132, 1213, 1214, 5163, 5178, 5193, 5133, 1214, 1215, 
    5164, 5179, 5194, 5134, 1215, 1216, 5165, 5180, 5195, 5135, 1227, 1228, 
    5206, 5221, 5236, 5176, 1228, 1229, 5207, 5222, 5237, 5177, 1229, 1230, 
    5208, 5223, 5238, 5178, 1230, 1231, 5209, 5224, 5239, 5179, 1231, 1232, 
    5210, 5225, 5240, 5180, 1243, 1244, 5251, 5266, 5281, 5221, 1244, 1245, 
    5252, 5267, 5282, 5222, 1245, 1246, 5253, 5268, 5283, 5223, 1246, 1247, 
    5254, 5269, 5284, 5224, 1247, 1248, 5255, 5270, 5285, 5225, 1259, 1260, 
    5296, 5311, 5326, 5266, 1260, 1261, 5297, 5312, 5327, 5267, 1261, 1262, 
    5298, 5313, 5328, 5268, 1262, 1263, 5299, 5314, 5329, 5269, 1263, 1264, 
    5300, 5315, 5330, 5270, 1275, 1276, 5341, 5356, 5371, 5311, 1276, 1277, 
    5342, 5357, 5372, 5312, 1277, 1278, 5343, 5358, 5373, 5313, 1278, 1279, 
    5344, 5359, 5374, 5314, 1279, 1280, 5345, 5360, 5375, 5315, 1291, 1292, 
    5386, 5401, 5416, 5356, 1292, 1293, 5387, 5402, 5417, 5357, 1293, 1294, 
    5388, 5403, 5418, 5358, 1294, 1295, 5389, 5404, 5419, 5359, 1295, 1296, 
    5390, 5405, 5420, 5360, 1307, 1308, 5431, 5446, 5461, 5401, 1308, 1309, 
    5432, 5447, 5462, 5402, 1309, 1310, 5433, 5448, 5463, 5403, 1310, 1311, 
    5434, 5449, 5464, 5404, 1311, 1312, 5435, 5450, 5465, 5405, 1323, 1324, 
    5476, 5491, 5506, 5446, 1324, 1325, 5477, 5492, 5507, 5447, 1325, 1326, 
    5478, 5493, 5508, 5448, 1326, 1327, 5479, 5494, 5509, 5449, 1327, 1328, 
    5480, 5495, 5510, 5450, 1339, 1340, 5521, 5536, 5551, 5491, 1340, 1341, 
    5522, 5537, 5552, 5492, 1341, 1342, 5523, 5538, 5553, 5493, 1342, 1343, 
    5524, 5539, 5554, 5494, 1343, 1344, 5525, 5540, 5555, 5495, 1355, 1356, 
    5566, 5581, 5596, 5536, 1356, 1357, 5567, 5582, 5597, 5537, 1357, 1358, 
    5568, 5583, 5598, 5538, 1358, 1359, 5569, 5584, 5599, 5539, 1359, 1360, 
    5570, 5585, 5600, 5540, 1371, 1372, 5611, 5626, 5641, 5581, 1372, 1373, 
    5612, 5627, 5642, 5582, 1373, 1374, 5613, 5628, 5643, 5583, 1374, 1375, 
    5614, 5629, 5644, 5584, 1375, 1376, 5615, 5630, 5645, 5585, 1387, 1388, 
    5656, 5671, 5686, 5626, 1388, 1389, 5657, 5672, 5687, 5627, 1389, 1390, 
    5658, 5673, 5688, 5628, 1390, 1391, 5659, 5674, 5689, 5629, 1391, 1392, 
    5660, 5675, 5690, 5630, 1403, 1404, 5701, 5716, 5731, 5671, 1404, 1405, 
    5702, 5717, 5732, 5672, 1405, 1406, 5703, 5718, 5733, 5673, 1406, 1407, 
    5704, 5719, 5734, 5674, 1407, 1408, 5705, 5720, 5735, 5675, 1419, 1420, 
    5746, 5761, 5776, 5716, 1420, 1421, 5747, 5762, 5777, 5717, 1421, 1422, 
    5748, 5763, 5778, 5718, 1422, 1423, 5749, 5764, 5779, 5719, 1423, 1424, 
    5750, 5765, 5780, 5720, 1435, 1436, 5791, 5806, 5821, 5761, 1436, 1437, 
    5792, 5807, 5822, 5762, 1437, 1438, 5793, 5808, 5823, 5763, 1438, 1439, 
    5794, 5809, 5824, 5764, 1439, 1440, 5795, 5810, 5825, 5765, 1451, 1452, 
    5836, 5851, 5866, 5806, 1452, 1453, 5837, 5852, 5867, 5807, 1453, 1454, 
    5838, 5853, 5868, 5808, 1454, 1455, 5839, 5854, 5869, 5809, 1455, 1456, 
    5840, 5855, 5870, 5810, 1467, 1468, 5881, 5896, 5911, 5851, 1468, 1469, 
    5882, 5897, 5912, 5852, 1469, 1470, 5883, 5898, 5913, 5853, 1470, 1471, 
    5884, 5899, 5914, 5854, 1471, 1472, 5885, 5900, 5915, 5855, 1483, 1484, 
    5926, 5941, 5956, 5896, 1484, 1485, 5927, 5942, 5957, 5897, 1485, 1486, 
    5928, 5943, 5958, 5898, 1486, 1487, 5929, 5944, 5959, 5899, 1487, 1488, 
    5930, 5945, 5960, 5900, 1499, 1500, 5971, 5986, 6001, 5941, 1500, 1501, 
    5972, 5987, 6002, 5942, 1501, 1502, 5973, 5988, 6003, 5943, 1502, 1503, 
    5974, 5989, 6004, 5944, 1503, 1504, 5975, 5990, 6005, 5945, 1515, 1516, 
    6016, 6031, 6046, 5986, 1516, 1517, 6017, 6032, 6047, 5987, 1517, 1518, 
    6018, 6033, 6048, 5988, 1518, 1519, 6019, 6034, 6049, 5989, 1519, 1520, 
    6020, 6035, 6050, 5990, 1531, 1532, 6061, 6076, 6091, 6031, 1532, 1533, 
    6062, 6077, 6092, 6032, 1533, 1534, 6063, 6078, 6093, 6033, 1534, 1535, 
    6064, 6079, 6094, 6034, 1535, 1536, 6065, 6080, 6095, 6035, 1547, 1548, 
    6106, 6121, 6136, 6076, 1548, 1549, 6107, 6122, 6137, 6077, 1549, 1550, 
    6108, 6123, 6138, 6078, 1550, 1551, 6109, 6124, 6139, 6079, 1551, 1552, 
    6110, 6125, 6140, 6080, 1563, 1564, 6151, 6166, 6181, 6121, 1564, 1565, 
    6152, 6167, 6182, 6122, 1565, 1566, 6153, 6168, 6183, 6123, 1566, 1567, 
    6154, 6169, 6184, 6124, 1567, 1568, 6155, 6170, 6185, 6125, 1579, 1580, 
    6196, 6211, 6226, 6166, 1580, 1581, 6197, 6212, 6227, 6167, 1581, 1582, 
    6198, 6213, 6228, 6168, 1582, 1583, 6199, 6214, 6229, 6169, 1583, 1584, 
    6200, 6215, 6230, 6170, 1595, 1596, 6241, 6256, 6271, 6211, 1596, 1597, 
    6242, 6257, 6272, 6212, 1597, 1598, 6243, 6258, 6273, 6213, 1598, 1599, 
    6244, 6259, 6274, 6214, 1599, 1600, 6245, 6260, 6275, 6215, 1611, 1612, 
    6286, 6301, 6316, 6256, 1612, 1613, 6287, 6302, 6317, 6257, 1613, 1614, 
    6288, 6303, 6318, 6258, 1614, 1615, 6289, 6304, 6319, 6259, 1615, 1616, 
    6290, 6305, 6320, 6260, 1627, 1628, 6331, 6346, 6361, 6301, 1628, 1629, 
    6332, 6347, 6362, 6302, 1629, 1630, 6333, 6348, 6363, 6303, 1630, 1631, 
    6334, 6349, 6364, 6304, 1631, 1632, 6335, 6350, 6365, 6305, 1643, 1644, 
    6376, 6391, 6406, 6346, 1644, 1645, 6377, 6392, 6407, 6347, 1645, 1646, 
    6378, 6393, 6408, 6348, 1646, 1647, 6379, 6394, 6409, 6349, 1647, 1648, 
    6380, 6395, 6410, 6350, 1659, 1660, 6421, 6436, 6451, 6391, 1660, 1661, 
    6422, 6437, 6452, 6392, 1661, 1662, 6423, 6438, 6453, 6393, 1662, 1663, 
    6424, 6439, 6454, 6394, 1663, 1664, 6425, 6440, 6455, 6395, 1675, 1676, 
    6466, 6481, 6496, 6436, 1676, 1677, 6467, 6482, 6497, 6437, 1677, 1678, 
    6468, 6483, 6498, 6438, 1678, 1679, 6469, 6484, 6499, 6439, 1679, 1680, 
    6470, 6485, 6500, 6440, 1691, 1692, 6511, 6526, 6541, 6481, 1692, 1693, 
    6512, 6527, 6542, 6482, 1693, 1694, 6513, 6528, 6543, 6483, 1694, 1695, 
    6514, 6529, 6544, 6484, 1695, 1696, 6515, 6530, 6545, 6485, 1707, 1708, 
    6556, 6571, 6586, 6526, 1708, 1709, 6557, 6572, 6587, 6527, 1709, 1710, 
    6558, 6573, 6588, 6528, 1710, 1711, 6559, 6574, 6589, 6529, 1711, 1712, 
    6560, 6575, 6590, 6530, 1723, 1724, 6601, 6616, 6631, 6571, 1724, 1725, 
    6602, 6617, 6632, 6572, 1725, 1726, 6603, 6618, 6633, 6573, 1726, 1727, 
    6604, 6619, 6634, 6574, 1727, 1728, 6605, 6620, 6635, 6575, 1739, 1740, 
    6646, 6661, 6676, 6616, 1740, 1741, 6647, 6662, 6677, 6617, 1741, 1742, 
    6648, 6663, 6678, 6618, 1742, 1743, 6649, 6664, 6679, 6619, 1743, 1744, 
    6650, 6665, 6680, 6620, 1755, 1756, 6691, 6706, 6721, 6661, 1756, 1757, 
    6692, 6707, 6722, 6662, 1757, 1758, 6693, 6708, 6723, 6663, 1758, 1759, 
    6694, 6709, 6724, 6664, 1759, 1760, 6695, 6710, 6725, 6665 ;

 ebepecnt11 = 6, 6, 6, 6, 6, 6, 6, 6, 6, 6, 6, 6, 6, 6, 6, 6, 6, 6, 6, 6, 6, 
    6, 6, 6, 6, 6, 6, 6, 6, 6, 6, 6, 6, 6, 6, 6, 6, 6, 6, 6, 6, 6, 6, 6, 6, 
    6, 6, 6, 6, 6, 6, 6, 6, 6, 6, 6, 6, 6, 6, 6, 6, 6, 6, 6, 6, 6, 6, 6, 6, 
    6, 6, 6, 6, 6, 6, 6, 6, 6, 6, 6, 6, 6, 6, 6, 6, 6, 6, 6, 6, 6, 6, 6, 6, 
    6, 6, 6, 6, 6, 6, 6, 6, 6, 6, 6, 6, 6, 6, 6, 6, 6, 6, 6, 6, 6, 6, 6, 6, 
    6, 6, 6, 6, 6, 6, 6, 6, 6, 6, 6, 6, 6, 6, 6, 6, 6, 6, 6, 6, 6, 6, 6, 6, 
    6, 6, 6, 6, 6, 6, 6, 6, 6, 6, 6, 6, 6, 6, 6, 6, 6, 6, 6, 6, 6, 6, 6, 6, 
    6, 6, 6, 6, 6, 6, 6, 6, 6, 6, 6, 6, 6, 6, 6, 6, 6, 6, 6, 6, 6, 6, 6, 6, 
    6, 6, 6, 6, 6, 6, 6, 6, 6, 6, 6, 6, 6, 6, 6, 6, 6, 6, 6, 6, 6, 6, 6, 6, 
    6, 6, 6, 6, 6, 6, 6, 6, 6, 6, 6, 6, 6, 6, 6, 6, 6, 6, 6, 6, 6, 6, 6, 6, 
    6, 6, 6, 6, 6, 6, 6, 6, 6, 6, 6, 6, 6, 6, 6, 6, 6, 6, 6, 6, 6, 6, 6, 6, 
    6, 6, 6, 6, 6, 6, 6, 6, 6, 6, 6, 6, 6, 6, 6, 6, 6, 6, 6, 6, 6, 6, 6, 6, 
    6, 6, 6, 6, 6, 6, 6, 6, 6, 6, 6, 6, 6, 6, 6, 6, 6, 6, 6, 6, 6, 6, 6, 6, 
    6, 6, 6, 6, 6, 6, 6, 6, 6, 6, 6, 6, 6, 6, 6, 6, 6, 6, 6, 6, 6, 6, 6, 6, 
    6, 6, 6, 6, 6, 6, 6, 6, 6, 6, 6, 6, 6, 6, 6, 6, 6, 6, 6, 6, 6, 6, 6, 6, 
    6, 6, 6, 6, 6, 6, 6, 6, 6, 6, 6, 6, 6, 6, 6, 6, 6, 6, 6, 6, 6, 6, 6, 6, 
    6, 6, 6, 6, 6, 6, 6, 6, 6, 6, 6, 6, 6, 6, 6, 6, 6, 6, 6, 6, 6, 6, 6, 6, 
    6, 6, 6, 6, 6, 6, 6, 6, 6, 6, 6, 6, 6, 6, 6, 6, 6, 6, 6, 6, 6, 6, 6, 6, 
    6, 6, 6, 6, 6, 6, 6, 6, 6, 6, 6, 6, 6, 6, 6, 6, 6, 6, 6, 6, 6, 6, 6, 6, 
    6, 6, 6, 6, 6, 6, 6, 6, 6, 6, 6, 6, 6, 6, 6, 6, 6, 6, 6, 6, 6, 6, 6, 6, 
    6, 6, 6, 6, 6, 6, 6, 6, 6, 6, 6, 6, 6, 6, 6, 6, 6, 6, 6, 6, 6, 6, 6, 6, 
    6, 6, 6, 6, 6, 6, 6, 6, 6, 6, 6, 6, 6, 6, 6, 6, 6, 6, 6, 6, 6, 6, 6, 6, 
    6, 6, 6, 6, 6, 6, 6, 6, 6, 6, 6, 6, 6, 6, 6, 6, 6, 6, 6, 6, 6, 6, 6, 6, 6 ;

 elem_ss1 = 1105, 1110, 1115, 1120, 1125, 1130, 1135, 1140, 1145, 1150, 1155, 
    1160, 1165, 1170, 1175, 1180, 1185, 1190, 1195, 1200, 1205, 1210, 1215, 
    1220, 1225, 1230, 1235, 1240, 1245, 1250, 1255, 1260, 1265, 1270, 1275, 
    1280, 1285, 1290, 1295, 1300, 1305, 1310, 1315, 1320, 1325, 1330, 1335, 
    1340, 1345, 1350, 1355, 1360, 1365, 1370, 1375, 1380, 1385, 1390, 1395, 
    1400, 1405, 1410, 1415, 1420, 1425, 1430, 1435, 1440, 1445, 1450, 1455, 
    1460, 1465, 1470, 1475, 1480, 1485, 1490, 1495, 1500, 1505, 1510, 1515, 
    1520, 1525, 1530, 1535, 1540, 1545, 1550, 1555, 1560, 1565, 1570, 1575, 
    1580, 1585, 1590, 1595, 1600, 1605, 1610, 1615, 1620, 1625, 1630, 1635, 
    1640, 1645, 1650 ;

 side_ss1 = 2, 2, 2, 2, 2, 2, 2, 2, 2, 2, 2, 2, 2, 2, 2, 2, 2, 2, 2, 2, 2, 2, 
    2, 2, 2, 2, 2, 2, 2, 2, 2, 2, 2, 2, 2, 2, 2, 2, 2, 2, 2, 2, 2, 2, 2, 2, 
    2, 2, 2, 2, 2, 2, 2, 2, 2, 2, 2, 2, 2, 2, 2, 2, 2, 2, 2, 2, 2, 2, 2, 2, 
    2, 2, 2, 2, 2, 2, 2, 2, 2, 2, 2, 2, 2, 2, 2, 2, 2, 2, 2, 2, 2, 2, 2, 2, 
    2, 2, 2, 2, 2, 2, 2, 2, 2, 2, 2, 2, 2, 2, 2, 2 ;

 elem_ss2 = 1, 2, 3, 4, 5, 6, 7, 8, 9, 10, 11, 12, 13, 14, 15, 16, 17, 18, 
    19, 20, 21, 22, 23, 24, 25, 26, 27, 28, 29, 30, 31, 32, 33, 34, 35, 36, 
    37, 38, 39, 40, 41, 42, 43, 44, 45, 46, 47, 48, 49, 50, 51, 52, 53, 54, 
    55, 56, 57, 58, 59, 60, 61, 62, 63, 64, 65, 66, 67, 68, 69, 70, 71, 72, 
    73, 74, 75, 76, 77, 78, 79, 80, 81, 82, 83, 84, 85, 86, 87, 88, 89, 90, 
    91, 92, 93, 94, 95, 96, 97, 98, 99, 100, 101, 102, 103, 104, 105, 106, 
    107, 108, 109, 110 ;

 side_ss2 = 1, 1, 1, 1, 1, 1, 1, 1, 1, 1, 1, 1, 1, 1, 1, 1, 1, 1, 1, 1, 1, 1, 
    1, 1, 1, 1, 1, 1, 1, 1, 1, 1, 1, 1, 1, 1, 1, 1, 1, 1, 1, 1, 1, 1, 1, 1, 
    1, 1, 1, 1, 1, 1, 1, 1, 1, 1, 1, 1, 1, 1, 1, 1, 1, 1, 1, 1, 1, 1, 1, 1, 
    1, 1, 1, 1, 1, 1, 1, 1, 1, 1, 1, 1, 1, 1, 1, 1, 1, 1, 1, 1, 1, 1, 1, 1, 
    1, 1, 1, 1, 1, 1, 1, 1, 1, 1, 1, 1, 1, 1, 1, 1 ;

 elem_ss3 = 1, 111, 221, 331, 441, 551, 661, 771, 881, 991, 1101, 1102, 1103, 
    1104, 1105, 1, 111, 221, 331, 441, 551, 661, 771, 881, 991, 1101, 1102, 
    1103, 1104, 1105, 1, 111, 221, 331, 441, 551, 661, 771, 881, 991, 1101, 
    1102, 1103, 1104, 1105, 2, 112, 222, 332, 442, 552, 662, 772, 882, 992, 
    1106, 1107, 1108, 1109, 1110, 2, 112, 222, 332, 442, 552, 662, 772, 882, 
    992, 1106, 1107, 1108, 1109, 1110, 3, 113, 223, 333, 443, 553, 663, 773, 
    883, 993, 1111, 1112, 1113, 1114, 1115, 3, 113, 223, 333, 443, 553, 663, 
    773, 883, 993, 1111, 1112, 1113, 1114, 1115, 4, 114, 224, 334, 444, 554, 
    664, 774, 884, 994, 1116, 1117, 1118, 1119, 1120, 4, 114, 224, 334, 444, 
    554, 664, 774, 884, 994, 1116, 1117, 1118, 1119, 1120, 5, 115, 225, 335, 
    445, 555, 665, 775, 885, 995, 1121, 1122, 1123, 1124, 1125, 5, 115, 225, 
    335, 445, 555, 665, 775, 885, 995, 1121, 1122, 1123, 1124, 1125, 6, 116, 
    226, 336, 446, 556, 666, 776, 886, 996, 1126, 1127, 1128, 1129, 1130, 6, 
    116, 226, 336, 446, 556, 666, 776, 886, 996, 1126, 1127, 1128, 1129, 
    1130, 7, 117, 227, 337, 447, 557, 667, 777, 887, 997, 1131, 1132, 1133, 
    1134, 1135, 7, 117, 227, 337, 447, 557, 667, 777, 887, 997, 1131, 1132, 
    1133, 1134, 1135, 8, 118, 228, 338, 448, 558, 668, 778, 888, 998, 1136, 
    1137, 1138, 1139, 1140, 8, 118, 228, 338, 448, 558, 668, 778, 888, 998, 
    1136, 1137, 1138, 1139, 1140, 9, 119, 229, 339, 449, 559, 669, 779, 889, 
    999, 1141, 1142, 1143, 1144, 1145, 9, 119, 229, 339, 449, 559, 669, 779, 
    889, 999, 1141, 1142, 1143, 1144, 1145, 10, 120, 230, 340, 450, 560, 670, 
    780, 890, 1000, 1146, 1147, 1148, 1149, 1150, 10, 120, 230, 340, 450, 
    560, 670, 780, 890, 1000, 1146, 1147, 1148, 1149, 1150, 11, 121, 231, 
    341, 451, 561, 671, 781, 891, 1001, 1151, 1152, 1153, 1154, 1155, 11, 
    121, 231, 341, 451, 561, 671, 781, 891, 1001, 1151, 1152, 1153, 1154, 
    1155, 12, 122, 232, 342, 452, 562, 672, 782, 892, 1002, 1156, 1157, 1158, 
    1159, 1160, 12, 122, 232, 342, 452, 562, 672, 782, 892, 1002, 1156, 1157, 
    1158, 1159, 1160, 13, 123, 233, 343, 453, 563, 673, 783, 893, 1003, 1161, 
    1162, 1163, 1164, 1165, 13, 123, 233, 343, 453, 563, 673, 783, 893, 1003, 
    1161, 1162, 1163, 1164, 1165, 14, 124, 234, 344, 454, 564, 674, 784, 894, 
    1004, 1166, 1167, 1168, 1169, 1170, 14, 124, 234, 344, 454, 564, 674, 
    784, 894, 1004, 1166, 1167, 1168, 1169, 1170, 15, 125, 235, 345, 455, 
    565, 675, 785, 895, 1005, 1171, 1172, 1173, 1174, 1175, 15, 125, 235, 
    345, 455, 565, 675, 785, 895, 1005, 1171, 1172, 1173, 1174, 1175, 16, 
    126, 236, 346, 456, 566, 676, 786, 896, 1006, 1176, 1177, 1178, 1179, 
    1180, 16, 126, 236, 346, 456, 566, 676, 786, 896, 1006, 1176, 1177, 1178, 
    1179, 1180, 17, 127, 237, 347, 457, 567, 677, 787, 897, 1007, 1181, 1182, 
    1183, 1184, 1185, 17, 127, 237, 347, 457, 567, 677, 787, 897, 1007, 1181, 
    1182, 1183, 1184, 1185, 18, 128, 238, 348, 458, 568, 678, 788, 898, 1008, 
    1186, 1187, 1188, 1189, 1190, 18, 128, 238, 348, 458, 568, 678, 788, 898, 
    1008, 1186, 1187, 1188, 1189, 1190, 19, 129, 239, 349, 459, 569, 679, 
    789, 899, 1009, 1191, 1192, 1193, 1194, 1195, 19, 129, 239, 349, 459, 
    569, 679, 789, 899, 1009, 1191, 1192, 1193, 1194, 1195, 20, 130, 240, 
    350, 460, 570, 680, 790, 900, 1010, 1196, 1197, 1198, 1199, 1200, 20, 
    130, 240, 350, 460, 570, 680, 790, 900, 1010, 1196, 1197, 1198, 1199, 
    1200, 21, 131, 241, 351, 461, 571, 681, 791, 901, 1011, 1201, 1202, 1203, 
    1204, 1205, 21, 131, 241, 351, 461, 571, 681, 791, 901, 1011, 1201, 1202, 
    1203, 1204, 1205, 22, 132, 242, 352, 462, 572, 682, 792, 902, 1012, 1206, 
    1207, 1208, 1209, 1210, 22, 132, 242, 352, 462, 572, 682, 792, 902, 1012, 
    1206, 1207, 1208, 1209, 1210, 23, 133, 243, 353, 463, 573, 683, 793, 903, 
    1013, 1211, 1212, 1213, 1214, 1215, 23, 133, 243, 353, 463, 573, 683, 
    793, 903, 1013, 1211, 1212, 1213, 1214, 1215, 24, 134, 244, 354, 464, 
    574, 684, 794, 904, 1014, 1216, 1217, 1218, 1219, 1220, 24, 134, 244, 
    354, 464, 574, 684, 794, 904, 1014, 1216, 1217, 1218, 1219, 1220, 25, 
    135, 245, 355, 465, 575, 685, 795, 905, 1015, 1221, 1222, 1223, 1224, 
    1225, 25, 135, 245, 355, 465, 575, 685, 795, 905, 1015, 1221, 1222, 1223, 
    1224, 1225, 26, 136, 246, 356, 466, 576, 686, 796, 906, 1016, 1226, 1227, 
    1228, 1229, 1230, 26, 136, 246, 356, 466, 576, 686, 796, 906, 1016, 1226, 
    1227, 1228, 1229, 1230, 27, 137, 247, 357, 467, 577, 687, 797, 907, 1017, 
    1231, 1232, 1233, 1234, 1235, 27, 137, 247, 357, 467, 577, 687, 797, 907, 
    1017, 1231, 1232, 1233, 1234, 1235, 28, 138, 248, 358, 468, 578, 688, 
    798, 908, 1018, 1236, 1237, 1238, 1239, 1240, 28, 138, 248, 358, 468, 
    578, 688, 798, 908, 1018, 1236, 1237, 1238, 1239, 1240, 29, 139, 249, 
    359, 469, 579, 689, 799, 909, 1019, 1241, 1242, 1243, 1244, 1245, 29, 
    139, 249, 359, 469, 579, 689, 799, 909, 1019, 1241, 1242, 1243, 1244, 
    1245, 30, 140, 250, 360, 470, 580, 690, 800, 910, 1020, 1246, 1247, 1248, 
    1249, 1250, 30, 140, 250, 360, 470, 580, 690, 800, 910, 1020, 1246, 1247, 
    1248, 1249, 1250, 31, 141, 251, 361, 471, 581, 691, 801, 911, 1021, 1251, 
    1252, 1253, 1254, 1255, 31, 141, 251, 361, 471, 581, 691, 801, 911, 1021, 
    1251, 1252, 1253, 1254, 1255, 32, 142, 252, 362, 472, 582, 692, 802, 912, 
    1022, 1256, 1257, 1258, 1259, 1260, 32, 142, 252, 362, 472, 582, 692, 
    802, 912, 1022, 1256, 1257, 1258, 1259, 1260, 33, 143, 253, 363, 473, 
    583, 693, 803, 913, 1023, 1261, 1262, 1263, 1264, 1265, 33, 143, 253, 
    363, 473, 583, 693, 803, 913, 1023, 1261, 1262, 1263, 1264, 1265, 34, 
    144, 254, 364, 474, 584, 694, 804, 914, 1024, 1266, 1267, 1268, 1269, 
    1270, 34, 144, 254, 364, 474, 584, 694, 804, 914, 1024, 1266, 1267, 1268, 
    1269, 1270, 35, 145, 255, 365, 475, 585, 695, 805, 915, 1025, 1271, 1272, 
    1273, 1274, 1275, 35, 145, 255, 365, 475, 585, 695, 805, 915, 1025, 1271, 
    1272, 1273, 1274, 1275, 36, 146, 256, 366, 476, 586, 696, 806, 916, 1026, 
    1276, 1277, 1278, 1279, 1280, 36, 146, 256, 366, 476, 586, 696, 806, 916, 
    1026, 1276, 1277, 1278, 1279, 1280, 37, 147, 257, 367, 477, 587, 697, 
    807, 917, 1027, 1281, 1282, 1283, 1284, 1285, 37, 147, 257, 367, 477, 
    587, 697, 807, 917, 1027, 1281, 1282, 1283, 1284, 1285, 38, 148, 258, 
    368, 478, 588, 698, 808, 918, 1028, 1286, 1287, 1288, 1289, 1290, 38, 
    148, 258, 368, 478, 588, 698, 808, 918, 1028, 1286, 1287, 1288, 1289, 
    1290, 39, 149, 259, 369, 479, 589, 699, 809, 919, 1029, 1291, 1292, 1293, 
    1294, 1295, 39, 149, 259, 369, 479, 589, 699, 809, 919, 1029, 1291, 1292, 
    1293, 1294, 1295, 40, 150, 260, 370, 480, 590, 700, 810, 920, 1030, 1296, 
    1297, 1298, 1299, 1300, 40, 150, 260, 370, 480, 590, 700, 810, 920, 1030, 
    1296, 1297, 1298, 1299, 1300, 41, 151, 261, 371, 481, 591, 701, 811, 921, 
    1031, 1301, 1302, 1303, 1304, 1305, 41, 151, 261, 371, 481, 591, 701, 
    811, 921, 1031, 1301, 1302, 1303, 1304, 1305, 42, 152, 262, 372, 482, 
    592, 702, 812, 922, 1032, 1306, 1307, 1308, 1309, 1310, 42, 152, 262, 
    372, 482, 592, 702, 812, 922, 1032, 1306, 1307, 1308, 1309, 1310, 43, 
    153, 263, 373, 483, 593, 703, 813, 923, 1033, 1311, 1312, 1313, 1314, 
    1315, 43, 153, 263, 373, 483, 593, 703, 813, 923, 1033, 1311, 1312, 1313, 
    1314, 1315, 44, 154, 264, 374, 484, 594, 704, 814, 924, 1034, 1316, 1317, 
    1318, 1319, 1320, 44, 154, 264, 374, 484, 594, 704, 814, 924, 1034, 1316, 
    1317, 1318, 1319, 1320, 45, 155, 265, 375, 485, 595, 705, 815, 925, 1035, 
    1321, 1322, 1323, 1324, 1325, 45, 155, 265, 375, 485, 595, 705, 815, 925, 
    1035, 1321, 1322, 1323, 1324, 1325, 46, 156, 266, 376, 486, 596, 706, 
    816, 926, 1036, 1326, 1327, 1328, 1329, 1330, 46, 156, 266, 376, 486, 
    596, 706, 816, 926, 1036, 1326, 1327, 1328, 1329, 1330, 47, 157, 267, 
    377, 487, 597, 707, 817, 927, 1037, 1331, 1332, 1333, 1334, 1335, 47, 
    157, 267, 377, 487, 597, 707, 817, 927, 1037, 1331, 1332, 1333, 1334, 
    1335, 48, 158, 268, 378, 488, 598, 708, 818, 928, 1038, 1336, 1337, 1338, 
    1339, 1340, 48, 158, 268, 378, 488, 598, 708, 818, 928, 1038, 1336, 1337, 
    1338, 1339, 1340, 49, 159, 269, 379, 489, 599, 709, 819, 929, 1039, 1341, 
    1342, 1343, 1344, 1345, 49, 159, 269, 379, 489, 599, 709, 819, 929, 1039, 
    1341, 1342, 1343, 1344, 1345, 50, 160, 270, 380, 490, 600, 710, 820, 930, 
    1040, 1346, 1347, 1348, 1349, 1350, 50, 160, 270, 380, 490, 600, 710, 
    820, 930, 1040, 1346, 1347, 1348, 1349, 1350, 51, 161, 271, 381, 491, 
    601, 711, 821, 931, 1041, 1351, 1352, 1353, 1354, 1355, 51, 161, 271, 
    381, 491, 601, 711, 821, 931, 1041, 1351, 1352, 1353, 1354, 1355, 52, 
    162, 272, 382, 492, 602, 712, 822, 932, 1042, 1356, 1357, 1358, 1359, 
    1360, 52, 162, 272, 382, 492, 602, 712, 822, 932, 1042, 1356, 1357, 1358, 
    1359, 1360, 53, 163, 273, 383, 493, 603, 713, 823, 933, 1043, 1361, 1362, 
    1363, 1364, 1365, 53, 163, 273, 383, 493, 603, 713, 823, 933, 1043, 1361, 
    1362, 1363, 1364, 1365, 54, 164, 274, 384, 494, 604, 714, 824, 934, 1044, 
    1366, 1367, 1368, 1369, 1370, 54, 164, 274, 384, 494, 604, 714, 824, 934, 
    1044, 1366, 1367, 1368, 1369, 1370, 55, 165, 275, 385, 495, 605, 715, 
    825, 935, 1045, 1371, 1372, 1373, 1374, 1375, 55, 165, 275, 385, 495, 
    605, 715, 825, 935, 1045, 1371, 1372, 1373, 1374, 1375, 56, 166, 276, 
    386, 496, 606, 716, 826, 936, 1046, 1376, 1377, 1378, 1379, 1380, 56, 
    166, 276, 386, 496, 606, 716, 826, 936, 1046, 1376, 1377, 1378, 1379, 
    1380, 57, 167, 277, 387, 497, 607, 717, 827, 937, 1047, 1381, 1382, 1383, 
    1384, 1385, 57, 167, 277, 387, 497, 607, 717, 827, 937, 1047, 1381, 1382, 
    1383, 1384, 1385, 58, 168, 278, 388, 498, 608, 718, 828, 938, 1048, 1386, 
    1387, 1388, 1389, 1390, 58, 168, 278, 388, 498, 608, 718, 828, 938, 1048, 
    1386, 1387, 1388, 1389, 1390, 59, 169, 279, 389, 499, 609, 719, 829, 939, 
    1049, 1391, 1392, 1393, 1394, 1395, 59, 169, 279, 389, 499, 609, 719, 
    829, 939, 1049, 1391, 1392, 1393, 1394, 1395, 60, 170, 280, 390, 500, 
    610, 720, 830, 940, 1050, 1396, 1397, 1398, 1399, 1400, 60, 170, 280, 
    390, 500, 610, 720, 830, 940, 1050, 1396, 1397, 1398, 1399, 1400, 61, 
    171, 281, 391, 501, 611, 721, 831, 941, 1051, 1401, 1402, 1403, 1404, 
    1405, 61, 171, 281, 391, 501, 611, 721, 831, 941, 1051, 1401, 1402, 1403, 
    1404, 1405, 62, 172, 282, 392, 502, 612, 722, 832, 942, 1052, 1406, 1407, 
    1408, 1409, 1410, 62, 172, 282, 392, 502, 612, 722, 832, 942, 1052, 1406, 
    1407, 1408, 1409, 1410, 63, 173, 283, 393, 503, 613, 723, 833, 943, 1053, 
    1411, 1412, 1413, 1414, 1415, 63, 173, 283, 393, 503, 613, 723, 833, 943, 
    1053, 1411, 1412, 1413, 1414, 1415, 64, 174, 284, 394, 504, 614, 724, 
    834, 944, 1054, 1416, 1417, 1418, 1419, 1420, 64, 174, 284, 394, 504, 
    614, 724, 834, 944, 1054, 1416, 1417, 1418, 1419, 1420, 65, 175, 285, 
    395, 505, 615, 725, 835, 945, 1055, 1421, 1422, 1423, 1424, 1425, 65, 
    175, 285, 395, 505, 615, 725, 835, 945, 1055, 1421, 1422, 1423, 1424, 
    1425, 66, 176, 286, 396, 506, 616, 726, 836, 946, 1056, 1426, 1427, 1428, 
    1429, 1430, 66, 176, 286, 396, 506, 616, 726, 836, 946, 1056, 1426, 1427, 
    1428, 1429, 1430, 67, 177, 287, 397, 507, 617, 727, 837, 947, 1057, 1431, 
    1432, 1433, 1434, 1435, 67, 177, 287, 397, 507, 617, 727, 837, 947, 1057, 
    1431, 1432, 1433, 1434, 1435, 68, 178, 288, 398, 508, 618, 728, 838, 948, 
    1058, 1436, 1437, 1438, 1439, 1440, 68, 178, 288, 398, 508, 618, 728, 
    838, 948, 1058, 1436, 1437, 1438, 1439, 1440, 69, 179, 289, 399, 509, 
    619, 729, 839, 949, 1059, 1441, 1442, 1443, 1444, 1445, 69, 179, 289, 
    399, 509, 619, 729, 839, 949, 1059, 1441, 1442, 1443, 1444, 1445, 70, 
    180, 290, 400, 510, 620, 730, 840, 950, 1060, 1446, 1447, 1448, 1449, 
    1450, 70, 180, 290, 400, 510, 620, 730, 840, 950, 1060, 1446, 1447, 1448, 
    1449, 1450, 71, 181, 291, 401, 511, 621, 731, 841, 951, 1061, 1451, 1452, 
    1453, 1454, 1455, 71, 181, 291, 401, 511, 621, 731, 841, 951, 1061, 1451, 
    1452, 1453, 1454, 1455, 72, 182, 292, 402, 512, 622, 732, 842, 952, 1062, 
    1456, 1457, 1458, 1459, 1460, 72, 182, 292, 402, 512, 622, 732, 842, 952, 
    1062, 1456, 1457, 1458, 1459, 1460, 73, 183, 293, 403, 513, 623, 733, 
    843, 953, 1063, 1461, 1462, 1463, 1464, 1465, 73, 183, 293, 403, 513, 
    623, 733, 843, 953, 1063, 1461, 1462, 1463, 1464, 1465, 74, 184, 294, 
    404, 514, 624, 734, 844, 954, 1064, 1466, 1467, 1468, 1469, 1470, 74, 
    184, 294, 404, 514, 624, 734, 844, 954, 1064, 1466, 1467, 1468, 1469, 
    1470, 75, 185, 295, 405, 515, 625, 735, 845, 955, 1065, 1471, 1472, 1473, 
    1474, 1475, 75, 185, 295, 405, 515, 625, 735, 845, 955, 1065, 1471, 1472, 
    1473, 1474, 1475, 76, 186, 296, 406, 516, 626, 736, 846, 956, 1066, 1476, 
    1477, 1478, 1479, 1480, 76, 186, 296, 406, 516, 626, 736, 846, 956, 1066, 
    1476, 1477, 1478, 1479, 1480, 77, 187, 297, 407, 517, 627, 737, 847, 957, 
    1067, 1481, 1482, 1483, 1484, 1485, 77, 187, 297, 407, 517, 627, 737, 
    847, 957, 1067, 1481, 1482, 1483, 1484, 1485, 78, 188, 298, 408, 518, 
    628, 738, 848, 958, 1068, 1486, 1487, 1488, 1489, 1490, 78, 188, 298, 
    408, 518, 628, 738, 848, 958, 1068, 1486, 1487, 1488, 1489, 1490, 79, 
    189, 299, 409, 519, 629, 739, 849, 959, 1069, 1491, 1492, 1493, 1494, 
    1495, 79, 189, 299, 409, 519, 629, 739, 849, 959, 1069, 1491, 1492, 1493, 
    1494, 1495, 80, 190, 300, 410, 520, 630, 740, 850, 960, 1070, 1496, 1497, 
    1498, 1499, 1500, 80, 190, 300, 410, 520, 630, 740, 850, 960, 1070, 1496, 
    1497, 1498, 1499, 1500, 81, 191, 301, 411, 521, 631, 741, 851, 961, 1071, 
    1501, 1502, 1503, 1504, 1505, 81, 191, 301, 411, 521, 631, 741, 851, 961, 
    1071, 1501, 1502, 1503, 1504, 1505, 82, 192, 302, 412, 522, 632, 742, 
    852, 962, 1072, 1506, 1507, 1508, 1509, 1510, 82, 192, 302, 412, 522, 
    632, 742, 852, 962, 1072, 1506, 1507, 1508, 1509, 1510, 83, 193, 303, 
    413, 523, 633, 743, 853, 963, 1073, 1511, 1512, 1513, 1514, 1515, 83, 
    193, 303, 413, 523, 633, 743, 853, 963, 1073, 1511, 1512, 1513, 1514, 
    1515, 84, 194, 304, 414, 524, 634, 744, 854, 964, 1074, 1516, 1517, 1518, 
    1519, 1520, 84, 194, 304, 414, 524, 634, 744, 854, 964, 1074, 1516, 1517, 
    1518, 1519, 1520, 85, 195, 305, 415, 525, 635, 745, 855, 965, 1075, 1521, 
    1522, 1523, 1524, 1525, 85, 195, 305, 415, 525, 635, 745, 855, 965, 1075, 
    1521, 1522, 1523, 1524, 1525, 86, 196, 306, 416, 526, 636, 746, 856, 966, 
    1076, 1526, 1527, 1528, 1529, 1530, 86, 196, 306, 416, 526, 636, 746, 
    856, 966, 1076, 1526, 1527, 1528, 1529, 1530, 87, 197, 307, 417, 527, 
    637, 747, 857, 967, 1077, 1531, 1532, 1533, 1534, 1535, 87, 197, 307, 
    417, 527, 637, 747, 857, 967, 1077, 1531, 1532, 1533, 1534, 1535, 88, 
    198, 308, 418, 528, 638, 748, 858, 968, 1078, 1536, 1537, 1538, 1539, 
    1540, 88, 198, 308, 418, 528, 638, 748, 858, 968, 1078, 1536, 1537, 1538, 
    1539, 1540, 89, 199, 309, 419, 529, 639, 749, 859, 969, 1079, 1541, 1542, 
    1543, 1544, 1545, 89, 199, 309, 419, 529, 639, 749, 859, 969, 1079, 1541, 
    1542, 1543, 1544, 1545, 90, 200, 310, 420, 530, 640, 750, 860, 970, 1080, 
    1546, 1547, 1548, 1549, 1550, 90, 200, 310, 420, 530, 640, 750, 860, 970, 
    1080, 1546, 1547, 1548, 1549, 1550, 91, 201, 311, 421, 531, 641, 751, 
    861, 971, 1081, 1551, 1552, 1553, 1554, 1555, 91, 201, 311, 421, 531, 
    641, 751, 861, 971, 1081, 1551, 1552, 1553, 1554, 1555, 92, 202, 312, 
    422, 532, 642, 752, 862, 972, 1082, 1556, 1557, 1558, 1559, 1560, 92, 
    202, 312, 422, 532, 642, 752, 862, 972, 1082, 1556, 1557, 1558, 1559, 
    1560, 93, 203, 313, 423, 533, 643, 753, 863, 973, 1083, 1561, 1562, 1563, 
    1564, 1565, 93, 203, 313, 423, 533, 643, 753, 863, 973, 1083, 1561, 1562, 
    1563, 1564, 1565, 94, 204, 314, 424, 534, 644, 754, 864, 974, 1084, 1566, 
    1567, 1568, 1569, 1570, 94, 204, 314, 424, 534, 644, 754, 864, 974, 1084, 
    1566, 1567, 1568, 1569, 1570, 95, 205, 315, 425, 535, 645, 755, 865, 975, 
    1085, 1571, 1572, 1573, 1574, 1575, 95, 205, 315, 425, 535, 645, 755, 
    865, 975, 1085, 1571, 1572, 1573, 1574, 1575, 96, 206, 316, 426, 536, 
    646, 756, 866, 976, 1086, 1576, 1577, 1578, 1579, 1580, 96, 206, 316, 
    426, 536, 646, 756, 866, 976, 1086, 1576, 1577, 1578, 1579, 1580, 97, 
    207, 317, 427, 537, 647, 757, 867, 977, 1087, 1581, 1582, 1583, 1584, 
    1585, 97, 207, 317, 427, 537, 647, 757, 867, 977, 1087, 1581, 1582, 1583, 
    1584, 1585, 98, 208, 318, 428, 538, 648, 758, 868, 978, 1088, 1586, 1587, 
    1588, 1589, 1590, 98, 208, 318, 428, 538, 648, 758, 868, 978, 1088, 1586, 
    1587, 1588, 1589, 1590, 99, 209, 319, 429, 539, 649, 759, 869, 979, 1089, 
    1591, 1592, 1593, 1594, 1595, 99, 209, 319, 429, 539, 649, 759, 869, 979, 
    1089, 1591, 1592, 1593, 1594, 1595, 100, 210, 320, 430, 540, 650, 760, 
    870, 980, 1090, 1596, 1597, 1598, 1599, 1600, 100, 210, 320, 430, 540, 
    650, 760, 870, 980, 1090, 1596, 1597, 1598, 1599, 1600, 101, 211, 321, 
    431, 541, 651, 761, 871, 981, 1091, 1601, 1602, 1603, 1604, 1605, 101, 
    211, 321, 431, 541, 651, 761, 871, 981, 1091, 1601, 1602, 1603, 1604, 
    1605, 102, 212, 322, 432, 542, 652, 762, 872, 982, 1092, 1606, 1607, 
    1608, 1609, 1610, 102, 212, 322, 432, 542, 652, 762, 872, 982, 1092, 
    1606, 1607, 1608, 1609, 1610, 103, 213, 323, 433, 543, 653, 763, 873, 
    983, 1093, 1611, 1612, 1613, 1614, 1615, 103, 213, 323, 433, 543, 653, 
    763, 873, 983, 1093, 1611, 1612, 1613, 1614, 1615, 104, 214, 324, 434, 
    544, 654, 764, 874, 984, 1094, 1616, 1617, 1618, 1619, 1620, 104, 214, 
    324, 434, 544, 654, 764, 874, 984, 1094, 1616, 1617, 1618, 1619, 1620, 
    105, 215, 325, 435, 545, 655, 765, 875, 985, 1095, 1621, 1622, 1623, 
    1624, 1625, 105, 215, 325, 435, 545, 655, 765, 875, 985, 1095, 1621, 
    1622, 1623, 1624, 1625, 106, 216, 326, 436, 546, 656, 766, 876, 986, 
    1096, 1626, 1627, 1628, 1629, 1630, 106, 216, 326, 436, 546, 656, 766, 
    876, 986, 1096, 1626, 1627, 1628, 1629, 1630, 107, 217, 327, 437, 547, 
    657, 767, 877, 987, 1097, 1631, 1632, 1633, 1634, 1635, 107, 217, 327, 
    437, 547, 657, 767, 877, 987, 1097, 1631, 1632, 1633, 1634, 1635, 108, 
    218, 328, 438, 548, 658, 768, 878, 988, 1098, 1636, 1637, 1638, 1639, 
    1640, 108, 218, 328, 438, 548, 658, 768, 878, 988, 1098, 1636, 1637, 
    1638, 1639, 1640, 109, 219, 329, 439, 549, 659, 769, 879, 989, 1099, 
    1641, 1642, 1643, 1644, 1645, 109, 219, 329, 439, 549, 659, 769, 879, 
    989, 1099, 1641, 1642, 1643, 1644, 1645, 110, 220, 330, 440, 550, 660, 
    770, 880, 990, 1100, 1646, 1647, 1648, 1649, 1650, 110, 220, 330, 440, 
    550, 660, 770, 880, 990, 1100, 1646, 1647, 1648, 1649, 1650, 110, 220, 
    330, 440, 550, 660, 770, 880, 990, 1100, 1646, 1647, 1648, 1649, 1650 ;

 side_ss3 = 3, 3, 3, 3, 3, 3, 3, 3, 3, 3, 3, 3, 3, 3, 3, 5, 5, 5, 5, 5, 5, 5, 
    5, 5, 5, 5, 5, 5, 5, 5, 6, 6, 6, 6, 6, 6, 6, 6, 6, 6, 6, 6, 6, 6, 6, 3, 
    3, 3, 3, 3, 3, 3, 3, 3, 3, 3, 3, 3, 3, 3, 5, 5, 5, 5, 5, 5, 5, 5, 5, 5, 
    5, 5, 5, 5, 5, 3, 3, 3, 3, 3, 3, 3, 3, 3, 3, 3, 3, 3, 3, 3, 5, 5, 5, 5, 
    5, 5, 5, 5, 5, 5, 5, 5, 5, 5, 5, 3, 3, 3, 3, 3, 3, 3, 3, 3, 3, 3, 3, 3, 
    3, 3, 5, 5, 5, 5, 5, 5, 5, 5, 5, 5, 5, 5, 5, 5, 5, 3, 3, 3, 3, 3, 3, 3, 
    3, 3, 3, 3, 3, 3, 3, 3, 5, 5, 5, 5, 5, 5, 5, 5, 5, 5, 5, 5, 5, 5, 5, 3, 
    3, 3, 3, 3, 3, 3, 3, 3, 3, 3, 3, 3, 3, 3, 5, 5, 5, 5, 5, 5, 5, 5, 5, 5, 
    5, 5, 5, 5, 5, 3, 3, 3, 3, 3, 3, 3, 3, 3, 3, 3, 3, 3, 3, 3, 5, 5, 5, 5, 
    5, 5, 5, 5, 5, 5, 5, 5, 5, 5, 5, 3, 3, 3, 3, 3, 3, 3, 3, 3, 3, 3, 3, 3, 
    3, 3, 5, 5, 5, 5, 5, 5, 5, 5, 5, 5, 5, 5, 5, 5, 5, 3, 3, 3, 3, 3, 3, 3, 
    3, 3, 3, 3, 3, 3, 3, 3, 5, 5, 5, 5, 5, 5, 5, 5, 5, 5, 5, 5, 5, 5, 5, 3, 
    3, 3, 3, 3, 3, 3, 3, 3, 3, 3, 3, 3, 3, 3, 5, 5, 5, 5, 5, 5, 5, 5, 5, 5, 
    5, 5, 5, 5, 5, 3, 3, 3, 3, 3, 3, 3, 3, 3, 3, 3, 3, 3, 3, 3, 5, 5, 5, 5, 
    5, 5, 5, 5, 5, 5, 5, 5, 5, 5, 5, 3, 3, 3, 3, 3, 3, 3, 3, 3, 3, 3, 3, 3, 
    3, 3, 5, 5, 5, 5, 5, 5, 5, 5, 5, 5, 5, 5, 5, 5, 5, 3, 3, 3, 3, 3, 3, 3, 
    3, 3, 3, 3, 3, 3, 3, 3, 5, 5, 5, 5, 5, 5, 5, 5, 5, 5, 5, 5, 5, 5, 5, 3, 
    3, 3, 3, 3, 3, 3, 3, 3, 3, 3, 3, 3, 3, 3, 5, 5, 5, 5, 5, 5, 5, 5, 5, 5, 
    5, 5, 5, 5, 5, 3, 3, 3, 3, 3, 3, 3, 3, 3, 3, 3, 3, 3, 3, 3, 5, 5, 5, 5, 
    5, 5, 5, 5, 5, 5, 5, 5, 5, 5, 5, 3, 3, 3, 3, 3, 3, 3, 3, 3, 3, 3, 3, 3, 
    3, 3, 5, 5, 5, 5, 5, 5, 5, 5, 5, 5, 5, 5, 5, 5, 5, 3, 3, 3, 3, 3, 3, 3, 
    3, 3, 3, 3, 3, 3, 3, 3, 5, 5, 5, 5, 5, 5, 5, 5, 5, 5, 5, 5, 5, 5, 5, 3, 
    3, 3, 3, 3, 3, 3, 3, 3, 3, 3, 3, 3, 3, 3, 5, 5, 5, 5, 5, 5, 5, 5, 5, 5, 
    5, 5, 5, 5, 5, 3, 3, 3, 3, 3, 3, 3, 3, 3, 3, 3, 3, 3, 3, 3, 5, 5, 5, 5, 
    5, 5, 5, 5, 5, 5, 5, 5, 5, 5, 5, 3, 3, 3, 3, 3, 3, 3, 3, 3, 3, 3, 3, 3, 
    3, 3, 5, 5, 5, 5, 5, 5, 5, 5, 5, 5, 5, 5, 5, 5, 5, 3, 3, 3, 3, 3, 3, 3, 
    3, 3, 3, 3, 3, 3, 3, 3, 5, 5, 5, 5, 5, 5, 5, 5, 5, 5, 5, 5, 5, 5, 5, 3, 
    3, 3, 3, 3, 3, 3, 3, 3, 3, 3, 3, 3, 3, 3, 5, 5, 5, 5, 5, 5, 5, 5, 5, 5, 
    5, 5, 5, 5, 5, 3, 3, 3, 3, 3, 3, 3, 3, 3, 3, 3, 3, 3, 3, 3, 5, 5, 5, 5, 
    5, 5, 5, 5, 5, 5, 5, 5, 5, 5, 5, 3, 3, 3, 3, 3, 3, 3, 3, 3, 3, 3, 3, 3, 
    3, 3, 5, 5, 5, 5, 5, 5, 5, 5, 5, 5, 5, 5, 5, 5, 5, 3, 3, 3, 3, 3, 3, 3, 
    3, 3, 3, 3, 3, 3, 3, 3, 5, 5, 5, 5, 5, 5, 5, 5, 5, 5, 5, 5, 5, 5, 5, 3, 
    3, 3, 3, 3, 3, 3, 3, 3, 3, 3, 3, 3, 3, 3, 5, 5, 5, 5, 5, 5, 5, 5, 5, 5, 
    5, 5, 5, 5, 5, 3, 3, 3, 3, 3, 3, 3, 3, 3, 3, 3, 3, 3, 3, 3, 5, 5, 5, 5, 
    5, 5, 5, 5, 5, 5, 5, 5, 5, 5, 5, 3, 3, 3, 3, 3, 3, 3, 3, 3, 3, 3, 3, 3, 
    3, 3, 5, 5, 5, 5, 5, 5, 5, 5, 5, 5, 5, 5, 5, 5, 5, 3, 3, 3, 3, 3, 3, 3, 
    3, 3, 3, 3, 3, 3, 3, 3, 5, 5, 5, 5, 5, 5, 5, 5, 5, 5, 5, 5, 5, 5, 5, 3, 
    3, 3, 3, 3, 3, 3, 3, 3, 3, 3, 3, 3, 3, 3, 5, 5, 5, 5, 5, 5, 5, 5, 5, 5, 
    5, 5, 5, 5, 5, 3, 3, 3, 3, 3, 3, 3, 3, 3, 3, 3, 3, 3, 3, 3, 5, 5, 5, 5, 
    5, 5, 5, 5, 5, 5, 5, 5, 5, 5, 5, 3, 3, 3, 3, 3, 3, 3, 3, 3, 3, 3, 3, 3, 
    3, 3, 5, 5, 5, 5, 5, 5, 5, 5, 5, 5, 5, 5, 5, 5, 5, 3, 3, 3, 3, 3, 3, 3, 
    3, 3, 3, 3, 3, 3, 3, 3, 5, 5, 5, 5, 5, 5, 5, 5, 5, 5, 5, 5, 5, 5, 5, 3, 
    3, 3, 3, 3, 3, 3, 3, 3, 3, 3, 3, 3, 3, 3, 5, 5, 5, 5, 5, 5, 5, 5, 5, 5, 
    5, 5, 5, 5, 5, 3, 3, 3, 3, 3, 3, 3, 3, 3, 3, 3, 3, 3, 3, 3, 5, 5, 5, 5, 
    5, 5, 5, 5, 5, 5, 5, 5, 5, 5, 5, 3, 3, 3, 3, 3, 3, 3, 3, 3, 3, 3, 3, 3, 
    3, 3, 5, 5, 5, 5, 5, 5, 5, 5, 5, 5, 5, 5, 5, 5, 5, 3, 3, 3, 3, 3, 3, 3, 
    3, 3, 3, 3, 3, 3, 3, 3, 5, 5, 5, 5, 5, 5, 5, 5, 5, 5, 5, 5, 5, 5, 5, 3, 
    3, 3, 3, 3, 3, 3, 3, 3, 3, 3, 3, 3, 3, 3, 5, 5, 5, 5, 5, 5, 5, 5, 5, 5, 
    5, 5, 5, 5, 5, 3, 3, 3, 3, 3, 3, 3, 3, 3, 3, 3, 3, 3, 3, 3, 5, 5, 5, 5, 
    5, 5, 5, 5, 5, 5, 5, 5, 5, 5, 5, 3, 3, 3, 3, 3, 3, 3, 3, 3, 3, 3, 3, 3, 
    3, 3, 5, 5, 5, 5, 5, 5, 5, 5, 5, 5, 5, 5, 5, 5, 5, 3, 3, 3, 3, 3, 3, 3, 
    3, 3, 3, 3, 3, 3, 3, 3, 5, 5, 5, 5, 5, 5, 5, 5, 5, 5, 5, 5, 5, 5, 5, 3, 
    3, 3, 3, 3, 3, 3, 3, 3, 3, 3, 3, 3, 3, 3, 5, 5, 5, 5, 5, 5, 5, 5, 5, 5, 
    5, 5, 5, 5, 5, 3, 3, 3, 3, 3, 3, 3, 3, 3, 3, 3, 3, 3, 3, 3, 5, 5, 5, 5, 
    5, 5, 5, 5, 5, 5, 5, 5, 5, 5, 5, 3, 3, 3, 3, 3, 3, 3, 3, 3, 3, 3, 3, 3, 
    3, 3, 5, 5, 5, 5, 5, 5, 5, 5, 5, 5, 5, 5, 5, 5, 5, 3, 3, 3, 3, 3, 3, 3, 
    3, 3, 3, 3, 3, 3, 3, 3, 5, 5, 5, 5, 5, 5, 5, 5, 5, 5, 5, 5, 5, 5, 5, 3, 
    3, 3, 3, 3, 3, 3, 3, 3, 3, 3, 3, 3, 3, 3, 5, 5, 5, 5, 5, 5, 5, 5, 5, 5, 
    5, 5, 5, 5, 5, 3, 3, 3, 3, 3, 3, 3, 3, 3, 3, 3, 3, 3, 3, 3, 5, 5, 5, 5, 
    5, 5, 5, 5, 5, 5, 5, 5, 5, 5, 5, 3, 3, 3, 3, 3, 3, 3, 3, 3, 3, 3, 3, 3, 
    3, 3, 5, 5, 5, 5, 5, 5, 5, 5, 5, 5, 5, 5, 5, 5, 5, 3, 3, 3, 3, 3, 3, 3, 
    3, 3, 3, 3, 3, 3, 3, 3, 5, 5, 5, 5, 5, 5, 5, 5, 5, 5, 5, 5, 5, 5, 5, 3, 
    3, 3, 3, 3, 3, 3, 3, 3, 3, 3, 3, 3, 3, 3, 5, 5, 5, 5, 5, 5, 5, 5, 5, 5, 
    5, 5, 5, 5, 5, 3, 3, 3, 3, 3, 3, 3, 3, 3, 3, 3, 3, 3, 3, 3, 5, 5, 5, 5, 
    5, 5, 5, 5, 5, 5, 5, 5, 5, 5, 5, 3, 3, 3, 3, 3, 3, 3, 3, 3, 3, 3, 3, 3, 
    3, 3, 5, 5, 5, 5, 5, 5, 5, 5, 5, 5, 5, 5, 5, 5, 5, 3, 3, 3, 3, 3, 3, 3, 
    3, 3, 3, 3, 3, 3, 3, 3, 5, 5, 5, 5, 5, 5, 5, 5, 5, 5, 5, 5, 5, 5, 5, 3, 
    3, 3, 3, 3, 3, 3, 3, 3, 3, 3, 3, 3, 3, 3, 5, 5, 5, 5, 5, 5, 5, 5, 5, 5, 
    5, 5, 5, 5, 5, 3, 3, 3, 3, 3, 3, 3, 3, 3, 3, 3, 3, 3, 3, 3, 5, 5, 5, 5, 
    5, 5, 5, 5, 5, 5, 5, 5, 5, 5, 5, 3, 3, 3, 3, 3, 3, 3, 3, 3, 3, 3, 3, 3, 
    3, 3, 5, 5, 5, 5, 5, 5, 5, 5, 5, 5, 5, 5, 5, 5, 5, 3, 3, 3, 3, 3, 3, 3, 
    3, 3, 3, 3, 3, 3, 3, 3, 5, 5, 5, 5, 5, 5, 5, 5, 5, 5, 5, 5, 5, 5, 5, 3, 
    3, 3, 3, 3, 3, 3, 3, 3, 3, 3, 3, 3, 3, 3, 5, 5, 5, 5, 5, 5, 5, 5, 5, 5, 
    5, 5, 5, 5, 5, 3, 3, 3, 3, 3, 3, 3, 3, 3, 3, 3, 3, 3, 3, 3, 5, 5, 5, 5, 
    5, 5, 5, 5, 5, 5, 5, 5, 5, 5, 5, 3, 3, 3, 3, 3, 3, 3, 3, 3, 3, 3, 3, 3, 
    3, 3, 5, 5, 5, 5, 5, 5, 5, 5, 5, 5, 5, 5, 5, 5, 5, 3, 3, 3, 3, 3, 3, 3, 
    3, 3, 3, 3, 3, 3, 3, 3, 5, 5, 5, 5, 5, 5, 5, 5, 5, 5, 5, 5, 5, 5, 5, 3, 
    3, 3, 3, 3, 3, 3, 3, 3, 3, 3, 3, 3, 3, 3, 5, 5, 5, 5, 5, 5, 5, 5, 5, 5, 
    5, 5, 5, 5, 5, 3, 3, 3, 3, 3, 3, 3, 3, 3, 3, 3, 3, 3, 3, 3, 5, 5, 5, 5, 
    5, 5, 5, 5, 5, 5, 5, 5, 5, 5, 5, 3, 3, 3, 3, 3, 3, 3, 3, 3, 3, 3, 3, 3, 
    3, 3, 5, 5, 5, 5, 5, 5, 5, 5, 5, 5, 5, 5, 5, 5, 5, 3, 3, 3, 3, 3, 3, 3, 
    3, 3, 3, 3, 3, 3, 3, 3, 5, 5, 5, 5, 5, 5, 5, 5, 5, 5, 5, 5, 5, 5, 5, 3, 
    3, 3, 3, 3, 3, 3, 3, 3, 3, 3, 3, 3, 3, 3, 5, 5, 5, 5, 5, 5, 5, 5, 5, 5, 
    5, 5, 5, 5, 5, 3, 3, 3, 3, 3, 3, 3, 3, 3, 3, 3, 3, 3, 3, 3, 5, 5, 5, 5, 
    5, 5, 5, 5, 5, 5, 5, 5, 5, 5, 5, 3, 3, 3, 3, 3, 3, 3, 3, 3, 3, 3, 3, 3, 
    3, 3, 5, 5, 5, 5, 5, 5, 5, 5, 5, 5, 5, 5, 5, 5, 5, 3, 3, 3, 3, 3, 3, 3, 
    3, 3, 3, 3, 3, 3, 3, 3, 5, 5, 5, 5, 5, 5, 5, 5, 5, 5, 5, 5, 5, 5, 5, 3, 
    3, 3, 3, 3, 3, 3, 3, 3, 3, 3, 3, 3, 3, 3, 5, 5, 5, 5, 5, 5, 5, 5, 5, 5, 
    5, 5, 5, 5, 5, 3, 3, 3, 3, 3, 3, 3, 3, 3, 3, 3, 3, 3, 3, 3, 5, 5, 5, 5, 
    5, 5, 5, 5, 5, 5, 5, 5, 5, 5, 5, 3, 3, 3, 3, 3, 3, 3, 3, 3, 3, 3, 3, 3, 
    3, 3, 5, 5, 5, 5, 5, 5, 5, 5, 5, 5, 5, 5, 5, 5, 5, 3, 3, 3, 3, 3, 3, 3, 
    3, 3, 3, 3, 3, 3, 3, 3, 5, 5, 5, 5, 5, 5, 5, 5, 5, 5, 5, 5, 5, 5, 5, 3, 
    3, 3, 3, 3, 3, 3, 3, 3, 3, 3, 3, 3, 3, 3, 5, 5, 5, 5, 5, 5, 5, 5, 5, 5, 
    5, 5, 5, 5, 5, 3, 3, 3, 3, 3, 3, 3, 3, 3, 3, 3, 3, 3, 3, 3, 5, 5, 5, 5, 
    5, 5, 5, 5, 5, 5, 5, 5, 5, 5, 5, 3, 3, 3, 3, 3, 3, 3, 3, 3, 3, 3, 3, 3, 
    3, 3, 5, 5, 5, 5, 5, 5, 5, 5, 5, 5, 5, 5, 5, 5, 5, 3, 3, 3, 3, 3, 3, 3, 
    3, 3, 3, 3, 3, 3, 3, 3, 5, 5, 5, 5, 5, 5, 5, 5, 5, 5, 5, 5, 5, 5, 5, 3, 
    3, 3, 3, 3, 3, 3, 3, 3, 3, 3, 3, 3, 3, 3, 5, 5, 5, 5, 5, 5, 5, 5, 5, 5, 
    5, 5, 5, 5, 5, 3, 3, 3, 3, 3, 3, 3, 3, 3, 3, 3, 3, 3, 3, 3, 5, 5, 5, 5, 
    5, 5, 5, 5, 5, 5, 5, 5, 5, 5, 5, 3, 3, 3, 3, 3, 3, 3, 3, 3, 3, 3, 3, 3, 
    3, 3, 5, 5, 5, 5, 5, 5, 5, 5, 5, 5, 5, 5, 5, 5, 5, 3, 3, 3, 3, 3, 3, 3, 
    3, 3, 3, 3, 3, 3, 3, 3, 5, 5, 5, 5, 5, 5, 5, 5, 5, 5, 5, 5, 5, 5, 5, 3, 
    3, 3, 3, 3, 3, 3, 3, 3, 3, 3, 3, 3, 3, 3, 5, 5, 5, 5, 5, 5, 5, 5, 5, 5, 
    5, 5, 5, 5, 5, 3, 3, 3, 3, 3, 3, 3, 3, 3, 3, 3, 3, 3, 3, 3, 5, 5, 5, 5, 
    5, 5, 5, 5, 5, 5, 5, 5, 5, 5, 5, 3, 3, 3, 3, 3, 3, 3, 3, 3, 3, 3, 3, 3, 
    3, 3, 5, 5, 5, 5, 5, 5, 5, 5, 5, 5, 5, 5, 5, 5, 5, 3, 3, 3, 3, 3, 3, 3, 
    3, 3, 3, 3, 3, 3, 3, 3, 5, 5, 5, 5, 5, 5, 5, 5, 5, 5, 5, 5, 5, 5, 5, 3, 
    3, 3, 3, 3, 3, 3, 3, 3, 3, 3, 3, 3, 3, 3, 5, 5, 5, 5, 5, 5, 5, 5, 5, 5, 
    5, 5, 5, 5, 5, 3, 3, 3, 3, 3, 3, 3, 3, 3, 3, 3, 3, 3, 3, 3, 5, 5, 5, 5, 
    5, 5, 5, 5, 5, 5, 5, 5, 5, 5, 5, 3, 3, 3, 3, 3, 3, 3, 3, 3, 3, 3, 3, 3, 
    3, 3, 5, 5, 5, 5, 5, 5, 5, 5, 5, 5, 5, 5, 5, 5, 5, 3, 3, 3, 3, 3, 3, 3, 
    3, 3, 3, 3, 3, 3, 3, 3, 5, 5, 5, 5, 5, 5, 5, 5, 5, 5, 5, 5, 5, 5, 5, 3, 
    3, 3, 3, 3, 3, 3, 3, 3, 3, 3, 3, 3, 3, 3, 5, 5, 5, 5, 5, 5, 5, 5, 5, 5, 
    5, 5, 5, 5, 5, 3, 3, 3, 3, 3, 3, 3, 3, 3, 3, 3, 3, 3, 3, 3, 5, 5, 5, 5, 
    5, 5, 5, 5, 5, 5, 5, 5, 5, 5, 5, 3, 3, 3, 3, 3, 3, 3, 3, 3, 3, 3, 3, 3, 
    3, 3, 5, 5, 5, 5, 5, 5, 5, 5, 5, 5, 5, 5, 5, 5, 5, 3, 3, 3, 3, 3, 3, 3, 
    3, 3, 3, 3, 3, 3, 3, 3, 5, 5, 5, 5, 5, 5, 5, 5, 5, 5, 5, 5, 5, 5, 5, 3, 
    3, 3, 3, 3, 3, 3, 3, 3, 3, 3, 3, 3, 3, 3, 5, 5, 5, 5, 5, 5, 5, 5, 5, 5, 
    5, 5, 5, 5, 5, 3, 3, 3, 3, 3, 3, 3, 3, 3, 3, 3, 3, 3, 3, 3, 5, 5, 5, 5, 
    5, 5, 5, 5, 5, 5, 5, 5, 5, 5, 5, 3, 3, 3, 3, 3, 3, 3, 3, 3, 3, 3, 3, 3, 
    3, 3, 5, 5, 5, 5, 5, 5, 5, 5, 5, 5, 5, 5, 5, 5, 5, 3, 3, 3, 3, 3, 3, 3, 
    3, 3, 3, 3, 3, 3, 3, 3, 5, 5, 5, 5, 5, 5, 5, 5, 5, 5, 5, 5, 5, 5, 5, 3, 
    3, 3, 3, 3, 3, 3, 3, 3, 3, 3, 3, 3, 3, 3, 5, 5, 5, 5, 5, 5, 5, 5, 5, 5, 
    5, 5, 5, 5, 5, 3, 3, 3, 3, 3, 3, 3, 3, 3, 3, 3, 3, 3, 3, 3, 5, 5, 5, 5, 
    5, 5, 5, 5, 5, 5, 5, 5, 5, 5, 5, 3, 3, 3, 3, 3, 3, 3, 3, 3, 3, 3, 3, 3, 
    3, 3, 5, 5, 5, 5, 5, 5, 5, 5, 5, 5, 5, 5, 5, 5, 5, 3, 3, 3, 3, 3, 3, 3, 
    3, 3, 3, 3, 3, 3, 3, 3, 5, 5, 5, 5, 5, 5, 5, 5, 5, 5, 5, 5, 5, 5, 5, 3, 
    3, 3, 3, 3, 3, 3, 3, 3, 3, 3, 3, 3, 3, 3, 5, 5, 5, 5, 5, 5, 5, 5, 5, 5, 
    5, 5, 5, 5, 5, 3, 3, 3, 3, 3, 3, 3, 3, 3, 3, 3, 3, 3, 3, 3, 5, 5, 5, 5, 
    5, 5, 5, 5, 5, 5, 5, 5, 5, 5, 5, 3, 3, 3, 3, 3, 3, 3, 3, 3, 3, 3, 3, 3, 
    3, 3, 5, 5, 5, 5, 5, 5, 5, 5, 5, 5, 5, 5, 5, 5, 5, 3, 3, 3, 3, 3, 3, 3, 
    3, 3, 3, 3, 3, 3, 3, 3, 5, 5, 5, 5, 5, 5, 5, 5, 5, 5, 5, 5, 5, 5, 5, 3, 
    3, 3, 3, 3, 3, 3, 3, 3, 3, 3, 3, 3, 3, 3, 5, 5, 5, 5, 5, 5, 5, 5, 5, 5, 
    5, 5, 5, 5, 5, 3, 3, 3, 3, 3, 3, 3, 3, 3, 3, 3, 3, 3, 3, 3, 5, 5, 5, 5, 
    5, 5, 5, 5, 5, 5, 5, 5, 5, 5, 5, 3, 3, 3, 3, 3, 3, 3, 3, 3, 3, 3, 3, 3, 
    3, 3, 5, 5, 5, 5, 5, 5, 5, 5, 5, 5, 5, 5, 5, 5, 5, 3, 3, 3, 3, 3, 3, 3, 
    3, 3, 3, 3, 3, 3, 3, 3, 5, 5, 5, 5, 5, 5, 5, 5, 5, 5, 5, 5, 5, 5, 5, 3, 
    3, 3, 3, 3, 3, 3, 3, 3, 3, 3, 3, 3, 3, 3, 4, 4, 4, 4, 4, 4, 4, 4, 4, 4, 
    4, 4, 4, 4, 4, 5, 5, 5, 5, 5, 5, 5, 5, 5, 5, 5, 5, 5, 5, 5 ;
}
